ISO-10303-21;
HEADER;
FILE_DESCRIPTION(('FreeCAD Model'),'2;1');
FILE_NAME('Open CASCADE Shape Model','2022-07-20T16:15:43',('Author'),(
    ''),'Open CASCADE STEP processor 7.5','FreeCAD','Unknown');
FILE_SCHEMA(('AUTOMOTIVE_DESIGN { 1 0 10303 214 1 1 1 1 }'));
ENDSEC;
DATA;
#1 = APPLICATION_PROTOCOL_DEFINITION('international standard',
  'automotive_design',2000,#2);
#2 = APPLICATION_CONTEXT(
  'core data for automotive mechanical design processes');
#3 = SHAPE_DEFINITION_REPRESENTATION(#4,#10);
#4 = PRODUCT_DEFINITION_SHAPE('','',#5);
#5 = PRODUCT_DEFINITION('design','',#6,#9);
#6 = PRODUCT_DEFINITION_FORMATION('','',#7);
#7 = PRODUCT('encoder','encoder','',(#8));
#8 = PRODUCT_CONTEXT('',#2,'mechanical');
#9 = PRODUCT_DEFINITION_CONTEXT('part definition',#2,'design');
#10 = SHAPE_REPRESENTATION('',(#11,#15,#19),#23);
#11 = AXIS2_PLACEMENT_3D('',#12,#13,#14);
#12 = CARTESIAN_POINT('',(0.,0.,0.));
#13 = DIRECTION('',(0.,0.,1.));
#14 = DIRECTION('',(1.,0.,-0.));
#15 = AXIS2_PLACEMENT_3D('',#16,#17,#18);
#16 = CARTESIAN_POINT('',(0.,0.,0.));
#17 = DIRECTION('',(0.,0.,1.));
#18 = DIRECTION('',(1.,0.,0.));
#19 = AXIS2_PLACEMENT_3D('',#20,#21,#22);
#20 = CARTESIAN_POINT('',(0.,0.,0.));
#21 = DIRECTION('',(0.,0.,1.));
#22 = DIRECTION('',(1.,0.,0.));
#23 = ( GEOMETRIC_REPRESENTATION_CONTEXT(3) 
GLOBAL_UNCERTAINTY_ASSIGNED_CONTEXT((#27)) GLOBAL_UNIT_ASSIGNED_CONTEXT(
(#24,#25,#26)) REPRESENTATION_CONTEXT('Context #1',
  '3D Context with UNIT and UNCERTAINTY') );
#24 = ( LENGTH_UNIT() NAMED_UNIT(*) SI_UNIT(.MILLI.,.METRE.) );
#25 = ( NAMED_UNIT(*) PLANE_ANGLE_UNIT() SI_UNIT($,.RADIAN.) );
#26 = ( NAMED_UNIT(*) SI_UNIT($,.STERADIAN.) SOLID_ANGLE_UNIT() );
#27 = UNCERTAINTY_MEASURE_WITH_UNIT(LENGTH_MEASURE(1.E-07),#24,
  'distance_accuracy_value','confusion accuracy');
#28 = PRODUCT_RELATED_PRODUCT_CATEGORY('part',$,(#7));
#29 = SHAPE_DEFINITION_REPRESENTATION(#30,#36);
#30 = PRODUCT_DEFINITION_SHAPE('','',#31);
#31 = PRODUCT_DEFINITION('design','',#32,#35);
#32 = PRODUCT_DEFINITION_FORMATION('','',#33);
#33 = PRODUCT('Board_Geoms_8295','Board_Geoms_8295','',(#34));
#34 = PRODUCT_CONTEXT('',#2,'mechanical');
#35 = PRODUCT_DEFINITION_CONTEXT('part definition',#2,'design');
#36 = SHAPE_REPRESENTATION('',(#11,#37),#41);
#37 = AXIS2_PLACEMENT_3D('',#38,#39,#40);
#38 = CARTESIAN_POINT('',(-140.,90.,0.));
#39 = DIRECTION('',(0.,0.,1.));
#40 = DIRECTION('',(1.,0.,0.));
#41 = ( GEOMETRIC_REPRESENTATION_CONTEXT(3) 
GLOBAL_UNCERTAINTY_ASSIGNED_CONTEXT((#45)) GLOBAL_UNIT_ASSIGNED_CONTEXT(
(#42,#43,#44)) REPRESENTATION_CONTEXT('Context #1',
  '3D Context with UNIT and UNCERTAINTY') );
#42 = ( LENGTH_UNIT() NAMED_UNIT(*) SI_UNIT(.MILLI.,.METRE.) );
#43 = ( NAMED_UNIT(*) PLANE_ANGLE_UNIT() SI_UNIT($,.RADIAN.) );
#44 = ( NAMED_UNIT(*) SI_UNIT($,.STERADIAN.) SOLID_ANGLE_UNIT() );
#45 = UNCERTAINTY_MEASURE_WITH_UNIT(LENGTH_MEASURE(1.E-07),#42,
  'distance_accuracy_value','confusion accuracy');
#46 = ADVANCED_BREP_SHAPE_REPRESENTATION('',(#11,#47),#445);
#47 = MANIFOLD_SOLID_BREP('',#48);
#48 = CLOSED_SHELL('',(#49,#89,#113,#146,#179,#212,#245,#278,#311,#344,
    #377,#411));
#49 = ADVANCED_FACE('',(#50),#84,.T.);
#50 = FACE_BOUND('',#51,.T.);
#51 = EDGE_LOOP('',(#52,#62,#70,#78));
#52 = ORIENTED_EDGE('',*,*,#53,.T.);
#53 = EDGE_CURVE('',#54,#56,#58,.T.);
#54 = VERTEX_POINT('',#55);
#55 = CARTESIAN_POINT('',(130.83,-103.72,0.));
#56 = VERTEX_POINT('',#57);
#57 = CARTESIAN_POINT('',(130.83,-103.72,-1.6));
#58 = LINE('',#59,#60);
#59 = CARTESIAN_POINT('',(130.83,-103.72,0.));
#60 = VECTOR('',#61,1.);
#61 = DIRECTION('',(0.,0.,-1.));
#62 = ORIENTED_EDGE('',*,*,#63,.T.);
#63 = EDGE_CURVE('',#56,#64,#66,.T.);
#64 = VERTEX_POINT('',#65);
#65 = CARTESIAN_POINT('',(149.17,-103.72,-1.6));
#66 = LINE('',#67,#68);
#67 = CARTESIAN_POINT('',(130.83,-103.72,-1.6));
#68 = VECTOR('',#69,1.);
#69 = DIRECTION('',(1.,0.,0.));
#70 = ORIENTED_EDGE('',*,*,#71,.F.);
#71 = EDGE_CURVE('',#72,#64,#74,.T.);
#72 = VERTEX_POINT('',#73);
#73 = CARTESIAN_POINT('',(149.17,-103.72,0.));
#74 = LINE('',#75,#76);
#75 = CARTESIAN_POINT('',(149.17,-103.72,0.));
#76 = VECTOR('',#77,1.);
#77 = DIRECTION('',(0.,0.,-1.));
#78 = ORIENTED_EDGE('',*,*,#79,.F.);
#79 = EDGE_CURVE('',#54,#72,#80,.T.);
#80 = LINE('',#81,#82);
#81 = CARTESIAN_POINT('',(130.83,-103.72,0.));
#82 = VECTOR('',#83,1.);
#83 = DIRECTION('',(1.,0.,0.));
#84 = PLANE('',#85);
#85 = AXIS2_PLACEMENT_3D('',#86,#87,#88);
#86 = CARTESIAN_POINT('',(130.83,-103.72,0.));
#87 = DIRECTION('',(0.,-1.,0.));
#88 = DIRECTION('',(1.,0.,0.));
#89 = ADVANCED_FACE('',(#90),#108,.T.);
#90 = FACE_BOUND('',#91,.F.);
#91 = EDGE_LOOP('',(#92,#93,#100,#101));
#92 = ORIENTED_EDGE('',*,*,#53,.T.);
#93 = ORIENTED_EDGE('',*,*,#94,.T.);
#94 = EDGE_CURVE('',#56,#64,#95,.T.);
#95 = CIRCLE('',#96,16.505564034032);
#96 = AXIS2_PLACEMENT_3D('',#97,#98,#99);
#97 = CARTESIAN_POINT('',(140.,-89.99612503403,-1.6));
#98 = DIRECTION('',(0.,0.,-1.));
#99 = DIRECTION('',(-0.555570229596,-0.83146961459,-0.));
#100 = ORIENTED_EDGE('',*,*,#71,.F.);
#101 = ORIENTED_EDGE('',*,*,#102,.F.);
#102 = EDGE_CURVE('',#54,#72,#103,.T.);
#103 = CIRCLE('',#104,16.505564034032);
#104 = AXIS2_PLACEMENT_3D('',#105,#106,#107);
#105 = CARTESIAN_POINT('',(140.,-89.99612503403,0.));
#106 = DIRECTION('',(0.,0.,-1.));
#107 = DIRECTION('',(-0.555570229596,-0.83146961459,-0.));
#108 = CYLINDRICAL_SURFACE('',#109,16.505564034032);
#109 = AXIS2_PLACEMENT_3D('',#110,#111,#112);
#110 = CARTESIAN_POINT('',(140.,-89.99612503403,0.));
#111 = DIRECTION('',(-0.,-0.,1.));
#112 = DIRECTION('',(-0.555570229596,-0.83146961459,-0.));
#113 = ADVANCED_FACE('',(#114),#141,.F.);
#114 = FACE_BOUND('',#115,.F.);
#115 = EDGE_LOOP('',(#116,#126,#133,#134));
#116 = ORIENTED_EDGE('',*,*,#117,.T.);
#117 = EDGE_CURVE('',#118,#120,#122,.T.);
#118 = VERTEX_POINT('',#119);
#119 = CARTESIAN_POINT('',(136.25,-101.75,0.));
#120 = VERTEX_POINT('',#121);
#121 = CARTESIAN_POINT('',(136.25,-101.75,-1.6));
#122 = LINE('',#123,#124);
#123 = CARTESIAN_POINT('',(136.25,-101.75,0.));
#124 = VECTOR('',#125,1.);
#125 = DIRECTION('',(0.,0.,-1.));
#126 = ORIENTED_EDGE('',*,*,#127,.T.);
#127 = EDGE_CURVE('',#120,#120,#128,.T.);
#128 = CIRCLE('',#129,1.5);
#129 = AXIS2_PLACEMENT_3D('',#130,#131,#132);
#130 = CARTESIAN_POINT('',(134.75,-101.75,-1.6));
#131 = DIRECTION('',(0.,0.,1.));
#132 = DIRECTION('',(1.,0.,0.));
#133 = ORIENTED_EDGE('',*,*,#117,.F.);
#134 = ORIENTED_EDGE('',*,*,#135,.F.);
#135 = EDGE_CURVE('',#118,#118,#136,.T.);
#136 = CIRCLE('',#137,1.5);
#137 = AXIS2_PLACEMENT_3D('',#138,#139,#140);
#138 = CARTESIAN_POINT('',(134.75,-101.75,0.));
#139 = DIRECTION('',(0.,0.,1.));
#140 = DIRECTION('',(1.,0.,0.));
#141 = CYLINDRICAL_SURFACE('',#142,1.5);
#142 = AXIS2_PLACEMENT_3D('',#143,#144,#145);
#143 = CARTESIAN_POINT('',(134.75,-101.75,0.));
#144 = DIRECTION('',(0.,0.,1.));
#145 = DIRECTION('',(1.,0.,0.));
#146 = ADVANCED_FACE('',(#147),#174,.F.);
#147 = FACE_BOUND('',#148,.F.);
#148 = EDGE_LOOP('',(#149,#159,#166,#167));
#149 = ORIENTED_EDGE('',*,*,#150,.T.);
#150 = EDGE_CURVE('',#151,#153,#155,.T.);
#151 = VERTEX_POINT('',#152);
#152 = CARTESIAN_POINT('',(133.27,-98.48,0.));
#153 = VERTEX_POINT('',#154);
#154 = CARTESIAN_POINT('',(133.27,-98.48,-1.6));
#155 = LINE('',#156,#157);
#156 = CARTESIAN_POINT('',(133.27,-98.48,0.));
#157 = VECTOR('',#158,1.);
#158 = DIRECTION('',(0.,0.,-1.));
#159 = ORIENTED_EDGE('',*,*,#160,.T.);
#160 = EDGE_CURVE('',#153,#153,#161,.T.);
#161 = CIRCLE('',#162,1.75);
#162 = AXIS2_PLACEMENT_3D('',#163,#164,#165);
#163 = CARTESIAN_POINT('',(131.52,-98.48,-1.6));
#164 = DIRECTION('',(0.,0.,1.));
#165 = DIRECTION('',(1.,0.,0.));
#166 = ORIENTED_EDGE('',*,*,#150,.F.);
#167 = ORIENTED_EDGE('',*,*,#168,.F.);
#168 = EDGE_CURVE('',#151,#151,#169,.T.);
#169 = CIRCLE('',#170,1.75);
#170 = AXIS2_PLACEMENT_3D('',#171,#172,#173);
#171 = CARTESIAN_POINT('',(131.52,-98.48,0.));
#172 = DIRECTION('',(0.,0.,1.));
#173 = DIRECTION('',(1.,0.,0.));
#174 = CYLINDRICAL_SURFACE('',#175,1.75);
#175 = AXIS2_PLACEMENT_3D('',#176,#177,#178);
#176 = CARTESIAN_POINT('',(131.52,-98.48,0.));
#177 = DIRECTION('',(0.,0.,1.));
#178 = DIRECTION('',(1.,0.,0.));
#179 = ADVANCED_FACE('',(#180),#207,.F.);
#180 = FACE_BOUND('',#181,.F.);
#181 = EDGE_LOOP('',(#182,#192,#199,#200));
#182 = ORIENTED_EDGE('',*,*,#183,.T.);
#183 = EDGE_CURVE('',#184,#186,#188,.T.);
#184 = VERTEX_POINT('',#185);
#185 = CARTESIAN_POINT('',(146.7,-101.75,0.));
#186 = VERTEX_POINT('',#187);
#187 = CARTESIAN_POINT('',(146.7,-101.75,-1.6));
#188 = LINE('',#189,#190);
#189 = CARTESIAN_POINT('',(146.7,-101.75,0.));
#190 = VECTOR('',#191,1.);
#191 = DIRECTION('',(0.,0.,-1.));
#192 = ORIENTED_EDGE('',*,*,#193,.T.);
#193 = EDGE_CURVE('',#186,#186,#194,.T.);
#194 = CIRCLE('',#195,1.5);
#195 = AXIS2_PLACEMENT_3D('',#196,#197,#198);
#196 = CARTESIAN_POINT('',(145.2,-101.75,-1.6));
#197 = DIRECTION('',(0.,0.,1.));
#198 = DIRECTION('',(1.,0.,0.));
#199 = ORIENTED_EDGE('',*,*,#183,.F.);
#200 = ORIENTED_EDGE('',*,*,#201,.F.);
#201 = EDGE_CURVE('',#184,#184,#202,.T.);
#202 = CIRCLE('',#203,1.5);
#203 = AXIS2_PLACEMENT_3D('',#204,#205,#206);
#204 = CARTESIAN_POINT('',(145.2,-101.75,0.));
#205 = DIRECTION('',(0.,0.,1.));
#206 = DIRECTION('',(1.,0.,0.));
#207 = CYLINDRICAL_SURFACE('',#208,1.5);
#208 = AXIS2_PLACEMENT_3D('',#209,#210,#211);
#209 = CARTESIAN_POINT('',(145.2,-101.75,0.));
#210 = DIRECTION('',(0.,0.,1.));
#211 = DIRECTION('',(1.,0.,0.));
#212 = ADVANCED_FACE('',(#213),#240,.F.);
#213 = FACE_BOUND('',#214,.F.);
#214 = EDGE_LOOP('',(#215,#225,#232,#233));
#215 = ORIENTED_EDGE('',*,*,#216,.T.);
#216 = EDGE_CURVE('',#217,#219,#221,.T.);
#217 = VERTEX_POINT('',#218);
#218 = CARTESIAN_POINT('',(150.23,-98.48,0.));
#219 = VERTEX_POINT('',#220);
#220 = CARTESIAN_POINT('',(150.23,-98.48,-1.6));
#221 = LINE('',#222,#223);
#222 = CARTESIAN_POINT('',(150.23,-98.48,0.));
#223 = VECTOR('',#224,1.);
#224 = DIRECTION('',(0.,0.,-1.));
#225 = ORIENTED_EDGE('',*,*,#226,.T.);
#226 = EDGE_CURVE('',#219,#219,#227,.T.);
#227 = CIRCLE('',#228,1.75);
#228 = AXIS2_PLACEMENT_3D('',#229,#230,#231);
#229 = CARTESIAN_POINT('',(148.48,-98.48,-1.6));
#230 = DIRECTION('',(0.,0.,1.));
#231 = DIRECTION('',(1.,0.,0.));
#232 = ORIENTED_EDGE('',*,*,#216,.F.);
#233 = ORIENTED_EDGE('',*,*,#234,.F.);
#234 = EDGE_CURVE('',#217,#217,#235,.T.);
#235 = CIRCLE('',#236,1.75);
#236 = AXIS2_PLACEMENT_3D('',#237,#238,#239);
#237 = CARTESIAN_POINT('',(148.48,-98.48,0.));
#238 = DIRECTION('',(0.,0.,1.));
#239 = DIRECTION('',(1.,0.,0.));
#240 = CYLINDRICAL_SURFACE('',#241,1.75);
#241 = AXIS2_PLACEMENT_3D('',#242,#243,#244);
#242 = CARTESIAN_POINT('',(148.48,-98.48,0.));
#243 = DIRECTION('',(0.,0.,1.));
#244 = DIRECTION('',(1.,0.,0.));
#245 = ADVANCED_FACE('',(#246),#273,.F.);
#246 = FACE_BOUND('',#247,.F.);
#247 = EDGE_LOOP('',(#248,#258,#265,#266));
#248 = ORIENTED_EDGE('',*,*,#249,.T.);
#249 = EDGE_CURVE('',#250,#252,#254,.T.);
#250 = VERTEX_POINT('',#251);
#251 = CARTESIAN_POINT('',(133.27,-81.52,0.));
#252 = VERTEX_POINT('',#253);
#253 = CARTESIAN_POINT('',(133.27,-81.52,-1.6));
#254 = LINE('',#255,#256);
#255 = CARTESIAN_POINT('',(133.27,-81.52,0.));
#256 = VECTOR('',#257,1.);
#257 = DIRECTION('',(0.,0.,-1.));
#258 = ORIENTED_EDGE('',*,*,#259,.T.);
#259 = EDGE_CURVE('',#252,#252,#260,.T.);
#260 = CIRCLE('',#261,1.75);
#261 = AXIS2_PLACEMENT_3D('',#262,#263,#264);
#262 = CARTESIAN_POINT('',(131.52,-81.52,-1.6));
#263 = DIRECTION('',(0.,0.,1.));
#264 = DIRECTION('',(1.,0.,0.));
#265 = ORIENTED_EDGE('',*,*,#249,.F.);
#266 = ORIENTED_EDGE('',*,*,#267,.F.);
#267 = EDGE_CURVE('',#250,#250,#268,.T.);
#268 = CIRCLE('',#269,1.75);
#269 = AXIS2_PLACEMENT_3D('',#270,#271,#272);
#270 = CARTESIAN_POINT('',(131.52,-81.52,0.));
#271 = DIRECTION('',(0.,0.,1.));
#272 = DIRECTION('',(1.,0.,0.));
#273 = CYLINDRICAL_SURFACE('',#274,1.75);
#274 = AXIS2_PLACEMENT_3D('',#275,#276,#277);
#275 = CARTESIAN_POINT('',(131.52,-81.52,0.));
#276 = DIRECTION('',(0.,0.,1.));
#277 = DIRECTION('',(1.,0.,0.));
#278 = ADVANCED_FACE('',(#279),#306,.F.);
#279 = FACE_BOUND('',#280,.F.);
#280 = EDGE_LOOP('',(#281,#291,#298,#299));
#281 = ORIENTED_EDGE('',*,*,#282,.T.);
#282 = EDGE_CURVE('',#283,#285,#287,.T.);
#283 = VERTEX_POINT('',#284);
#284 = CARTESIAN_POINT('',(135.,-77.25,0.));
#285 = VERTEX_POINT('',#286);
#286 = CARTESIAN_POINT('',(135.,-77.25,-1.6));
#287 = LINE('',#288,#289);
#288 = CARTESIAN_POINT('',(135.,-77.25,0.));
#289 = VECTOR('',#290,1.);
#290 = DIRECTION('',(0.,0.,-1.));
#291 = ORIENTED_EDGE('',*,*,#292,.T.);
#292 = EDGE_CURVE('',#285,#285,#293,.T.);
#293 = CIRCLE('',#294,1.5);
#294 = AXIS2_PLACEMENT_3D('',#295,#296,#297);
#295 = CARTESIAN_POINT('',(133.5,-77.25,-1.6));
#296 = DIRECTION('',(0.,0.,1.));
#297 = DIRECTION('',(1.,0.,0.));
#298 = ORIENTED_EDGE('',*,*,#282,.F.);
#299 = ORIENTED_EDGE('',*,*,#300,.F.);
#300 = EDGE_CURVE('',#283,#283,#301,.T.);
#301 = CIRCLE('',#302,1.5);
#302 = AXIS2_PLACEMENT_3D('',#303,#304,#305);
#303 = CARTESIAN_POINT('',(133.5,-77.25,0.));
#304 = DIRECTION('',(0.,0.,1.));
#305 = DIRECTION('',(1.,0.,0.));
#306 = CYLINDRICAL_SURFACE('',#307,1.5);
#307 = AXIS2_PLACEMENT_3D('',#308,#309,#310);
#308 = CARTESIAN_POINT('',(133.5,-77.25,0.));
#309 = DIRECTION('',(0.,0.,1.));
#310 = DIRECTION('',(1.,0.,0.));
#311 = ADVANCED_FACE('',(#312),#339,.F.);
#312 = FACE_BOUND('',#313,.F.);
#313 = EDGE_LOOP('',(#314,#324,#331,#332));
#314 = ORIENTED_EDGE('',*,*,#315,.T.);
#315 = EDGE_CURVE('',#316,#318,#320,.T.);
#316 = VERTEX_POINT('',#317);
#317 = CARTESIAN_POINT('',(150.23,-81.52,0.));
#318 = VERTEX_POINT('',#319);
#319 = CARTESIAN_POINT('',(150.23,-81.52,-1.6));
#320 = LINE('',#321,#322);
#321 = CARTESIAN_POINT('',(150.23,-81.52,0.));
#322 = VECTOR('',#323,1.);
#323 = DIRECTION('',(0.,0.,-1.));
#324 = ORIENTED_EDGE('',*,*,#325,.T.);
#325 = EDGE_CURVE('',#318,#318,#326,.T.);
#326 = CIRCLE('',#327,1.75);
#327 = AXIS2_PLACEMENT_3D('',#328,#329,#330);
#328 = CARTESIAN_POINT('',(148.48,-81.52,-1.6));
#329 = DIRECTION('',(0.,0.,1.));
#330 = DIRECTION('',(1.,0.,0.));
#331 = ORIENTED_EDGE('',*,*,#315,.F.);
#332 = ORIENTED_EDGE('',*,*,#333,.F.);
#333 = EDGE_CURVE('',#316,#316,#334,.T.);
#334 = CIRCLE('',#335,1.75);
#335 = AXIS2_PLACEMENT_3D('',#336,#337,#338);
#336 = CARTESIAN_POINT('',(148.48,-81.52,0.));
#337 = DIRECTION('',(0.,0.,1.));
#338 = DIRECTION('',(1.,0.,0.));
#339 = CYLINDRICAL_SURFACE('',#340,1.75);
#340 = AXIS2_PLACEMENT_3D('',#341,#342,#343);
#341 = CARTESIAN_POINT('',(148.48,-81.52,0.));
#342 = DIRECTION('',(0.,0.,1.));
#343 = DIRECTION('',(1.,0.,0.));
#344 = ADVANCED_FACE('',(#345),#372,.F.);
#345 = FACE_BOUND('',#346,.F.);
#346 = EDGE_LOOP('',(#347,#357,#364,#365));
#347 = ORIENTED_EDGE('',*,*,#348,.T.);
#348 = EDGE_CURVE('',#349,#351,#353,.T.);
#349 = VERTEX_POINT('',#350);
#350 = CARTESIAN_POINT('',(148.,-77.25,0.));
#351 = VERTEX_POINT('',#352);
#352 = CARTESIAN_POINT('',(148.,-77.25,-1.6));
#353 = LINE('',#354,#355);
#354 = CARTESIAN_POINT('',(148.,-77.25,0.));
#355 = VECTOR('',#356,1.);
#356 = DIRECTION('',(0.,0.,-1.));
#357 = ORIENTED_EDGE('',*,*,#358,.T.);
#358 = EDGE_CURVE('',#351,#351,#359,.T.);
#359 = CIRCLE('',#360,1.5);
#360 = AXIS2_PLACEMENT_3D('',#361,#362,#363);
#361 = CARTESIAN_POINT('',(146.5,-77.25,-1.6));
#362 = DIRECTION('',(0.,0.,1.));
#363 = DIRECTION('',(1.,0.,0.));
#364 = ORIENTED_EDGE('',*,*,#348,.F.);
#365 = ORIENTED_EDGE('',*,*,#366,.F.);
#366 = EDGE_CURVE('',#349,#349,#367,.T.);
#367 = CIRCLE('',#368,1.5);
#368 = AXIS2_PLACEMENT_3D('',#369,#370,#371);
#369 = CARTESIAN_POINT('',(146.5,-77.25,0.));
#370 = DIRECTION('',(0.,0.,1.));
#371 = DIRECTION('',(1.,0.,0.));
#372 = CYLINDRICAL_SURFACE('',#373,1.5);
#373 = AXIS2_PLACEMENT_3D('',#374,#375,#376);
#374 = CARTESIAN_POINT('',(146.5,-77.25,0.));
#375 = DIRECTION('',(0.,0.,1.));
#376 = DIRECTION('',(1.,0.,0.));
#377 = ADVANCED_FACE('',(#378,#382,#385,#388,#391,#394,#397,#400,#403),
  #406,.T.);
#378 = FACE_BOUND('',#379,.T.);
#379 = EDGE_LOOP('',(#380,#381));
#380 = ORIENTED_EDGE('',*,*,#79,.T.);
#381 = ORIENTED_EDGE('',*,*,#102,.F.);
#382 = FACE_BOUND('',#383,.T.);
#383 = EDGE_LOOP('',(#384));
#384 = ORIENTED_EDGE('',*,*,#135,.F.);
#385 = FACE_BOUND('',#386,.T.);
#386 = EDGE_LOOP('',(#387));
#387 = ORIENTED_EDGE('',*,*,#168,.F.);
#388 = FACE_BOUND('',#389,.T.);
#389 = EDGE_LOOP('',(#390));
#390 = ORIENTED_EDGE('',*,*,#201,.F.);
#391 = FACE_BOUND('',#392,.T.);
#392 = EDGE_LOOP('',(#393));
#393 = ORIENTED_EDGE('',*,*,#234,.F.);
#394 = FACE_BOUND('',#395,.T.);
#395 = EDGE_LOOP('',(#396));
#396 = ORIENTED_EDGE('',*,*,#267,.F.);
#397 = FACE_BOUND('',#398,.T.);
#398 = EDGE_LOOP('',(#399));
#399 = ORIENTED_EDGE('',*,*,#300,.F.);
#400 = FACE_BOUND('',#401,.T.);
#401 = EDGE_LOOP('',(#402));
#402 = ORIENTED_EDGE('',*,*,#333,.F.);
#403 = FACE_BOUND('',#404,.T.);
#404 = EDGE_LOOP('',(#405));
#405 = ORIENTED_EDGE('',*,*,#366,.F.);
#406 = PLANE('',#407);
#407 = AXIS2_PLACEMENT_3D('',#408,#409,#410);
#408 = CARTESIAN_POINT('',(140.,-90.55760668159,0.));
#409 = DIRECTION('',(0.,0.,1.));
#410 = DIRECTION('',(1.,0.,0.));
#411 = ADVANCED_FACE('',(#412,#416,#419,#422,#425,#428,#431,#434,#437),
  #440,.F.);
#412 = FACE_BOUND('',#413,.F.);
#413 = EDGE_LOOP('',(#414,#415));
#414 = ORIENTED_EDGE('',*,*,#63,.T.);
#415 = ORIENTED_EDGE('',*,*,#94,.F.);
#416 = FACE_BOUND('',#417,.F.);
#417 = EDGE_LOOP('',(#418));
#418 = ORIENTED_EDGE('',*,*,#127,.F.);
#419 = FACE_BOUND('',#420,.F.);
#420 = EDGE_LOOP('',(#421));
#421 = ORIENTED_EDGE('',*,*,#160,.F.);
#422 = FACE_BOUND('',#423,.F.);
#423 = EDGE_LOOP('',(#424));
#424 = ORIENTED_EDGE('',*,*,#193,.F.);
#425 = FACE_BOUND('',#426,.F.);
#426 = EDGE_LOOP('',(#427));
#427 = ORIENTED_EDGE('',*,*,#226,.F.);
#428 = FACE_BOUND('',#429,.F.);
#429 = EDGE_LOOP('',(#430));
#430 = ORIENTED_EDGE('',*,*,#259,.F.);
#431 = FACE_BOUND('',#432,.F.);
#432 = EDGE_LOOP('',(#433));
#433 = ORIENTED_EDGE('',*,*,#292,.F.);
#434 = FACE_BOUND('',#435,.F.);
#435 = EDGE_LOOP('',(#436));
#436 = ORIENTED_EDGE('',*,*,#325,.F.);
#437 = FACE_BOUND('',#438,.F.);
#438 = EDGE_LOOP('',(#439));
#439 = ORIENTED_EDGE('',*,*,#358,.F.);
#440 = PLANE('',#441);
#441 = AXIS2_PLACEMENT_3D('',#442,#443,#444);
#442 = CARTESIAN_POINT('',(140.,-90.55760668159,-1.6));
#443 = DIRECTION('',(0.,0.,1.));
#444 = DIRECTION('',(1.,0.,0.));
#445 = ( GEOMETRIC_REPRESENTATION_CONTEXT(3) 
GLOBAL_UNCERTAINTY_ASSIGNED_CONTEXT((#449)) GLOBAL_UNIT_ASSIGNED_CONTEXT
((#446,#447,#448)) REPRESENTATION_CONTEXT('Context #1',
  '3D Context with UNIT and UNCERTAINTY') );
#446 = ( LENGTH_UNIT() NAMED_UNIT(*) SI_UNIT(.MILLI.,.METRE.) );
#447 = ( NAMED_UNIT(*) PLANE_ANGLE_UNIT() SI_UNIT($,.RADIAN.) );
#448 = ( NAMED_UNIT(*) SI_UNIT($,.STERADIAN.) SOLID_ANGLE_UNIT() );
#449 = UNCERTAINTY_MEASURE_WITH_UNIT(LENGTH_MEASURE(1.E-07),#446,
  'distance_accuracy_value','confusion accuracy');
#450 = SHAPE_DEFINITION_REPRESENTATION(#451,#46);
#451 = PRODUCT_DEFINITION_SHAPE('','',#452);
#452 = PRODUCT_DEFINITION('design','',#453,#456);
#453 = PRODUCT_DEFINITION_FORMATION('','',#454);
#454 = PRODUCT('Pcb_8295','Pcb_8295','',(#455));
#455 = PRODUCT_CONTEXT('',#2,'mechanical');
#456 = PRODUCT_DEFINITION_CONTEXT('part definition',#2,'design');
#457 = CONTEXT_DEPENDENT_SHAPE_REPRESENTATION(#458,#460);
#458 = ( REPRESENTATION_RELATIONSHIP('','',#46,#36) 
REPRESENTATION_RELATIONSHIP_WITH_TRANSFORMATION(#459) 
SHAPE_REPRESENTATION_RELATIONSHIP() );
#459 = ITEM_DEFINED_TRANSFORMATION('','',#11,#37);
#460 = PRODUCT_DEFINITION_SHAPE('Placement','Placement of an item',#461
  );
#461 = NEXT_ASSEMBLY_USAGE_OCCURRENCE('15','Pcb_8295','',#31,#452,$);
#462 = PRODUCT_RELATED_PRODUCT_CATEGORY('part',$,(#454));
#463 = CONTEXT_DEPENDENT_SHAPE_REPRESENTATION(#464,#466);
#464 = ( REPRESENTATION_RELATIONSHIP('','',#36,#10) 
REPRESENTATION_RELATIONSHIP_WITH_TRANSFORMATION(#465) 
SHAPE_REPRESENTATION_RELATIONSHIP() );
#465 = ITEM_DEFINED_TRANSFORMATION('','',#11,#15);
#466 = PRODUCT_DEFINITION_SHAPE('Placement','Placement of an item',#467
  );
#467 = NEXT_ASSEMBLY_USAGE_OCCURRENCE('16','Board_Geoms_8295','',#5,#31,
  $);
#468 = PRODUCT_RELATED_PRODUCT_CATEGORY('part',$,(#33));
#469 = SHAPE_DEFINITION_REPRESENTATION(#470,#476);
#470 = PRODUCT_DEFINITION_SHAPE('','',#471);
#471 = PRODUCT_DEFINITION('design','',#472,#475);
#472 = PRODUCT_DEFINITION_FORMATION('','',#473);
#473 = PRODUCT('Step_Models_8295','Step_Models_8295','',(#474));
#474 = PRODUCT_CONTEXT('',#2,'mechanical');
#475 = PRODUCT_DEFINITION_CONTEXT('part definition',#2,'design');
#476 = SHAPE_REPRESENTATION('',(#11,#477,#481),#485);
#477 = AXIS2_PLACEMENT_3D('',#478,#479,#480);
#478 = CARTESIAN_POINT('',(0.,0.,0.));
#479 = DIRECTION('',(0.,0.,1.));
#480 = DIRECTION('',(1.,0.,0.));
#481 = AXIS2_PLACEMENT_3D('',#482,#483,#484);
#482 = CARTESIAN_POINT('',(0.,0.,0.));
#483 = DIRECTION('',(0.,0.,1.));
#484 = DIRECTION('',(1.,0.,0.));
#485 = ( GEOMETRIC_REPRESENTATION_CONTEXT(3) 
GLOBAL_UNCERTAINTY_ASSIGNED_CONTEXT((#489)) GLOBAL_UNIT_ASSIGNED_CONTEXT
((#486,#487,#488)) REPRESENTATION_CONTEXT('Context #1',
  '3D Context with UNIT and UNCERTAINTY') );
#486 = ( LENGTH_UNIT() NAMED_UNIT(*) SI_UNIT(.MILLI.,.METRE.) );
#487 = ( NAMED_UNIT(*) PLANE_ANGLE_UNIT() SI_UNIT($,.RADIAN.) );
#488 = ( NAMED_UNIT(*) SI_UNIT($,.STERADIAN.) SOLID_ANGLE_UNIT() );
#489 = UNCERTAINTY_MEASURE_WITH_UNIT(LENGTH_MEASURE(1.E-07),#486,
  'distance_accuracy_value','confusion accuracy');
#490 = SHAPE_DEFINITION_REPRESENTATION(#491,#497);
#491 = PRODUCT_DEFINITION_SHAPE('','',#492);
#492 = PRODUCT_DEFINITION('design','',#493,#496);
#493 = PRODUCT_DEFINITION_FORMATION('','',#494);
#494 = PRODUCT('Top_8295','Top_8295','',(#495));
#495 = PRODUCT_CONTEXT('',#2,'mechanical');
#496 = PRODUCT_DEFINITION_CONTEXT('part definition',#2,'design');
#497 = SHAPE_REPRESENTATION('',(#11,#498),#502);
#498 = AXIS2_PLACEMENT_3D('',#499,#500,#501);
#499 = CARTESIAN_POINT('',(0.,0.,0.));
#500 = DIRECTION('',(0.,0.,1.));
#501 = DIRECTION('',(1.,0.,0.));
#502 = ( GEOMETRIC_REPRESENTATION_CONTEXT(3) 
GLOBAL_UNCERTAINTY_ASSIGNED_CONTEXT((#506)) GLOBAL_UNIT_ASSIGNED_CONTEXT
((#503,#504,#505)) REPRESENTATION_CONTEXT('Context #1',
  '3D Context with UNIT and UNCERTAINTY') );
#503 = ( LENGTH_UNIT() NAMED_UNIT(*) SI_UNIT(.MILLI.,.METRE.) );
#504 = ( NAMED_UNIT(*) PLANE_ANGLE_UNIT() SI_UNIT($,.RADIAN.) );
#505 = ( NAMED_UNIT(*) SI_UNIT($,.STERADIAN.) SOLID_ANGLE_UNIT() );
#506 = UNCERTAINTY_MEASURE_WITH_UNIT(LENGTH_MEASURE(1.E-07),#503,
  'distance_accuracy_value','confusion accuracy');
#507 = ADVANCED_BREP_SHAPE_REPRESENTATION('',(#11,#508),#7917);
#508 = MANIFOLD_SOLID_BREP('',#509);
#509 = CLOSED_SHELL('',(#510,#552,#583,#614,#698,#782,#923,#940,#963,
    #1001,#1018,#1035,#1052,#1069,#1086,#1098,#1122,#1185,#1208,#1231,
    #1261,#1292,#1323,#1354,#1385,#1416,#1447,#1478,#1509,#1540,#1571,
    #1602,#1625,#1648,#1782,#1799,#1891,#1914,#1937,#1960,#2095,#2112,
    #2135,#2227,#2248,#2340,#2357,#2449,#2471,#2496,#2580,#2672,#2689,
    #2711,#2803,#2895,#2917,#2942,#3026,#3118,#3135,#3157,#3249,#3341,
    #3363,#3380,#3403,#3426,#3449,#3516,#3539,#3558,#3577,#3596,#3615,
    #3634,#3653,#3670,#3687,#3704,#3721,#3738,#3755,#3772,#3784,#3807,
    #3830,#3854,#3884,#3915,#3946,#3977,#4008,#4039,#4070,#4101,#4132,
    #4163,#4194,#4225,#4256,#4287,#4304,#4320,#4337,#4354,#4371,#4388,
    #4405,#4422,#4439,#4451,#4468,#4485,#4502,#4519,#4536,#4553,#4570,
    #4582,#4599,#4616,#4633,#4650,#4667,#4684,#4701,#4713,#4730,#4747,
    #4764,#4781,#4798,#4815,#4832,#4844,#4861,#4878,#4895,#4912,#4929,
    #4946,#4963,#4975,#4998,#5014,#5037,#5172,#5195,#5212,#5237,#5253,
    #5269,#5286,#5378,#5470,#5491,#5516,#5600,#5692,#5709,#5731,#5823,
    #5915,#5937,#5962,#6046,#6138,#6155,#6177,#6269,#6361,#6383,#6408,
    #6492,#6584,#6601,#6623,#6715,#6807,#6829,#6846,#6858,#6877,#6896,
    #6915,#6934,#6953,#6972,#6991,#7000,#7017,#7034,#7051,#7068,#7085,
    #7102,#7119,#7131,#7148,#7165,#7182,#7199,#7216,#7233,#7250,#7262,
    #7279,#7296,#7313,#7330,#7347,#7364,#7381,#7393,#7410,#7427,#7444,
    #7461,#7478,#7495,#7512,#7524,#7541,#7558,#7575,#7592,#7609,#7626,
    #7643,#7655,#7672,#7689,#7706,#7723,#7740,#7757,#7774,#7786,#7803,
    #7820,#7837,#7854,#7871,#7888,#7905));
#510 = ADVANCED_FACE('',(#511),#547,.F.);
#511 = FACE_BOUND('',#512,.F.);
#512 = EDGE_LOOP('',(#513,#523,#532,#540));
#513 = ORIENTED_EDGE('',*,*,#514,.T.);
#514 = EDGE_CURVE('',#515,#517,#519,.T.);
#515 = VERTEX_POINT('',#516);
#516 = CARTESIAN_POINT('',(2.4,2.08,0.475));
#517 = VERTEX_POINT('',#518);
#518 = CARTESIAN_POINT('',(2.4,1.82,0.475));
#519 = LINE('',#520,#521);
#520 = CARTESIAN_POINT('',(2.4,2.08,0.475));
#521 = VECTOR('',#522,1.);
#522 = DIRECTION('',(2.22044604925E-16,-1.,0.));
#523 = ORIENTED_EDGE('',*,*,#524,.T.);
#524 = EDGE_CURVE('',#517,#525,#527,.T.);
#525 = VERTEX_POINT('',#526);
#526 = CARTESIAN_POINT('',(2.5,1.82,0.375));
#527 = CIRCLE('',#528,0.1);
#528 = AXIS2_PLACEMENT_3D('',#529,#530,#531);
#529 = CARTESIAN_POINT('',(2.4,1.82,0.375));
#530 = DIRECTION('',(-2.22044604925E-16,1.,0.));
#531 = DIRECTION('',(0.,0.,1.));
#532 = ORIENTED_EDGE('',*,*,#533,.F.);
#533 = EDGE_CURVE('',#534,#525,#536,.T.);
#534 = VERTEX_POINT('',#535);
#535 = CARTESIAN_POINT('',(2.5,2.08,0.375));
#536 = LINE('',#537,#538);
#537 = CARTESIAN_POINT('',(2.5,2.08,0.375));
#538 = VECTOR('',#539,1.);
#539 = DIRECTION('',(2.22044604925E-16,-1.,0.));
#540 = ORIENTED_EDGE('',*,*,#541,.F.);
#541 = EDGE_CURVE('',#515,#534,#542,.T.);
#542 = CIRCLE('',#543,0.1);
#543 = AXIS2_PLACEMENT_3D('',#544,#545,#546);
#544 = CARTESIAN_POINT('',(2.4,2.08,0.375));
#545 = DIRECTION('',(-2.22044604925E-16,1.,0.));
#546 = DIRECTION('',(0.,0.,1.));
#547 = CYLINDRICAL_SURFACE('',#548,0.1);
#548 = AXIS2_PLACEMENT_3D('',#549,#550,#551);
#549 = CARTESIAN_POINT('',(2.4,2.08,0.375));
#550 = DIRECTION('',(-2.22044604925E-16,1.,0.));
#551 = DIRECTION('',(0.,0.,1.));
#552 = ADVANCED_FACE('',(#553),#578,.F.);
#553 = FACE_BOUND('',#554,.F.);
#554 = EDGE_LOOP('',(#555,#563,#571,#577));
#555 = ORIENTED_EDGE('',*,*,#556,.F.);
#556 = EDGE_CURVE('',#557,#515,#559,.T.);
#557 = VERTEX_POINT('',#558);
#558 = CARTESIAN_POINT('',(2.2,2.08,0.475));
#559 = LINE('',#560,#561);
#560 = CARTESIAN_POINT('',(2.1,2.08,0.475));
#561 = VECTOR('',#562,1.);
#562 = DIRECTION('',(1.,2.22044604925E-16,0.));
#563 = ORIENTED_EDGE('',*,*,#564,.T.);
#564 = EDGE_CURVE('',#557,#565,#567,.T.);
#565 = VERTEX_POINT('',#566);
#566 = CARTESIAN_POINT('',(2.2,1.82,0.475));
#567 = LINE('',#568,#569);
#568 = CARTESIAN_POINT('',(2.2,2.3,0.475));
#569 = VECTOR('',#570,1.);
#570 = DIRECTION('',(2.22044604925E-16,-1.,0.));
#571 = ORIENTED_EDGE('',*,*,#572,.T.);
#572 = EDGE_CURVE('',#565,#517,#573,.T.);
#573 = LINE('',#574,#575);
#574 = CARTESIAN_POINT('',(2.1,1.82,0.475));
#575 = VECTOR('',#576,1.);
#576 = DIRECTION('',(1.,2.22044604925E-16,0.));
#577 = ORIENTED_EDGE('',*,*,#514,.F.);
#578 = PLANE('',#579);
#579 = AXIS2_PLACEMENT_3D('',#580,#581,#582);
#580 = CARTESIAN_POINT('',(2.1,2.08,0.475));
#581 = DIRECTION('',(0.,0.,1.));
#582 = DIRECTION('',(1.,2.22044604925E-16,0.));
#583 = ADVANCED_FACE('',(#584),#609,.F.);
#584 = FACE_BOUND('',#585,.F.);
#585 = EDGE_LOOP('',(#586,#587,#595,#603));
#586 = ORIENTED_EDGE('',*,*,#533,.T.);
#587 = ORIENTED_EDGE('',*,*,#588,.T.);
#588 = EDGE_CURVE('',#525,#589,#591,.T.);
#589 = VERTEX_POINT('',#590);
#590 = CARTESIAN_POINT('',(2.5,1.82,0.25));
#591 = LINE('',#592,#593);
#592 = CARTESIAN_POINT('',(2.5,1.82,0.375));
#593 = VECTOR('',#594,1.);
#594 = DIRECTION('',(0.,0.,-1.));
#595 = ORIENTED_EDGE('',*,*,#596,.F.);
#596 = EDGE_CURVE('',#597,#589,#599,.T.);
#597 = VERTEX_POINT('',#598);
#598 = CARTESIAN_POINT('',(2.5,2.08,0.25));
#599 = LINE('',#600,#601);
#600 = CARTESIAN_POINT('',(2.5,2.08,0.25));
#601 = VECTOR('',#602,1.);
#602 = DIRECTION('',(2.22044604925E-16,-1.,0.));
#603 = ORIENTED_EDGE('',*,*,#604,.F.);
#604 = EDGE_CURVE('',#534,#597,#605,.T.);
#605 = LINE('',#606,#607);
#606 = CARTESIAN_POINT('',(2.5,2.08,0.375));
#607 = VECTOR('',#608,1.);
#608 = DIRECTION('',(0.,0.,-1.));
#609 = PLANE('',#610);
#610 = AXIS2_PLACEMENT_3D('',#611,#612,#613);
#611 = CARTESIAN_POINT('',(2.5,2.08,0.375));
#612 = DIRECTION('',(1.,2.22044604925E-16,0.));
#613 = DIRECTION('',(0.,0.,-1.));
#614 = ADVANCED_FACE('',(#615),#693,.F.);
#615 = FACE_BOUND('',#616,.F.);
#616 = EDGE_LOOP('',(#617,#625,#626,#627,#628,#637,#645,#653,#661,#670,
    #678,#687));
#617 = ORIENTED_EDGE('',*,*,#618,.F.);
#618 = EDGE_CURVE('',#557,#619,#621,.T.);
#619 = VERTEX_POINT('',#620);
#620 = CARTESIAN_POINT('',(2.2,2.08,0.625));
#621 = LINE('',#622,#623);
#622 = CARTESIAN_POINT('',(2.2,2.08,0.457393753309));
#623 = VECTOR('',#624,1.);
#624 = DIRECTION('',(0.,0.,1.));
#625 = ORIENTED_EDGE('',*,*,#556,.T.);
#626 = ORIENTED_EDGE('',*,*,#541,.T.);
#627 = ORIENTED_EDGE('',*,*,#604,.T.);
#628 = ORIENTED_EDGE('',*,*,#629,.T.);
#629 = EDGE_CURVE('',#597,#630,#632,.T.);
#630 = VERTEX_POINT('',#631);
#631 = CARTESIAN_POINT('',(2.75,2.08,1.110223024625E-16));
#632 = CIRCLE('',#633,0.25);
#633 = AXIS2_PLACEMENT_3D('',#634,#635,#636);
#634 = CARTESIAN_POINT('',(2.75,2.08,0.25));
#635 = DIRECTION('',(2.22044604925E-16,-1.,0.));
#636 = DIRECTION('',(-1.,-2.22044604925E-16,-2.442490654175E-15));
#637 = ORIENTED_EDGE('',*,*,#638,.T.);
#638 = EDGE_CURVE('',#630,#639,#641,.T.);
#639 = VERTEX_POINT('',#640);
#640 = CARTESIAN_POINT('',(3.2,2.08,1.110223024625E-16));
#641 = LINE('',#642,#643);
#642 = CARTESIAN_POINT('',(2.75,2.08,1.110223024625E-16));
#643 = VECTOR('',#644,1.);
#644 = DIRECTION('',(1.,2.22044604925E-16,0.));
#645 = ORIENTED_EDGE('',*,*,#646,.T.);
#646 = EDGE_CURVE('',#639,#647,#649,.T.);
#647 = VERTEX_POINT('',#648);
#648 = CARTESIAN_POINT('',(3.2,2.08,0.15));
#649 = LINE('',#650,#651);
#650 = CARTESIAN_POINT('',(3.2,2.08,1.110223024625E-16));
#651 = VECTOR('',#652,1.);
#652 = DIRECTION('',(0.,0.,1.));
#653 = ORIENTED_EDGE('',*,*,#654,.T.);
#654 = EDGE_CURVE('',#647,#655,#657,.T.);
#655 = VERTEX_POINT('',#656);
#656 = CARTESIAN_POINT('',(2.75,2.08,0.15));
#657 = LINE('',#658,#659);
#658 = CARTESIAN_POINT('',(3.2,2.08,0.15));
#659 = VECTOR('',#660,1.);
#660 = DIRECTION('',(-1.,-2.22044604925E-16,0.));
#661 = ORIENTED_EDGE('',*,*,#662,.T.);
#662 = EDGE_CURVE('',#655,#663,#665,.T.);
#663 = VERTEX_POINT('',#664);
#664 = CARTESIAN_POINT('',(2.65,2.08,0.25));
#665 = CIRCLE('',#666,0.1);
#666 = AXIS2_PLACEMENT_3D('',#667,#668,#669);
#667 = CARTESIAN_POINT('',(2.75,2.08,0.25));
#668 = DIRECTION('',(-2.22044604925E-16,1.,0.));
#669 = DIRECTION('',(0.,0.,-1.));
#670 = ORIENTED_EDGE('',*,*,#671,.T.);
#671 = EDGE_CURVE('',#663,#672,#674,.T.);
#672 = VERTEX_POINT('',#673);
#673 = CARTESIAN_POINT('',(2.65,2.08,0.375));
#674 = LINE('',#675,#676);
#675 = CARTESIAN_POINT('',(2.65,2.08,0.25));
#676 = VECTOR('',#677,1.);
#677 = DIRECTION('',(0.,0.,1.));
#678 = ORIENTED_EDGE('',*,*,#679,.T.);
#679 = EDGE_CURVE('',#672,#680,#682,.T.);
#680 = VERTEX_POINT('',#681);
#681 = CARTESIAN_POINT('',(2.4,2.08,0.625));
#682 = CIRCLE('',#683,0.25);
#683 = AXIS2_PLACEMENT_3D('',#684,#685,#686);
#684 = CARTESIAN_POINT('',(2.4,2.08,0.375));
#685 = DIRECTION('',(2.22044604925E-16,-1.,0.));
#686 = DIRECTION('',(1.,2.22044604925E-16,2.6645352591E-15));
#687 = ORIENTED_EDGE('',*,*,#688,.T.);
#688 = EDGE_CURVE('',#680,#619,#689,.T.);
#689 = LINE('',#690,#691);
#690 = CARTESIAN_POINT('',(2.4,2.08,0.625));
#691 = VECTOR('',#692,1.);
#692 = DIRECTION('',(-1.,-2.22044604925E-16,0.));
#693 = PLANE('',#694);
#694 = AXIS2_PLACEMENT_3D('',#695,#696,#697);
#695 = CARTESIAN_POINT('',(2.634769719427,2.08,0.289787506618));
#696 = DIRECTION('',(2.22044604925E-16,-1.,0.));
#697 = DIRECTION('',(0.,0.,1.));
#698 = ADVANCED_FACE('',(#699),#777,.T.);
#699 = FACE_BOUND('',#700,.T.);
#700 = EDGE_LOOP('',(#701,#709,#710,#711,#712,#721,#729,#737,#745,#754,
    #762,#771));
#701 = ORIENTED_EDGE('',*,*,#702,.F.);
#702 = EDGE_CURVE('',#565,#703,#705,.T.);
#703 = VERTEX_POINT('',#704);
#704 = CARTESIAN_POINT('',(2.2,1.82,0.625));
#705 = LINE('',#706,#707);
#706 = CARTESIAN_POINT('',(2.2,1.82,0.457393753309));
#707 = VECTOR('',#708,1.);
#708 = DIRECTION('',(0.,0.,1.));
#709 = ORIENTED_EDGE('',*,*,#572,.T.);
#710 = ORIENTED_EDGE('',*,*,#524,.T.);
#711 = ORIENTED_EDGE('',*,*,#588,.T.);
#712 = ORIENTED_EDGE('',*,*,#713,.T.);
#713 = EDGE_CURVE('',#589,#714,#716,.T.);
#714 = VERTEX_POINT('',#715);
#715 = CARTESIAN_POINT('',(2.75,1.82,1.110223024625E-16));
#716 = CIRCLE('',#717,0.25);
#717 = AXIS2_PLACEMENT_3D('',#718,#719,#720);
#718 = CARTESIAN_POINT('',(2.75,1.82,0.25));
#719 = DIRECTION('',(2.22044604925E-16,-1.,0.));
#720 = DIRECTION('',(-1.,-2.22044604925E-16,-2.442490654175E-15));
#721 = ORIENTED_EDGE('',*,*,#722,.T.);
#722 = EDGE_CURVE('',#714,#723,#725,.T.);
#723 = VERTEX_POINT('',#724);
#724 = CARTESIAN_POINT('',(3.2,1.82,1.110223024625E-16));
#725 = LINE('',#726,#727);
#726 = CARTESIAN_POINT('',(2.75,1.82,1.110223024625E-16));
#727 = VECTOR('',#728,1.);
#728 = DIRECTION('',(1.,2.22044604925E-16,0.));
#729 = ORIENTED_EDGE('',*,*,#730,.T.);
#730 = EDGE_CURVE('',#723,#731,#733,.T.);
#731 = VERTEX_POINT('',#732);
#732 = CARTESIAN_POINT('',(3.2,1.82,0.15));
#733 = LINE('',#734,#735);
#734 = CARTESIAN_POINT('',(3.2,1.82,1.110223024625E-16));
#735 = VECTOR('',#736,1.);
#736 = DIRECTION('',(0.,0.,1.));
#737 = ORIENTED_EDGE('',*,*,#738,.T.);
#738 = EDGE_CURVE('',#731,#739,#741,.T.);
#739 = VERTEX_POINT('',#740);
#740 = CARTESIAN_POINT('',(2.75,1.82,0.15));
#741 = LINE('',#742,#743);
#742 = CARTESIAN_POINT('',(3.2,1.82,0.15));
#743 = VECTOR('',#744,1.);
#744 = DIRECTION('',(-1.,-2.22044604925E-16,0.));
#745 = ORIENTED_EDGE('',*,*,#746,.T.);
#746 = EDGE_CURVE('',#739,#747,#749,.T.);
#747 = VERTEX_POINT('',#748);
#748 = CARTESIAN_POINT('',(2.65,1.82,0.25));
#749 = CIRCLE('',#750,0.1);
#750 = AXIS2_PLACEMENT_3D('',#751,#752,#753);
#751 = CARTESIAN_POINT('',(2.75,1.82,0.25));
#752 = DIRECTION('',(-2.22044604925E-16,1.,0.));
#753 = DIRECTION('',(0.,0.,-1.));
#754 = ORIENTED_EDGE('',*,*,#755,.T.);
#755 = EDGE_CURVE('',#747,#756,#758,.T.);
#756 = VERTEX_POINT('',#757);
#757 = CARTESIAN_POINT('',(2.65,1.82,0.375));
#758 = LINE('',#759,#760);
#759 = CARTESIAN_POINT('',(2.65,1.82,0.25));
#760 = VECTOR('',#761,1.);
#761 = DIRECTION('',(0.,0.,1.));
#762 = ORIENTED_EDGE('',*,*,#763,.T.);
#763 = EDGE_CURVE('',#756,#764,#766,.T.);
#764 = VERTEX_POINT('',#765);
#765 = CARTESIAN_POINT('',(2.4,1.82,0.625));
#766 = CIRCLE('',#767,0.25);
#767 = AXIS2_PLACEMENT_3D('',#768,#769,#770);
#768 = CARTESIAN_POINT('',(2.4,1.82,0.375));
#769 = DIRECTION('',(2.22044604925E-16,-1.,0.));
#770 = DIRECTION('',(1.,2.22044604925E-16,2.6645352591E-15));
#771 = ORIENTED_EDGE('',*,*,#772,.T.);
#772 = EDGE_CURVE('',#764,#703,#773,.T.);
#773 = LINE('',#774,#775);
#774 = CARTESIAN_POINT('',(2.4,1.82,0.625));
#775 = VECTOR('',#776,1.);
#776 = DIRECTION('',(-1.,-2.22044604925E-16,0.));
#777 = PLANE('',#778);
#778 = AXIS2_PLACEMENT_3D('',#779,#780,#781);
#779 = CARTESIAN_POINT('',(2.634769719427,1.82,0.289787506618));
#780 = DIRECTION('',(2.22044604925E-16,-1.,0.));
#781 = DIRECTION('',(0.,0.,1.));
#782 = ADVANCED_FACE('',(#783),#918,.F.);
#783 = FACE_BOUND('',#784,.F.);
#784 = EDGE_LOOP('',(#785,#795,#802,#810,#818,#826,#834,#842,#850,#858,
    #866,#874,#882,#890,#898,#904,#905,#913));
#785 = ORIENTED_EDGE('',*,*,#786,.T.);
#786 = EDGE_CURVE('',#787,#789,#791,.T.);
#787 = VERTEX_POINT('',#788);
#788 = CARTESIAN_POINT('',(2.120291289374,2.260145644687,0.1));
#789 = VERTEX_POINT('',#790);
#790 = CARTESIAN_POINT('',(2.120291289374,-2.260145644687,0.1));
#791 = LINE('',#792,#793);
#792 = CARTESIAN_POINT('',(2.120291289374,2.260145644687,0.1));
#793 = VECTOR('',#794,1.);
#794 = DIRECTION('',(2.22044604925E-16,-1.,0.));
#795 = ORIENTED_EDGE('',*,*,#796,.T.);
#796 = EDGE_CURVE('',#789,#797,#799,.T.);
#797 = VERTEX_POINT('',#798);
#798 = CARTESIAN_POINT('',(2.2,-2.3,0.475));
#799 = B_SPLINE_CURVE_WITH_KNOTS('',1,(#800,#801),.UNSPECIFIED.,.F.,.F.,
  (2,2),(0.,1.),.PIECEWISE_BEZIER_KNOTS.);
#800 = CARTESIAN_POINT('',(2.120291289374,-2.260145644687,0.1));
#801 = CARTESIAN_POINT('',(2.2,-2.3,0.475));
#802 = ORIENTED_EDGE('',*,*,#803,.F.);
#803 = EDGE_CURVE('',#804,#797,#806,.T.);
#804 = VERTEX_POINT('',#805);
#805 = CARTESIAN_POINT('',(2.2,-2.08,0.475));
#806 = LINE('',#807,#808);
#807 = CARTESIAN_POINT('',(2.2,2.3,0.475));
#808 = VECTOR('',#809,1.);
#809 = DIRECTION('',(2.22044604925E-16,-1.,0.));
#810 = ORIENTED_EDGE('',*,*,#811,.F.);
#811 = EDGE_CURVE('',#812,#804,#814,.T.);
#812 = VERTEX_POINT('',#813);
#813 = CARTESIAN_POINT('',(2.2,-1.82,0.475));
#814 = LINE('',#815,#816);
#815 = CARTESIAN_POINT('',(2.2,2.3,0.475));
#816 = VECTOR('',#817,1.);
#817 = DIRECTION('',(2.22044604925E-16,-1.,0.));
#818 = ORIENTED_EDGE('',*,*,#819,.F.);
#819 = EDGE_CURVE('',#820,#812,#822,.T.);
#820 = VERTEX_POINT('',#821);
#821 = CARTESIAN_POINT('',(2.2,-1.43,0.475));
#822 = LINE('',#823,#824);
#823 = CARTESIAN_POINT('',(2.2,2.3,0.475));
#824 = VECTOR('',#825,1.);
#825 = DIRECTION('',(2.22044604925E-16,-1.,0.));
#826 = ORIENTED_EDGE('',*,*,#827,.F.);
#827 = EDGE_CURVE('',#828,#820,#830,.T.);
#828 = VERTEX_POINT('',#829);
#829 = CARTESIAN_POINT('',(2.2,-1.17,0.475));
#830 = LINE('',#831,#832);
#831 = CARTESIAN_POINT('',(2.2,2.3,0.475));
#832 = VECTOR('',#833,1.);
#833 = DIRECTION('',(2.22044604925E-16,-1.,0.));
#834 = ORIENTED_EDGE('',*,*,#835,.F.);
#835 = EDGE_CURVE('',#836,#828,#838,.T.);
#836 = VERTEX_POINT('',#837);
#837 = CARTESIAN_POINT('',(2.2,-0.78,0.475));
#838 = LINE('',#839,#840);
#839 = CARTESIAN_POINT('',(2.2,2.3,0.475));
#840 = VECTOR('',#841,1.);
#841 = DIRECTION('',(2.22044604925E-16,-1.,0.));
#842 = ORIENTED_EDGE('',*,*,#843,.F.);
#843 = EDGE_CURVE('',#844,#836,#846,.T.);
#844 = VERTEX_POINT('',#845);
#845 = CARTESIAN_POINT('',(2.2,-0.52,0.475));
#846 = LINE('',#847,#848);
#847 = CARTESIAN_POINT('',(2.2,2.3,0.475));
#848 = VECTOR('',#849,1.);
#849 = DIRECTION('',(2.22044604925E-16,-1.,0.));
#850 = ORIENTED_EDGE('',*,*,#851,.F.);
#851 = EDGE_CURVE('',#852,#844,#854,.T.);
#852 = VERTEX_POINT('',#853);
#853 = CARTESIAN_POINT('',(2.2,-0.13,0.475));
#854 = LINE('',#855,#856);
#855 = CARTESIAN_POINT('',(2.2,2.3,0.475));
#856 = VECTOR('',#857,1.);
#857 = DIRECTION('',(2.22044604925E-16,-1.,0.));
#858 = ORIENTED_EDGE('',*,*,#859,.F.);
#859 = EDGE_CURVE('',#860,#852,#862,.T.);
#860 = VERTEX_POINT('',#861);
#861 = CARTESIAN_POINT('',(2.2,0.13,0.475));
#862 = LINE('',#863,#864);
#863 = CARTESIAN_POINT('',(2.2,2.3,0.475));
#864 = VECTOR('',#865,1.);
#865 = DIRECTION('',(2.22044604925E-16,-1.,0.));
#866 = ORIENTED_EDGE('',*,*,#867,.F.);
#867 = EDGE_CURVE('',#868,#860,#870,.T.);
#868 = VERTEX_POINT('',#869);
#869 = CARTESIAN_POINT('',(2.2,0.52,0.475));
#870 = LINE('',#871,#872);
#871 = CARTESIAN_POINT('',(2.2,2.3,0.475));
#872 = VECTOR('',#873,1.);
#873 = DIRECTION('',(2.22044604925E-16,-1.,0.));
#874 = ORIENTED_EDGE('',*,*,#875,.F.);
#875 = EDGE_CURVE('',#876,#868,#878,.T.);
#876 = VERTEX_POINT('',#877);
#877 = CARTESIAN_POINT('',(2.2,0.78,0.475));
#878 = LINE('',#879,#880);
#879 = CARTESIAN_POINT('',(2.2,2.3,0.475));
#880 = VECTOR('',#881,1.);
#881 = DIRECTION('',(2.22044604925E-16,-1.,0.));
#882 = ORIENTED_EDGE('',*,*,#883,.F.);
#883 = EDGE_CURVE('',#884,#876,#886,.T.);
#884 = VERTEX_POINT('',#885);
#885 = CARTESIAN_POINT('',(2.2,1.17,0.475));
#886 = LINE('',#887,#888);
#887 = CARTESIAN_POINT('',(2.2,2.3,0.475));
#888 = VECTOR('',#889,1.);
#889 = DIRECTION('',(2.22044604925E-16,-1.,0.));
#890 = ORIENTED_EDGE('',*,*,#891,.F.);
#891 = EDGE_CURVE('',#892,#884,#894,.T.);
#892 = VERTEX_POINT('',#893);
#893 = CARTESIAN_POINT('',(2.2,1.43,0.475));
#894 = LINE('',#895,#896);
#895 = CARTESIAN_POINT('',(2.2,2.3,0.475));
#896 = VECTOR('',#897,1.);
#897 = DIRECTION('',(2.22044604925E-16,-1.,0.));
#898 = ORIENTED_EDGE('',*,*,#899,.F.);
#899 = EDGE_CURVE('',#565,#892,#900,.T.);
#900 = LINE('',#901,#902);
#901 = CARTESIAN_POINT('',(2.2,2.3,0.475));
#902 = VECTOR('',#903,1.);
#903 = DIRECTION('',(2.22044604925E-16,-1.,0.));
#904 = ORIENTED_EDGE('',*,*,#564,.F.);
#905 = ORIENTED_EDGE('',*,*,#906,.F.);
#906 = EDGE_CURVE('',#907,#557,#909,.T.);
#907 = VERTEX_POINT('',#908);
#908 = CARTESIAN_POINT('',(2.2,2.3,0.475));
#909 = LINE('',#910,#911);
#910 = CARTESIAN_POINT('',(2.2,2.3,0.475));
#911 = VECTOR('',#912,1.);
#912 = DIRECTION('',(2.22044604925E-16,-1.,0.));
#913 = ORIENTED_EDGE('',*,*,#914,.F.);
#914 = EDGE_CURVE('',#787,#907,#915,.T.);
#915 = B_SPLINE_CURVE_WITH_KNOTS('',1,(#916,#917),.UNSPECIFIED.,.F.,.F.,
  (2,2),(0.,1.),.PIECEWISE_BEZIER_KNOTS.);
#916 = CARTESIAN_POINT('',(2.120291289374,2.260145644687,0.1));
#917 = CARTESIAN_POINT('',(2.2,2.3,0.475));
#918 = B_SPLINE_SURFACE_WITH_KNOTS('',1,1,(
    (#919,#920)
    ,(#921,#922
  )),.UNSPECIFIED.,.F.,.F.,.F.,(2,2),(2,2),(0.,4.6),(0.,1.),
  .PIECEWISE_BEZIER_KNOTS.);
#919 = CARTESIAN_POINT('',(2.120291289374,2.260145644687,0.1));
#920 = CARTESIAN_POINT('',(2.2,2.3,0.475));
#921 = CARTESIAN_POINT('',(2.120291289374,-2.260145644687,0.1));
#922 = CARTESIAN_POINT('',(2.2,-2.3,0.475));
#923 = ADVANCED_FACE('',(#924),#935,.T.);
#924 = FACE_BOUND('',#925,.T.);
#925 = EDGE_LOOP('',(#926,#927,#933,#934));
#926 = ORIENTED_EDGE('',*,*,#629,.T.);
#927 = ORIENTED_EDGE('',*,*,#928,.T.);
#928 = EDGE_CURVE('',#630,#714,#929,.T.);
#929 = LINE('',#930,#931);
#930 = CARTESIAN_POINT('',(2.75,2.08,1.110223024625E-16));
#931 = VECTOR('',#932,1.);
#932 = DIRECTION('',(2.22044604925E-16,-1.,0.));
#933 = ORIENTED_EDGE('',*,*,#713,.F.);
#934 = ORIENTED_EDGE('',*,*,#596,.F.);
#935 = CYLINDRICAL_SURFACE('',#936,0.25);
#936 = AXIS2_PLACEMENT_3D('',#937,#938,#939);
#937 = CARTESIAN_POINT('',(2.75,2.08,0.25));
#938 = DIRECTION('',(-2.22044604925E-16,1.,0.));
#939 = DIRECTION('',(-1.,-2.22044604925E-16,-2.442490654175E-15));
#940 = ADVANCED_FACE('',(#941),#958,.F.);
#941 = FACE_BOUND('',#942,.F.);
#942 = EDGE_LOOP('',(#943,#950,#951,#952));
#943 = ORIENTED_EDGE('',*,*,#944,.F.);
#944 = EDGE_CURVE('',#907,#945,#947,.T.);
#945 = VERTEX_POINT('',#946);
#946 = CARTESIAN_POINT('',(2.2,2.3,0.625));
#947 = B_SPLINE_CURVE_WITH_KNOTS('',1,(#948,#949),.UNSPECIFIED.,.F.,.F.,
  (2,2),(0.,1.),.PIECEWISE_BEZIER_KNOTS.);
#948 = CARTESIAN_POINT('',(2.2,2.3,0.475));
#949 = CARTESIAN_POINT('',(2.2,2.3,0.625));
#950 = ORIENTED_EDGE('',*,*,#906,.T.);
#951 = ORIENTED_EDGE('',*,*,#618,.T.);
#952 = ORIENTED_EDGE('',*,*,#953,.F.);
#953 = EDGE_CURVE('',#945,#619,#954,.T.);
#954 = LINE('',#955,#956);
#955 = CARTESIAN_POINT('',(2.2,2.3,0.625));
#956 = VECTOR('',#957,1.);
#957 = DIRECTION('',(2.22044604925E-16,-1.,0.));
#958 = PLANE('',#959);
#959 = AXIS2_PLACEMENT_3D('',#960,#961,#962);
#960 = CARTESIAN_POINT('',(2.2,2.3,0.625));
#961 = DIRECTION('',(-1.,-2.22044604925E-16,0.));
#962 = DIRECTION('',(2.22044604925E-16,-1.,0.));
#963 = ADVANCED_FACE('',(#964),#996,.F.);
#964 = FACE_BOUND('',#965,.F.);
#965 = EDGE_LOOP('',(#966,#967,#973,#974,#982,#990));
#966 = ORIENTED_EDGE('',*,*,#688,.F.);
#967 = ORIENTED_EDGE('',*,*,#968,.T.);
#968 = EDGE_CURVE('',#680,#764,#969,.T.);
#969 = LINE('',#970,#971);
#970 = CARTESIAN_POINT('',(2.4,2.08,0.625));
#971 = VECTOR('',#972,1.);
#972 = DIRECTION('',(2.22044604925E-16,-1.,0.));
#973 = ORIENTED_EDGE('',*,*,#772,.T.);
#974 = ORIENTED_EDGE('',*,*,#975,.T.);
#975 = EDGE_CURVE('',#703,#976,#978,.T.);
#976 = VERTEX_POINT('',#977);
#977 = CARTESIAN_POINT('',(2.15,1.82,0.625));
#978 = LINE('',#979,#980);
#979 = CARTESIAN_POINT('',(2.4,1.82,0.625));
#980 = VECTOR('',#981,1.);
#981 = DIRECTION('',(-1.,-2.22044604925E-16,0.));
#982 = ORIENTED_EDGE('',*,*,#983,.F.);
#983 = EDGE_CURVE('',#984,#976,#986,.T.);
#984 = VERTEX_POINT('',#985);
#985 = CARTESIAN_POINT('',(2.15,2.08,0.625));
#986 = LINE('',#987,#988);
#987 = CARTESIAN_POINT('',(2.15,2.275,0.625));
#988 = VECTOR('',#989,1.);
#989 = DIRECTION('',(2.22044604925E-16,-1.,0.));
#990 = ORIENTED_EDGE('',*,*,#991,.F.);
#991 = EDGE_CURVE('',#619,#984,#992,.T.);
#992 = LINE('',#993,#994);
#993 = CARTESIAN_POINT('',(2.4,2.08,0.625));
#994 = VECTOR('',#995,1.);
#995 = DIRECTION('',(-1.,-2.22044604925E-16,0.));
#996 = PLANE('',#997);
#997 = AXIS2_PLACEMENT_3D('',#998,#999,#1000);
#998 = CARTESIAN_POINT('',(2.4,2.08,0.625));
#999 = DIRECTION('',(0.,0.,-1.));
#1000 = DIRECTION('',(-1.,-2.22044604925E-16,-0.));
#1001 = ADVANCED_FACE('',(#1002),#1013,.T.);
#1002 = FACE_BOUND('',#1003,.T.);
#1003 = EDGE_LOOP('',(#1004,#1005,#1006,#1007));
#1004 = ORIENTED_EDGE('',*,*,#679,.T.);
#1005 = ORIENTED_EDGE('',*,*,#968,.T.);
#1006 = ORIENTED_EDGE('',*,*,#763,.F.);
#1007 = ORIENTED_EDGE('',*,*,#1008,.F.);
#1008 = EDGE_CURVE('',#672,#756,#1009,.T.);
#1009 = LINE('',#1010,#1011);
#1010 = CARTESIAN_POINT('',(2.65,2.08,0.375));
#1011 = VECTOR('',#1012,1.);
#1012 = DIRECTION('',(2.22044604925E-16,-1.,0.));
#1013 = CYLINDRICAL_SURFACE('',#1014,0.25);
#1014 = AXIS2_PLACEMENT_3D('',#1015,#1016,#1017);
#1015 = CARTESIAN_POINT('',(2.4,2.08,0.375));
#1016 = DIRECTION('',(-2.22044604925E-16,1.,0.));
#1017 = DIRECTION('',(1.,2.22044604925E-16,2.6645352591E-15));
#1018 = ADVANCED_FACE('',(#1019),#1030,.F.);
#1019 = FACE_BOUND('',#1020,.F.);
#1020 = EDGE_LOOP('',(#1021,#1027,#1028,#1029));
#1021 = ORIENTED_EDGE('',*,*,#1022,.T.);
#1022 = EDGE_CURVE('',#663,#747,#1023,.T.);
#1023 = LINE('',#1024,#1025);
#1024 = CARTESIAN_POINT('',(2.65,2.08,0.25));
#1025 = VECTOR('',#1026,1.);
#1026 = DIRECTION('',(2.22044604925E-16,-1.,0.));
#1027 = ORIENTED_EDGE('',*,*,#755,.T.);
#1028 = ORIENTED_EDGE('',*,*,#1008,.F.);
#1029 = ORIENTED_EDGE('',*,*,#671,.F.);
#1030 = PLANE('',#1031);
#1031 = AXIS2_PLACEMENT_3D('',#1032,#1033,#1034);
#1032 = CARTESIAN_POINT('',(2.65,2.08,0.25));
#1033 = DIRECTION('',(-1.,-2.22044604925E-16,0.));
#1034 = DIRECTION('',(0.,0.,1.));
#1035 = ADVANCED_FACE('',(#1036),#1047,.F.);
#1036 = FACE_BOUND('',#1037,.F.);
#1037 = EDGE_LOOP('',(#1038,#1044,#1045,#1046));
#1038 = ORIENTED_EDGE('',*,*,#1039,.T.);
#1039 = EDGE_CURVE('',#655,#739,#1040,.T.);
#1040 = LINE('',#1041,#1042);
#1041 = CARTESIAN_POINT('',(2.75,2.08,0.15));
#1042 = VECTOR('',#1043,1.);
#1043 = DIRECTION('',(2.22044604925E-16,-1.,0.));
#1044 = ORIENTED_EDGE('',*,*,#746,.T.);
#1045 = ORIENTED_EDGE('',*,*,#1022,.F.);
#1046 = ORIENTED_EDGE('',*,*,#662,.F.);
#1047 = CYLINDRICAL_SURFACE('',#1048,0.1);
#1048 = AXIS2_PLACEMENT_3D('',#1049,#1050,#1051);
#1049 = CARTESIAN_POINT('',(2.75,2.08,0.25));
#1050 = DIRECTION('',(-2.22044604925E-16,1.,0.));
#1051 = DIRECTION('',(0.,0.,-1.));
#1052 = ADVANCED_FACE('',(#1053),#1064,.F.);
#1053 = FACE_BOUND('',#1054,.F.);
#1054 = EDGE_LOOP('',(#1055,#1061,#1062,#1063));
#1055 = ORIENTED_EDGE('',*,*,#1056,.T.);
#1056 = EDGE_CURVE('',#647,#731,#1057,.T.);
#1057 = LINE('',#1058,#1059);
#1058 = CARTESIAN_POINT('',(3.2,2.08,0.15));
#1059 = VECTOR('',#1060,1.);
#1060 = DIRECTION('',(2.22044604925E-16,-1.,0.));
#1061 = ORIENTED_EDGE('',*,*,#738,.T.);
#1062 = ORIENTED_EDGE('',*,*,#1039,.F.);
#1063 = ORIENTED_EDGE('',*,*,#654,.F.);
#1064 = PLANE('',#1065);
#1065 = AXIS2_PLACEMENT_3D('',#1066,#1067,#1068);
#1066 = CARTESIAN_POINT('',(3.2,2.08,0.15));
#1067 = DIRECTION('',(0.,0.,-1.));
#1068 = DIRECTION('',(-1.,-2.22044604925E-16,-0.));
#1069 = ADVANCED_FACE('',(#1070),#1081,.F.);
#1070 = FACE_BOUND('',#1071,.F.);
#1071 = EDGE_LOOP('',(#1072,#1078,#1079,#1080));
#1072 = ORIENTED_EDGE('',*,*,#1073,.T.);
#1073 = EDGE_CURVE('',#639,#723,#1074,.T.);
#1074 = LINE('',#1075,#1076);
#1075 = CARTESIAN_POINT('',(3.2,2.08,1.110223024625E-16));
#1076 = VECTOR('',#1077,1.);
#1077 = DIRECTION('',(2.22044604925E-16,-1.,0.));
#1078 = ORIENTED_EDGE('',*,*,#730,.T.);
#1079 = ORIENTED_EDGE('',*,*,#1056,.F.);
#1080 = ORIENTED_EDGE('',*,*,#646,.F.);
#1081 = PLANE('',#1082);
#1082 = AXIS2_PLACEMENT_3D('',#1083,#1084,#1085);
#1083 = CARTESIAN_POINT('',(3.2,2.08,1.110223024625E-16));
#1084 = DIRECTION('',(-1.,-2.22044604925E-16,0.));
#1085 = DIRECTION('',(0.,0.,1.));
#1086 = ADVANCED_FACE('',(#1087),#1093,.F.);
#1087 = FACE_BOUND('',#1088,.F.);
#1088 = EDGE_LOOP('',(#1089,#1090,#1091,#1092));
#1089 = ORIENTED_EDGE('',*,*,#928,.T.);
#1090 = ORIENTED_EDGE('',*,*,#722,.T.);
#1091 = ORIENTED_EDGE('',*,*,#1073,.F.);
#1092 = ORIENTED_EDGE('',*,*,#638,.F.);
#1093 = PLANE('',#1094);
#1094 = AXIS2_PLACEMENT_3D('',#1095,#1096,#1097);
#1095 = CARTESIAN_POINT('',(2.75,2.08,1.110223024625E-16));
#1096 = DIRECTION('',(0.,0.,1.));
#1097 = DIRECTION('',(1.,2.22044604925E-16,0.));
#1098 = ADVANCED_FACE('',(#1099),#1117,.F.);
#1099 = FACE_BOUND('',#1100,.F.);
#1100 = EDGE_LOOP('',(#1101,#1102,#1103,#1111));
#1101 = ORIENTED_EDGE('',*,*,#702,.F.);
#1102 = ORIENTED_EDGE('',*,*,#899,.T.);
#1103 = ORIENTED_EDGE('',*,*,#1104,.T.);
#1104 = EDGE_CURVE('',#892,#1105,#1107,.T.);
#1105 = VERTEX_POINT('',#1106);
#1106 = CARTESIAN_POINT('',(2.2,1.43,0.625));
#1107 = LINE('',#1108,#1109);
#1108 = CARTESIAN_POINT('',(2.2,1.43,0.457393753309));
#1109 = VECTOR('',#1110,1.);
#1110 = DIRECTION('',(0.,0.,1.));
#1111 = ORIENTED_EDGE('',*,*,#1112,.F.);
#1112 = EDGE_CURVE('',#703,#1105,#1113,.T.);
#1113 = LINE('',#1114,#1115);
#1114 = CARTESIAN_POINT('',(2.2,2.3,0.625));
#1115 = VECTOR('',#1116,1.);
#1116 = DIRECTION('',(2.22044604925E-16,-1.,0.));
#1117 = PLANE('',#1118);
#1118 = AXIS2_PLACEMENT_3D('',#1119,#1120,#1121);
#1119 = CARTESIAN_POINT('',(2.2,2.3,0.625));
#1120 = DIRECTION('',(-1.,-2.22044604925E-16,0.));
#1121 = DIRECTION('',(2.22044604925E-16,-1.,0.));
#1122 = ADVANCED_FACE('',(#1123),#1180,.T.);
#1123 = FACE_BOUND('',#1124,.T.);
#1124 = EDGE_LOOP('',(#1125,#1135,#1141,#1142,#1150,#1158,#1166,#1174));
#1125 = ORIENTED_EDGE('',*,*,#1126,.T.);
#1126 = EDGE_CURVE('',#1127,#1129,#1131,.T.);
#1127 = VERTEX_POINT('',#1128);
#1128 = CARTESIAN_POINT('',(-1.960145644687,2.420291289374,0.1));
#1129 = VERTEX_POINT('',#1130);
#1130 = CARTESIAN_POINT('',(1.960145644687,2.420291289374,0.1));
#1131 = LINE('',#1132,#1133);
#1132 = CARTESIAN_POINT('',(-1.960145644687,2.420291289374,0.1));
#1133 = VECTOR('',#1134,1.);
#1134 = DIRECTION('',(1.,2.22044604925E-16,0.));
#1135 = ORIENTED_EDGE('',*,*,#1136,.T.);
#1136 = EDGE_CURVE('',#1129,#787,#1137,.T.);
#1137 = LINE('',#1138,#1139);
#1138 = CARTESIAN_POINT('',(1.960145644687,2.420291289374,0.1));
#1139 = VECTOR('',#1140,1.);
#1140 = DIRECTION('',(0.707106781187,-0.707106781187,0.));
#1141 = ORIENTED_EDGE('',*,*,#786,.T.);
#1142 = ORIENTED_EDGE('',*,*,#1143,.T.);
#1143 = EDGE_CURVE('',#789,#1144,#1146,.T.);
#1144 = VERTEX_POINT('',#1145);
#1145 = CARTESIAN_POINT('',(1.960145644687,-2.420291289374,0.1));
#1146 = LINE('',#1147,#1148);
#1147 = CARTESIAN_POINT('',(2.120291289374,-2.260145644687,0.1));
#1148 = VECTOR('',#1149,1.);
#1149 = DIRECTION('',(-0.707106781187,-0.707106781187,0.));
#1150 = ORIENTED_EDGE('',*,*,#1151,.T.);
#1151 = EDGE_CURVE('',#1144,#1152,#1154,.T.);
#1152 = VERTEX_POINT('',#1153);
#1153 = CARTESIAN_POINT('',(-1.960145644687,-2.420291289374,0.1));
#1154 = LINE('',#1155,#1156);
#1155 = CARTESIAN_POINT('',(1.960145644687,-2.420291289374,0.1));
#1156 = VECTOR('',#1157,1.);
#1157 = DIRECTION('',(-1.,-2.22044604925E-16,0.));
#1158 = ORIENTED_EDGE('',*,*,#1159,.T.);
#1159 = EDGE_CURVE('',#1152,#1160,#1162,.T.);
#1160 = VERTEX_POINT('',#1161);
#1161 = CARTESIAN_POINT('',(-2.120291289374,-2.260145644687,0.1));
#1162 = LINE('',#1163,#1164);
#1163 = CARTESIAN_POINT('',(-1.960145644687,-2.420291289374,0.1));
#1164 = VECTOR('',#1165,1.);
#1165 = DIRECTION('',(-0.707106781187,0.707106781187,0.));
#1166 = ORIENTED_EDGE('',*,*,#1167,.T.);
#1167 = EDGE_CURVE('',#1160,#1168,#1170,.T.);
#1168 = VERTEX_POINT('',#1169);
#1169 = CARTESIAN_POINT('',(-2.120291289374,2.260145644687,0.1));
#1170 = LINE('',#1171,#1172);
#1171 = CARTESIAN_POINT('',(-2.120291289374,-2.260145644687,0.1));
#1172 = VECTOR('',#1173,1.);
#1173 = DIRECTION('',(-2.22044604925E-16,1.,0.));
#1174 = ORIENTED_EDGE('',*,*,#1175,.T.);
#1175 = EDGE_CURVE('',#1168,#1127,#1176,.T.);
#1176 = LINE('',#1177,#1178);
#1177 = CARTESIAN_POINT('',(-2.120291289374,2.260145644687,0.1));
#1178 = VECTOR('',#1179,1.);
#1179 = DIRECTION('',(0.707106781187,0.707106781187,0.));
#1180 = PLANE('',#1181);
#1181 = AXIS2_PLACEMENT_3D('',#1182,#1183,#1184);
#1182 = CARTESIAN_POINT('',(-1.960145644687,2.420291289374,0.1));
#1183 = DIRECTION('',(0.,0.,-1.));
#1184 = DIRECTION('',(0.62936545726,-0.777109465396,0.));
#1185 = ADVANCED_FACE('',(#1186),#1203,.F.);
#1186 = FACE_BOUND('',#1187,.F.);
#1187 = EDGE_LOOP('',(#1188,#1189,#1190,#1198));
#1188 = ORIENTED_EDGE('',*,*,#1136,.T.);
#1189 = ORIENTED_EDGE('',*,*,#914,.T.);
#1190 = ORIENTED_EDGE('',*,*,#1191,.F.);
#1191 = EDGE_CURVE('',#1192,#907,#1194,.T.);
#1192 = VERTEX_POINT('',#1193);
#1193 = CARTESIAN_POINT('',(2.,2.5,0.475));
#1194 = LINE('',#1195,#1196);
#1195 = CARTESIAN_POINT('',(2.,2.5,0.475));
#1196 = VECTOR('',#1197,1.);
#1197 = DIRECTION('',(0.707106781187,-0.707106781187,0.));
#1198 = ORIENTED_EDGE('',*,*,#1199,.F.);
#1199 = EDGE_CURVE('',#1129,#1192,#1200,.T.);
#1200 = B_SPLINE_CURVE_WITH_KNOTS('',1,(#1201,#1202),.UNSPECIFIED.,.F.,
  .F.,(2,2),(0.,1.),.PIECEWISE_BEZIER_KNOTS.);
#1201 = CARTESIAN_POINT('',(1.960145644687,2.420291289374,0.1));
#1202 = CARTESIAN_POINT('',(2.,2.5,0.475));
#1203 = B_SPLINE_SURFACE_WITH_KNOTS('',1,1,(
    (#1204,#1205)
    ,(#1206,#1207
    )),.UNSPECIFIED.,.F.,.F.,.F.,(2,2),(2,2),(0.,0.282842712475),(0.,1.)
  ,.PIECEWISE_BEZIER_KNOTS.);
#1204 = CARTESIAN_POINT('',(1.960145644687,2.420291289374,0.1));
#1205 = CARTESIAN_POINT('',(2.,2.5,0.475));
#1206 = CARTESIAN_POINT('',(2.120291289374,2.260145644687,0.1));
#1207 = CARTESIAN_POINT('',(2.2,2.3,0.475));
#1208 = ADVANCED_FACE('',(#1209),#1226,.F.);
#1209 = FACE_BOUND('',#1210,.F.);
#1210 = EDGE_LOOP('',(#1211,#1212,#1219,#1225));
#1211 = ORIENTED_EDGE('',*,*,#1143,.T.);
#1212 = ORIENTED_EDGE('',*,*,#1213,.T.);
#1213 = EDGE_CURVE('',#1144,#1214,#1216,.T.);
#1214 = VERTEX_POINT('',#1215);
#1215 = CARTESIAN_POINT('',(2.,-2.5,0.475));
#1216 = B_SPLINE_CURVE_WITH_KNOTS('',1,(#1217,#1218),.UNSPECIFIED.,.F.,
  .F.,(2,2),(0.,1.),.PIECEWISE_BEZIER_KNOTS.);
#1217 = CARTESIAN_POINT('',(1.960145644687,-2.420291289374,0.1));
#1218 = CARTESIAN_POINT('',(2.,-2.5,0.475));
#1219 = ORIENTED_EDGE('',*,*,#1220,.F.);
#1220 = EDGE_CURVE('',#797,#1214,#1221,.T.);
#1221 = LINE('',#1222,#1223);
#1222 = CARTESIAN_POINT('',(2.2,-2.3,0.475));
#1223 = VECTOR('',#1224,1.);
#1224 = DIRECTION('',(-0.707106781187,-0.707106781187,0.));
#1225 = ORIENTED_EDGE('',*,*,#796,.F.);
#1226 = B_SPLINE_SURFACE_WITH_KNOTS('',1,1,(
    (#1227,#1228)
    ,(#1229,#1230
    )),.UNSPECIFIED.,.F.,.F.,.F.,(2,2),(2,2),(0.,0.282842712475),(0.,1.)
  ,.PIECEWISE_BEZIER_KNOTS.);
#1227 = CARTESIAN_POINT('',(2.120291289374,-2.260145644687,0.1));
#1228 = CARTESIAN_POINT('',(2.2,-2.3,0.475));
#1229 = CARTESIAN_POINT('',(1.960145644687,-2.420291289374,0.1));
#1230 = CARTESIAN_POINT('',(2.,-2.5,0.475));
#1231 = ADVANCED_FACE('',(#1232),#1256,.F.);
#1232 = FACE_BOUND('',#1233,.F.);
#1233 = EDGE_LOOP('',(#1234,#1242,#1243,#1250));
#1234 = ORIENTED_EDGE('',*,*,#1235,.F.);
#1235 = EDGE_CURVE('',#804,#1236,#1238,.T.);
#1236 = VERTEX_POINT('',#1237);
#1237 = CARTESIAN_POINT('',(2.2,-2.08,0.625));
#1238 = LINE('',#1239,#1240);
#1239 = CARTESIAN_POINT('',(2.2,-2.08,0.457393753309));
#1240 = VECTOR('',#1241,1.);
#1241 = DIRECTION('',(0.,0.,1.));
#1242 = ORIENTED_EDGE('',*,*,#803,.T.);
#1243 = ORIENTED_EDGE('',*,*,#1244,.T.);
#1244 = EDGE_CURVE('',#797,#1245,#1247,.T.);
#1245 = VERTEX_POINT('',#1246);
#1246 = CARTESIAN_POINT('',(2.2,-2.3,0.625));
#1247 = B_SPLINE_CURVE_WITH_KNOTS('',1,(#1248,#1249),.UNSPECIFIED.,.F.,
  .F.,(2,2),(0.,1.),.PIECEWISE_BEZIER_KNOTS.);
#1248 = CARTESIAN_POINT('',(2.2,-2.3,0.475));
#1249 = CARTESIAN_POINT('',(2.2,-2.3,0.625));
#1250 = ORIENTED_EDGE('',*,*,#1251,.F.);
#1251 = EDGE_CURVE('',#1236,#1245,#1252,.T.);
#1252 = LINE('',#1253,#1254);
#1253 = CARTESIAN_POINT('',(2.2,2.3,0.625));
#1254 = VECTOR('',#1255,1.);
#1255 = DIRECTION('',(2.22044604925E-16,-1.,0.));
#1256 = PLANE('',#1257);
#1257 = AXIS2_PLACEMENT_3D('',#1258,#1259,#1260);
#1258 = CARTESIAN_POINT('',(2.2,2.3,0.625));
#1259 = DIRECTION('',(-1.,-2.22044604925E-16,0.));
#1260 = DIRECTION('',(2.22044604925E-16,-1.,0.));
#1261 = ADVANCED_FACE('',(#1262),#1287,.F.);
#1262 = FACE_BOUND('',#1263,.F.);
#1263 = EDGE_LOOP('',(#1264,#1272,#1273,#1281));
#1264 = ORIENTED_EDGE('',*,*,#1265,.F.);
#1265 = EDGE_CURVE('',#812,#1266,#1268,.T.);
#1266 = VERTEX_POINT('',#1267);
#1267 = CARTESIAN_POINT('',(2.4,-1.82,0.475));
#1268 = LINE('',#1269,#1270);
#1269 = CARTESIAN_POINT('',(2.1,-1.82,0.475));
#1270 = VECTOR('',#1271,1.);
#1271 = DIRECTION('',(1.,2.22044604925E-16,0.));
#1272 = ORIENTED_EDGE('',*,*,#811,.T.);
#1273 = ORIENTED_EDGE('',*,*,#1274,.T.);
#1274 = EDGE_CURVE('',#804,#1275,#1277,.T.);
#1275 = VERTEX_POINT('',#1276);
#1276 = CARTESIAN_POINT('',(2.4,-2.08,0.475));
#1277 = LINE('',#1278,#1279);
#1278 = CARTESIAN_POINT('',(2.1,-2.08,0.475));
#1279 = VECTOR('',#1280,1.);
#1280 = DIRECTION('',(1.,2.22044604925E-16,0.));
#1281 = ORIENTED_EDGE('',*,*,#1282,.F.);
#1282 = EDGE_CURVE('',#1266,#1275,#1283,.T.);
#1283 = LINE('',#1284,#1285);
#1284 = CARTESIAN_POINT('',(2.4,-1.82,0.475));
#1285 = VECTOR('',#1286,1.);
#1286 = DIRECTION('',(2.22044604925E-16,-1.,0.));
#1287 = PLANE('',#1288);
#1288 = AXIS2_PLACEMENT_3D('',#1289,#1290,#1291);
#1289 = CARTESIAN_POINT('',(2.1,-1.82,0.475));
#1290 = DIRECTION('',(0.,0.,1.));
#1291 = DIRECTION('',(1.,2.22044604925E-16,0.));
#1292 = ADVANCED_FACE('',(#1293),#1318,.F.);
#1293 = FACE_BOUND('',#1294,.F.);
#1294 = EDGE_LOOP('',(#1295,#1303,#1304,#1312));
#1295 = ORIENTED_EDGE('',*,*,#1296,.F.);
#1296 = EDGE_CURVE('',#820,#1297,#1299,.T.);
#1297 = VERTEX_POINT('',#1298);
#1298 = CARTESIAN_POINT('',(2.2,-1.43,0.625));
#1299 = LINE('',#1300,#1301);
#1300 = CARTESIAN_POINT('',(2.2,-1.43,0.457393753309));
#1301 = VECTOR('',#1302,1.);
#1302 = DIRECTION('',(0.,0.,1.));
#1303 = ORIENTED_EDGE('',*,*,#819,.T.);
#1304 = ORIENTED_EDGE('',*,*,#1305,.T.);
#1305 = EDGE_CURVE('',#812,#1306,#1308,.T.);
#1306 = VERTEX_POINT('',#1307);
#1307 = CARTESIAN_POINT('',(2.2,-1.82,0.625));
#1308 = LINE('',#1309,#1310);
#1309 = CARTESIAN_POINT('',(2.2,-1.82,0.457393753309));
#1310 = VECTOR('',#1311,1.);
#1311 = DIRECTION('',(0.,0.,1.));
#1312 = ORIENTED_EDGE('',*,*,#1313,.F.);
#1313 = EDGE_CURVE('',#1297,#1306,#1314,.T.);
#1314 = LINE('',#1315,#1316);
#1315 = CARTESIAN_POINT('',(2.2,2.3,0.625));
#1316 = VECTOR('',#1317,1.);
#1317 = DIRECTION('',(2.22044604925E-16,-1.,0.));
#1318 = PLANE('',#1319);
#1319 = AXIS2_PLACEMENT_3D('',#1320,#1321,#1322);
#1320 = CARTESIAN_POINT('',(2.2,2.3,0.625));
#1321 = DIRECTION('',(-1.,-2.22044604925E-16,0.));
#1322 = DIRECTION('',(2.22044604925E-16,-1.,0.));
#1323 = ADVANCED_FACE('',(#1324),#1349,.F.);
#1324 = FACE_BOUND('',#1325,.F.);
#1325 = EDGE_LOOP('',(#1326,#1334,#1335,#1343));
#1326 = ORIENTED_EDGE('',*,*,#1327,.F.);
#1327 = EDGE_CURVE('',#892,#1328,#1330,.T.);
#1328 = VERTEX_POINT('',#1329);
#1329 = CARTESIAN_POINT('',(2.4,1.43,0.475));
#1330 = LINE('',#1331,#1332);
#1331 = CARTESIAN_POINT('',(2.1,1.43,0.475));
#1332 = VECTOR('',#1333,1.);
#1333 = DIRECTION('',(1.,2.22044604925E-16,0.));
#1334 = ORIENTED_EDGE('',*,*,#891,.T.);
#1335 = ORIENTED_EDGE('',*,*,#1336,.T.);
#1336 = EDGE_CURVE('',#884,#1337,#1339,.T.);
#1337 = VERTEX_POINT('',#1338);
#1338 = CARTESIAN_POINT('',(2.4,1.17,0.475));
#1339 = LINE('',#1340,#1341);
#1340 = CARTESIAN_POINT('',(2.1,1.17,0.475));
#1341 = VECTOR('',#1342,1.);
#1342 = DIRECTION('',(1.,2.22044604925E-16,0.));
#1343 = ORIENTED_EDGE('',*,*,#1344,.F.);
#1344 = EDGE_CURVE('',#1328,#1337,#1345,.T.);
#1345 = LINE('',#1346,#1347);
#1346 = CARTESIAN_POINT('',(2.4,1.43,0.475));
#1347 = VECTOR('',#1348,1.);
#1348 = DIRECTION('',(2.22044604925E-16,-1.,0.));
#1349 = PLANE('',#1350);
#1350 = AXIS2_PLACEMENT_3D('',#1351,#1352,#1353);
#1351 = CARTESIAN_POINT('',(2.1,1.43,0.475));
#1352 = DIRECTION('',(0.,0.,1.));
#1353 = DIRECTION('',(1.,2.22044604925E-16,0.));
#1354 = ADVANCED_FACE('',(#1355),#1380,.F.);
#1355 = FACE_BOUND('',#1356,.F.);
#1356 = EDGE_LOOP('',(#1357,#1365,#1366,#1374));
#1357 = ORIENTED_EDGE('',*,*,#1358,.F.);
#1358 = EDGE_CURVE('',#828,#1359,#1361,.T.);
#1359 = VERTEX_POINT('',#1360);
#1360 = CARTESIAN_POINT('',(2.4,-1.17,0.475));
#1361 = LINE('',#1362,#1363);
#1362 = CARTESIAN_POINT('',(2.1,-1.17,0.475));
#1363 = VECTOR('',#1364,1.);
#1364 = DIRECTION('',(1.,2.22044604925E-16,0.));
#1365 = ORIENTED_EDGE('',*,*,#827,.T.);
#1366 = ORIENTED_EDGE('',*,*,#1367,.T.);
#1367 = EDGE_CURVE('',#820,#1368,#1370,.T.);
#1368 = VERTEX_POINT('',#1369);
#1369 = CARTESIAN_POINT('',(2.4,-1.43,0.475));
#1370 = LINE('',#1371,#1372);
#1371 = CARTESIAN_POINT('',(2.1,-1.43,0.475));
#1372 = VECTOR('',#1373,1.);
#1373 = DIRECTION('',(1.,2.22044604925E-16,0.));
#1374 = ORIENTED_EDGE('',*,*,#1375,.F.);
#1375 = EDGE_CURVE('',#1359,#1368,#1376,.T.);
#1376 = LINE('',#1377,#1378);
#1377 = CARTESIAN_POINT('',(2.4,-1.17,0.475));
#1378 = VECTOR('',#1379,1.);
#1379 = DIRECTION('',(2.22044604925E-16,-1.,0.));
#1380 = PLANE('',#1381);
#1381 = AXIS2_PLACEMENT_3D('',#1382,#1383,#1384);
#1382 = CARTESIAN_POINT('',(2.1,-1.17,0.475));
#1383 = DIRECTION('',(0.,0.,1.));
#1384 = DIRECTION('',(1.,2.22044604925E-16,0.));
#1385 = ADVANCED_FACE('',(#1386),#1411,.F.);
#1386 = FACE_BOUND('',#1387,.F.);
#1387 = EDGE_LOOP('',(#1388,#1396,#1397,#1405));
#1388 = ORIENTED_EDGE('',*,*,#1389,.F.);
#1389 = EDGE_CURVE('',#884,#1390,#1392,.T.);
#1390 = VERTEX_POINT('',#1391);
#1391 = CARTESIAN_POINT('',(2.2,1.17,0.625));
#1392 = LINE('',#1393,#1394);
#1393 = CARTESIAN_POINT('',(2.2,1.17,0.457393753309));
#1394 = VECTOR('',#1395,1.);
#1395 = DIRECTION('',(0.,0.,1.));
#1396 = ORIENTED_EDGE('',*,*,#883,.T.);
#1397 = ORIENTED_EDGE('',*,*,#1398,.T.);
#1398 = EDGE_CURVE('',#876,#1399,#1401,.T.);
#1399 = VERTEX_POINT('',#1400);
#1400 = CARTESIAN_POINT('',(2.2,0.78,0.625));
#1401 = LINE('',#1402,#1403);
#1402 = CARTESIAN_POINT('',(2.2,0.78,0.457393753309));
#1403 = VECTOR('',#1404,1.);
#1404 = DIRECTION('',(0.,0.,1.));
#1405 = ORIENTED_EDGE('',*,*,#1406,.F.);
#1406 = EDGE_CURVE('',#1390,#1399,#1407,.T.);
#1407 = LINE('',#1408,#1409);
#1408 = CARTESIAN_POINT('',(2.2,2.3,0.625));
#1409 = VECTOR('',#1410,1.);
#1410 = DIRECTION('',(2.22044604925E-16,-1.,0.));
#1411 = PLANE('',#1412);
#1412 = AXIS2_PLACEMENT_3D('',#1413,#1414,#1415);
#1413 = CARTESIAN_POINT('',(2.2,2.3,0.625));
#1414 = DIRECTION('',(-1.,-2.22044604925E-16,0.));
#1415 = DIRECTION('',(2.22044604925E-16,-1.,0.));
#1416 = ADVANCED_FACE('',(#1417),#1442,.F.);
#1417 = FACE_BOUND('',#1418,.F.);
#1418 = EDGE_LOOP('',(#1419,#1427,#1428,#1436));
#1419 = ORIENTED_EDGE('',*,*,#1420,.F.);
#1420 = EDGE_CURVE('',#836,#1421,#1423,.T.);
#1421 = VERTEX_POINT('',#1422);
#1422 = CARTESIAN_POINT('',(2.2,-0.78,0.625));
#1423 = LINE('',#1424,#1425);
#1424 = CARTESIAN_POINT('',(2.2,-0.78,0.457393753309));
#1425 = VECTOR('',#1426,1.);
#1426 = DIRECTION('',(0.,0.,1.));
#1427 = ORIENTED_EDGE('',*,*,#835,.T.);
#1428 = ORIENTED_EDGE('',*,*,#1429,.T.);
#1429 = EDGE_CURVE('',#828,#1430,#1432,.T.);
#1430 = VERTEX_POINT('',#1431);
#1431 = CARTESIAN_POINT('',(2.2,-1.17,0.625));
#1432 = LINE('',#1433,#1434);
#1433 = CARTESIAN_POINT('',(2.2,-1.17,0.457393753309));
#1434 = VECTOR('',#1435,1.);
#1435 = DIRECTION('',(0.,0.,1.));
#1436 = ORIENTED_EDGE('',*,*,#1437,.F.);
#1437 = EDGE_CURVE('',#1421,#1430,#1438,.T.);
#1438 = LINE('',#1439,#1440);
#1439 = CARTESIAN_POINT('',(2.2,2.3,0.625));
#1440 = VECTOR('',#1441,1.);
#1441 = DIRECTION('',(2.22044604925E-16,-1.,0.));
#1442 = PLANE('',#1443);
#1443 = AXIS2_PLACEMENT_3D('',#1444,#1445,#1446);
#1444 = CARTESIAN_POINT('',(2.2,2.3,0.625));
#1445 = DIRECTION('',(-1.,-2.22044604925E-16,0.));
#1446 = DIRECTION('',(2.22044604925E-16,-1.,0.));
#1447 = ADVANCED_FACE('',(#1448),#1473,.F.);
#1448 = FACE_BOUND('',#1449,.F.);
#1449 = EDGE_LOOP('',(#1450,#1458,#1459,#1467));
#1450 = ORIENTED_EDGE('',*,*,#1451,.F.);
#1451 = EDGE_CURVE('',#876,#1452,#1454,.T.);
#1452 = VERTEX_POINT('',#1453);
#1453 = CARTESIAN_POINT('',(2.4,0.78,0.475));
#1454 = LINE('',#1455,#1456);
#1455 = CARTESIAN_POINT('',(2.1,0.78,0.475));
#1456 = VECTOR('',#1457,1.);
#1457 = DIRECTION('',(1.,2.22044604925E-16,0.));
#1458 = ORIENTED_EDGE('',*,*,#875,.T.);
#1459 = ORIENTED_EDGE('',*,*,#1460,.T.);
#1460 = EDGE_CURVE('',#868,#1461,#1463,.T.);
#1461 = VERTEX_POINT('',#1462);
#1462 = CARTESIAN_POINT('',(2.4,0.52,0.475));
#1463 = LINE('',#1464,#1465);
#1464 = CARTESIAN_POINT('',(2.1,0.52,0.475));
#1465 = VECTOR('',#1466,1.);
#1466 = DIRECTION('',(1.,2.22044604925E-16,0.));
#1467 = ORIENTED_EDGE('',*,*,#1468,.F.);
#1468 = EDGE_CURVE('',#1452,#1461,#1469,.T.);
#1469 = LINE('',#1470,#1471);
#1470 = CARTESIAN_POINT('',(2.4,0.78,0.475));
#1471 = VECTOR('',#1472,1.);
#1472 = DIRECTION('',(2.22044604925E-16,-1.,0.));
#1473 = PLANE('',#1474);
#1474 = AXIS2_PLACEMENT_3D('',#1475,#1476,#1477);
#1475 = CARTESIAN_POINT('',(2.1,0.78,0.475));
#1476 = DIRECTION('',(0.,0.,1.));
#1477 = DIRECTION('',(1.,2.22044604925E-16,0.));
#1478 = ADVANCED_FACE('',(#1479),#1504,.F.);
#1479 = FACE_BOUND('',#1480,.F.);
#1480 = EDGE_LOOP('',(#1481,#1489,#1490,#1498));
#1481 = ORIENTED_EDGE('',*,*,#1482,.F.);
#1482 = EDGE_CURVE('',#844,#1483,#1485,.T.);
#1483 = VERTEX_POINT('',#1484);
#1484 = CARTESIAN_POINT('',(2.4,-0.52,0.475));
#1485 = LINE('',#1486,#1487);
#1486 = CARTESIAN_POINT('',(2.1,-0.52,0.475));
#1487 = VECTOR('',#1488,1.);
#1488 = DIRECTION('',(1.,2.22044604925E-16,0.));
#1489 = ORIENTED_EDGE('',*,*,#843,.T.);
#1490 = ORIENTED_EDGE('',*,*,#1491,.T.);
#1491 = EDGE_CURVE('',#836,#1492,#1494,.T.);
#1492 = VERTEX_POINT('',#1493);
#1493 = CARTESIAN_POINT('',(2.4,-0.78,0.475));
#1494 = LINE('',#1495,#1496);
#1495 = CARTESIAN_POINT('',(2.1,-0.78,0.475));
#1496 = VECTOR('',#1497,1.);
#1497 = DIRECTION('',(1.,2.22044604925E-16,0.));
#1498 = ORIENTED_EDGE('',*,*,#1499,.F.);
#1499 = EDGE_CURVE('',#1483,#1492,#1500,.T.);
#1500 = LINE('',#1501,#1502);
#1501 = CARTESIAN_POINT('',(2.4,-0.52,0.475));
#1502 = VECTOR('',#1503,1.);
#1503 = DIRECTION('',(2.22044604925E-16,-1.,0.));
#1504 = PLANE('',#1505);
#1505 = AXIS2_PLACEMENT_3D('',#1506,#1507,#1508);
#1506 = CARTESIAN_POINT('',(2.1,-0.52,0.475));
#1507 = DIRECTION('',(0.,0.,1.));
#1508 = DIRECTION('',(1.,2.22044604925E-16,0.));
#1509 = ADVANCED_FACE('',(#1510),#1535,.F.);
#1510 = FACE_BOUND('',#1511,.F.);
#1511 = EDGE_LOOP('',(#1512,#1520,#1521,#1529));
#1512 = ORIENTED_EDGE('',*,*,#1513,.F.);
#1513 = EDGE_CURVE('',#868,#1514,#1516,.T.);
#1514 = VERTEX_POINT('',#1515);
#1515 = CARTESIAN_POINT('',(2.2,0.52,0.625));
#1516 = LINE('',#1517,#1518);
#1517 = CARTESIAN_POINT('',(2.2,0.52,0.457393753309));
#1518 = VECTOR('',#1519,1.);
#1519 = DIRECTION('',(0.,0.,1.));
#1520 = ORIENTED_EDGE('',*,*,#867,.T.);
#1521 = ORIENTED_EDGE('',*,*,#1522,.T.);
#1522 = EDGE_CURVE('',#860,#1523,#1525,.T.);
#1523 = VERTEX_POINT('',#1524);
#1524 = CARTESIAN_POINT('',(2.2,0.13,0.625));
#1525 = LINE('',#1526,#1527);
#1526 = CARTESIAN_POINT('',(2.2,0.13,0.457393753309));
#1527 = VECTOR('',#1528,1.);
#1528 = DIRECTION('',(0.,0.,1.));
#1529 = ORIENTED_EDGE('',*,*,#1530,.F.);
#1530 = EDGE_CURVE('',#1514,#1523,#1531,.T.);
#1531 = LINE('',#1532,#1533);
#1532 = CARTESIAN_POINT('',(2.2,2.3,0.625));
#1533 = VECTOR('',#1534,1.);
#1534 = DIRECTION('',(2.22044604925E-16,-1.,0.));
#1535 = PLANE('',#1536);
#1536 = AXIS2_PLACEMENT_3D('',#1537,#1538,#1539);
#1537 = CARTESIAN_POINT('',(2.2,2.3,0.625));
#1538 = DIRECTION('',(-1.,-2.22044604925E-16,0.));
#1539 = DIRECTION('',(2.22044604925E-16,-1.,0.));
#1540 = ADVANCED_FACE('',(#1541),#1566,.F.);
#1541 = FACE_BOUND('',#1542,.F.);
#1542 = EDGE_LOOP('',(#1543,#1551,#1552,#1560));
#1543 = ORIENTED_EDGE('',*,*,#1544,.F.);
#1544 = EDGE_CURVE('',#852,#1545,#1547,.T.);
#1545 = VERTEX_POINT('',#1546);
#1546 = CARTESIAN_POINT('',(2.2,-0.13,0.625));
#1547 = LINE('',#1548,#1549);
#1548 = CARTESIAN_POINT('',(2.2,-0.13,0.457393753309));
#1549 = VECTOR('',#1550,1.);
#1550 = DIRECTION('',(0.,0.,1.));
#1551 = ORIENTED_EDGE('',*,*,#851,.T.);
#1552 = ORIENTED_EDGE('',*,*,#1553,.T.);
#1553 = EDGE_CURVE('',#844,#1554,#1556,.T.);
#1554 = VERTEX_POINT('',#1555);
#1555 = CARTESIAN_POINT('',(2.2,-0.52,0.625));
#1556 = LINE('',#1557,#1558);
#1557 = CARTESIAN_POINT('',(2.2,-0.52,0.457393753309));
#1558 = VECTOR('',#1559,1.);
#1559 = DIRECTION('',(0.,0.,1.));
#1560 = ORIENTED_EDGE('',*,*,#1561,.F.);
#1561 = EDGE_CURVE('',#1545,#1554,#1562,.T.);
#1562 = LINE('',#1563,#1564);
#1563 = CARTESIAN_POINT('',(2.2,2.3,0.625));
#1564 = VECTOR('',#1565,1.);
#1565 = DIRECTION('',(2.22044604925E-16,-1.,0.));
#1566 = PLANE('',#1567);
#1567 = AXIS2_PLACEMENT_3D('',#1568,#1569,#1570);
#1568 = CARTESIAN_POINT('',(2.2,2.3,0.625));
#1569 = DIRECTION('',(-1.,-2.22044604925E-16,0.));
#1570 = DIRECTION('',(2.22044604925E-16,-1.,0.));
#1571 = ADVANCED_FACE('',(#1572),#1597,.F.);
#1572 = FACE_BOUND('',#1573,.F.);
#1573 = EDGE_LOOP('',(#1574,#1582,#1583,#1591));
#1574 = ORIENTED_EDGE('',*,*,#1575,.F.);
#1575 = EDGE_CURVE('',#860,#1576,#1578,.T.);
#1576 = VERTEX_POINT('',#1577);
#1577 = CARTESIAN_POINT('',(2.4,0.13,0.475));
#1578 = LINE('',#1579,#1580);
#1579 = CARTESIAN_POINT('',(2.1,0.13,0.475));
#1580 = VECTOR('',#1581,1.);
#1581 = DIRECTION('',(1.,2.22044604925E-16,0.));
#1582 = ORIENTED_EDGE('',*,*,#859,.T.);
#1583 = ORIENTED_EDGE('',*,*,#1584,.T.);
#1584 = EDGE_CURVE('',#852,#1585,#1587,.T.);
#1585 = VERTEX_POINT('',#1586);
#1586 = CARTESIAN_POINT('',(2.4,-0.13,0.475));
#1587 = LINE('',#1588,#1589);
#1588 = CARTESIAN_POINT('',(2.1,-0.13,0.475));
#1589 = VECTOR('',#1590,1.);
#1590 = DIRECTION('',(1.,2.22044604925E-16,0.));
#1591 = ORIENTED_EDGE('',*,*,#1592,.F.);
#1592 = EDGE_CURVE('',#1576,#1585,#1593,.T.);
#1593 = LINE('',#1594,#1595);
#1594 = CARTESIAN_POINT('',(2.4,0.13,0.475));
#1595 = VECTOR('',#1596,1.);
#1596 = DIRECTION('',(2.22044604925E-16,-1.,0.));
#1597 = PLANE('',#1598);
#1598 = AXIS2_PLACEMENT_3D('',#1599,#1600,#1601);
#1599 = CARTESIAN_POINT('',(2.1,0.13,0.475));
#1600 = DIRECTION('',(0.,0.,1.));
#1601 = DIRECTION('',(1.,2.22044604925E-16,0.));
#1602 = ADVANCED_FACE('',(#1603),#1620,.F.);
#1603 = FACE_BOUND('',#1604,.F.);
#1604 = EDGE_LOOP('',(#1605,#1606,#1607,#1615));
#1605 = ORIENTED_EDGE('',*,*,#1191,.T.);
#1606 = ORIENTED_EDGE('',*,*,#944,.T.);
#1607 = ORIENTED_EDGE('',*,*,#1608,.F.);
#1608 = EDGE_CURVE('',#1609,#945,#1611,.T.);
#1609 = VERTEX_POINT('',#1610);
#1610 = CARTESIAN_POINT('',(2.,2.5,0.625));
#1611 = LINE('',#1612,#1613);
#1612 = CARTESIAN_POINT('',(2.,2.5,0.625));
#1613 = VECTOR('',#1614,1.);
#1614 = DIRECTION('',(0.707106781187,-0.707106781187,0.));
#1615 = ORIENTED_EDGE('',*,*,#1616,.F.);
#1616 = EDGE_CURVE('',#1192,#1609,#1617,.T.);
#1617 = B_SPLINE_CURVE_WITH_KNOTS('',1,(#1618,#1619),.UNSPECIFIED.,.F.,
  .F.,(2,2),(0.,1.),.PIECEWISE_BEZIER_KNOTS.);
#1618 = CARTESIAN_POINT('',(2.,2.5,0.475));
#1619 = CARTESIAN_POINT('',(2.,2.5,0.625));
#1620 = PLANE('',#1621);
#1621 = AXIS2_PLACEMENT_3D('',#1622,#1623,#1624);
#1622 = CARTESIAN_POINT('',(2.,2.5,0.625));
#1623 = DIRECTION('',(-0.707106781187,-0.707106781187,0.));
#1624 = DIRECTION('',(0.707106781187,-0.707106781187,0.));
#1625 = ADVANCED_FACE('',(#1626),#1643,.F.);
#1626 = FACE_BOUND('',#1627,.F.);
#1627 = EDGE_LOOP('',(#1628,#1635,#1636,#1637));
#1628 = ORIENTED_EDGE('',*,*,#1629,.F.);
#1629 = EDGE_CURVE('',#945,#1630,#1632,.T.);
#1630 = VERTEX_POINT('',#1631);
#1631 = CARTESIAN_POINT('',(2.15,2.275,0.625));
#1632 = B_SPLINE_CURVE_WITH_KNOTS('',1,(#1633,#1634),.UNSPECIFIED.,.F.,
  .F.,(2,2),(0.,1.),.PIECEWISE_BEZIER_KNOTS.);
#1633 = CARTESIAN_POINT('',(2.2,2.3,0.625));
#1634 = CARTESIAN_POINT('',(2.15,2.275,0.625));
#1635 = ORIENTED_EDGE('',*,*,#953,.T.);
#1636 = ORIENTED_EDGE('',*,*,#991,.T.);
#1637 = ORIENTED_EDGE('',*,*,#1638,.F.);
#1638 = EDGE_CURVE('',#1630,#984,#1639,.T.);
#1639 = LINE('',#1640,#1641);
#1640 = CARTESIAN_POINT('',(2.15,2.275,0.625));
#1641 = VECTOR('',#1642,1.);
#1642 = DIRECTION('',(2.22044604925E-16,-1.,0.));
#1643 = B_SPLINE_SURFACE_WITH_KNOTS('',1,1,(
    (#1644,#1645)
    ,(#1646,#1647
    )),.UNSPECIFIED.,.F.,.F.,.F.,(2,2),(2,2),(0.,4.6),(0.,1.),
  .PIECEWISE_BEZIER_KNOTS.);
#1644 = CARTESIAN_POINT('',(2.2,2.3,0.625));
#1645 = CARTESIAN_POINT('',(2.15,2.275,0.625));
#1646 = CARTESIAN_POINT('',(2.2,-2.3,0.625));
#1647 = CARTESIAN_POINT('',(2.15,-2.275,0.625));
#1648 = ADVANCED_FACE('',(#1649),#1777,.F.);
#1649 = FACE_BOUND('',#1650,.F.);
#1650 = EDGE_LOOP('',(#1651,#1652,#1653,#1661,#1669,#1677,#1685,#1693,
    #1701,#1709,#1717,#1725,#1733,#1741,#1749,#1757,#1764,#1772));
#1651 = ORIENTED_EDGE('',*,*,#1638,.T.);
#1652 = ORIENTED_EDGE('',*,*,#983,.T.);
#1653 = ORIENTED_EDGE('',*,*,#1654,.T.);
#1654 = EDGE_CURVE('',#976,#1655,#1657,.T.);
#1655 = VERTEX_POINT('',#1656);
#1656 = CARTESIAN_POINT('',(2.15,1.43,0.625));
#1657 = LINE('',#1658,#1659);
#1658 = CARTESIAN_POINT('',(2.15,2.275,0.625));
#1659 = VECTOR('',#1660,1.);
#1660 = DIRECTION('',(2.22044604925E-16,-1.,0.));
#1661 = ORIENTED_EDGE('',*,*,#1662,.T.);
#1662 = EDGE_CURVE('',#1655,#1663,#1665,.T.);
#1663 = VERTEX_POINT('',#1664);
#1664 = CARTESIAN_POINT('',(2.15,1.17,0.625));
#1665 = LINE('',#1666,#1667);
#1666 = CARTESIAN_POINT('',(2.15,2.275,0.625));
#1667 = VECTOR('',#1668,1.);
#1668 = DIRECTION('',(2.22044604925E-16,-1.,0.));
#1669 = ORIENTED_EDGE('',*,*,#1670,.T.);
#1670 = EDGE_CURVE('',#1663,#1671,#1673,.T.);
#1671 = VERTEX_POINT('',#1672);
#1672 = CARTESIAN_POINT('',(2.15,0.78,0.625));
#1673 = LINE('',#1674,#1675);
#1674 = CARTESIAN_POINT('',(2.15,2.275,0.625));
#1675 = VECTOR('',#1676,1.);
#1676 = DIRECTION('',(2.22044604925E-16,-1.,0.));
#1677 = ORIENTED_EDGE('',*,*,#1678,.T.);
#1678 = EDGE_CURVE('',#1671,#1679,#1681,.T.);
#1679 = VERTEX_POINT('',#1680);
#1680 = CARTESIAN_POINT('',(2.15,0.52,0.625));
#1681 = LINE('',#1682,#1683);
#1682 = CARTESIAN_POINT('',(2.15,2.275,0.625));
#1683 = VECTOR('',#1684,1.);
#1684 = DIRECTION('',(2.22044604925E-16,-1.,0.));
#1685 = ORIENTED_EDGE('',*,*,#1686,.T.);
#1686 = EDGE_CURVE('',#1679,#1687,#1689,.T.);
#1687 = VERTEX_POINT('',#1688);
#1688 = CARTESIAN_POINT('',(2.15,0.13,0.625));
#1689 = LINE('',#1690,#1691);
#1690 = CARTESIAN_POINT('',(2.15,2.275,0.625));
#1691 = VECTOR('',#1692,1.);
#1692 = DIRECTION('',(2.22044604925E-16,-1.,0.));
#1693 = ORIENTED_EDGE('',*,*,#1694,.T.);
#1694 = EDGE_CURVE('',#1687,#1695,#1697,.T.);
#1695 = VERTEX_POINT('',#1696);
#1696 = CARTESIAN_POINT('',(2.15,-0.13,0.625));
#1697 = LINE('',#1698,#1699);
#1698 = CARTESIAN_POINT('',(2.15,2.275,0.625));
#1699 = VECTOR('',#1700,1.);
#1700 = DIRECTION('',(2.22044604925E-16,-1.,0.));
#1701 = ORIENTED_EDGE('',*,*,#1702,.T.);
#1702 = EDGE_CURVE('',#1695,#1703,#1705,.T.);
#1703 = VERTEX_POINT('',#1704);
#1704 = CARTESIAN_POINT('',(2.15,-0.52,0.625));
#1705 = LINE('',#1706,#1707);
#1706 = CARTESIAN_POINT('',(2.15,2.275,0.625));
#1707 = VECTOR('',#1708,1.);
#1708 = DIRECTION('',(2.22044604925E-16,-1.,0.));
#1709 = ORIENTED_EDGE('',*,*,#1710,.T.);
#1710 = EDGE_CURVE('',#1703,#1711,#1713,.T.);
#1711 = VERTEX_POINT('',#1712);
#1712 = CARTESIAN_POINT('',(2.15,-0.78,0.625));
#1713 = LINE('',#1714,#1715);
#1714 = CARTESIAN_POINT('',(2.15,2.275,0.625));
#1715 = VECTOR('',#1716,1.);
#1716 = DIRECTION('',(2.22044604925E-16,-1.,0.));
#1717 = ORIENTED_EDGE('',*,*,#1718,.T.);
#1718 = EDGE_CURVE('',#1711,#1719,#1721,.T.);
#1719 = VERTEX_POINT('',#1720);
#1720 = CARTESIAN_POINT('',(2.15,-1.17,0.625));
#1721 = LINE('',#1722,#1723);
#1722 = CARTESIAN_POINT('',(2.15,2.275,0.625));
#1723 = VECTOR('',#1724,1.);
#1724 = DIRECTION('',(2.22044604925E-16,-1.,0.));
#1725 = ORIENTED_EDGE('',*,*,#1726,.T.);
#1726 = EDGE_CURVE('',#1719,#1727,#1729,.T.);
#1727 = VERTEX_POINT('',#1728);
#1728 = CARTESIAN_POINT('',(2.15,-1.43,0.625));
#1729 = LINE('',#1730,#1731);
#1730 = CARTESIAN_POINT('',(2.15,2.275,0.625));
#1731 = VECTOR('',#1732,1.);
#1732 = DIRECTION('',(2.22044604925E-16,-1.,0.));
#1733 = ORIENTED_EDGE('',*,*,#1734,.T.);
#1734 = EDGE_CURVE('',#1727,#1735,#1737,.T.);
#1735 = VERTEX_POINT('',#1736);
#1736 = CARTESIAN_POINT('',(2.15,-1.82,0.625));
#1737 = LINE('',#1738,#1739);
#1738 = CARTESIAN_POINT('',(2.15,2.275,0.625));
#1739 = VECTOR('',#1740,1.);
#1740 = DIRECTION('',(2.22044604925E-16,-1.,0.));
#1741 = ORIENTED_EDGE('',*,*,#1742,.T.);
#1742 = EDGE_CURVE('',#1735,#1743,#1745,.T.);
#1743 = VERTEX_POINT('',#1744);
#1744 = CARTESIAN_POINT('',(2.15,-2.08,0.625));
#1745 = LINE('',#1746,#1747);
#1746 = CARTESIAN_POINT('',(2.15,2.275,0.625));
#1747 = VECTOR('',#1748,1.);
#1748 = DIRECTION('',(2.22044604925E-16,-1.,0.));
#1749 = ORIENTED_EDGE('',*,*,#1750,.T.);
#1750 = EDGE_CURVE('',#1743,#1751,#1753,.T.);
#1751 = VERTEX_POINT('',#1752);
#1752 = CARTESIAN_POINT('',(2.15,-2.275,0.625));
#1753 = LINE('',#1754,#1755);
#1754 = CARTESIAN_POINT('',(2.15,2.275,0.625));
#1755 = VECTOR('',#1756,1.);
#1756 = DIRECTION('',(2.22044604925E-16,-1.,0.));
#1757 = ORIENTED_EDGE('',*,*,#1758,.T.);
#1758 = EDGE_CURVE('',#1751,#1759,#1761,.T.);
#1759 = VERTEX_POINT('',#1760);
#1760 = CARTESIAN_POINT('',(2.070291289374,-2.235145644687,1.));
#1761 = B_SPLINE_CURVE_WITH_KNOTS('',1,(#1762,#1763),.UNSPECIFIED.,.F.,
  .F.,(2,2),(0.,1.),.PIECEWISE_BEZIER_KNOTS.);
#1762 = CARTESIAN_POINT('',(2.15,-2.275,0.625));
#1763 = CARTESIAN_POINT('',(2.070291289374,-2.235145644687,1.));
#1764 = ORIENTED_EDGE('',*,*,#1765,.F.);
#1765 = EDGE_CURVE('',#1766,#1759,#1768,.T.);
#1766 = VERTEX_POINT('',#1767);
#1767 = CARTESIAN_POINT('',(2.070291289374,2.235145644687,1.));
#1768 = LINE('',#1769,#1770);
#1769 = CARTESIAN_POINT('',(2.070291289374,2.235145644687,1.));
#1770 = VECTOR('',#1771,1.);
#1771 = DIRECTION('',(2.22044604925E-16,-1.,0.));
#1772 = ORIENTED_EDGE('',*,*,#1773,.F.);
#1773 = EDGE_CURVE('',#1630,#1766,#1774,.T.);
#1774 = B_SPLINE_CURVE_WITH_KNOTS('',1,(#1775,#1776),.UNSPECIFIED.,.F.,
  .F.,(2,2),(0.,1.),.PIECEWISE_BEZIER_KNOTS.);
#1775 = CARTESIAN_POINT('',(2.15,2.275,0.625));
#1776 = CARTESIAN_POINT('',(2.070291289374,2.235145644687,1.));
#1777 = B_SPLINE_SURFACE_WITH_KNOTS('',1,1,(
    (#1778,#1779)
    ,(#1780,#1781
    )),.UNSPECIFIED.,.F.,.F.,.F.,(2,2),(2,2),(0.,4.55),(0.,1.),
  .PIECEWISE_BEZIER_KNOTS.);
#1778 = CARTESIAN_POINT('',(2.15,2.275,0.625));
#1779 = CARTESIAN_POINT('',(2.070291289374,2.235145644687,1.));
#1780 = CARTESIAN_POINT('',(2.15,-2.275,0.625));
#1781 = CARTESIAN_POINT('',(2.070291289374,-2.235145644687,1.));
#1782 = ADVANCED_FACE('',(#1783),#1794,.F.);
#1783 = FACE_BOUND('',#1784,.F.);
#1784 = EDGE_LOOP('',(#1785,#1786,#1787,#1793));
#1785 = ORIENTED_EDGE('',*,*,#975,.F.);
#1786 = ORIENTED_EDGE('',*,*,#1112,.T.);
#1787 = ORIENTED_EDGE('',*,*,#1788,.T.);
#1788 = EDGE_CURVE('',#1105,#1655,#1789,.T.);
#1789 = LINE('',#1790,#1791);
#1790 = CARTESIAN_POINT('',(2.4,1.43,0.625));
#1791 = VECTOR('',#1792,1.);
#1792 = DIRECTION('',(-1.,-2.22044604925E-16,0.));
#1793 = ORIENTED_EDGE('',*,*,#1654,.F.);
#1794 = B_SPLINE_SURFACE_WITH_KNOTS('',1,1,(
    (#1795,#1796)
    ,(#1797,#1798
    )),.UNSPECIFIED.,.F.,.F.,.F.,(2,2),(2,2),(0.,4.6),(0.,1.),
  .PIECEWISE_BEZIER_KNOTS.);
#1795 = CARTESIAN_POINT('',(2.2,2.3,0.625));
#1796 = CARTESIAN_POINT('',(2.15,2.275,0.625));
#1797 = CARTESIAN_POINT('',(2.2,-2.3,0.625));
#1798 = CARTESIAN_POINT('',(2.15,-2.275,0.625));
#1799 = ADVANCED_FACE('',(#1800),#1886,.F.);
#1800 = FACE_BOUND('',#1801,.F.);
#1801 = EDGE_LOOP('',(#1802,#1803,#1804,#1813,#1821,#1830,#1838,#1846,
    #1854,#1863,#1871,#1880));
#1802 = ORIENTED_EDGE('',*,*,#1104,.F.);
#1803 = ORIENTED_EDGE('',*,*,#1327,.T.);
#1804 = ORIENTED_EDGE('',*,*,#1805,.T.);
#1805 = EDGE_CURVE('',#1328,#1806,#1808,.T.);
#1806 = VERTEX_POINT('',#1807);
#1807 = CARTESIAN_POINT('',(2.5,1.43,0.375));
#1808 = CIRCLE('',#1809,0.1);
#1809 = AXIS2_PLACEMENT_3D('',#1810,#1811,#1812);
#1810 = CARTESIAN_POINT('',(2.4,1.43,0.375));
#1811 = DIRECTION('',(-2.22044604925E-16,1.,0.));
#1812 = DIRECTION('',(0.,0.,1.));
#1813 = ORIENTED_EDGE('',*,*,#1814,.T.);
#1814 = EDGE_CURVE('',#1806,#1815,#1817,.T.);
#1815 = VERTEX_POINT('',#1816);
#1816 = CARTESIAN_POINT('',(2.5,1.43,0.25));
#1817 = LINE('',#1818,#1819);
#1818 = CARTESIAN_POINT('',(2.5,1.43,0.375));
#1819 = VECTOR('',#1820,1.);
#1820 = DIRECTION('',(0.,0.,-1.));
#1821 = ORIENTED_EDGE('',*,*,#1822,.T.);
#1822 = EDGE_CURVE('',#1815,#1823,#1825,.T.);
#1823 = VERTEX_POINT('',#1824);
#1824 = CARTESIAN_POINT('',(2.75,1.43,1.110223024625E-16));
#1825 = CIRCLE('',#1826,0.25);
#1826 = AXIS2_PLACEMENT_3D('',#1827,#1828,#1829);
#1827 = CARTESIAN_POINT('',(2.75,1.43,0.25));
#1828 = DIRECTION('',(2.22044604925E-16,-1.,0.));
#1829 = DIRECTION('',(-1.,-2.22044604925E-16,-2.442490654175E-15));
#1830 = ORIENTED_EDGE('',*,*,#1831,.T.);
#1831 = EDGE_CURVE('',#1823,#1832,#1834,.T.);
#1832 = VERTEX_POINT('',#1833);
#1833 = CARTESIAN_POINT('',(3.2,1.43,1.110223024625E-16));
#1834 = LINE('',#1835,#1836);
#1835 = CARTESIAN_POINT('',(2.75,1.43,1.110223024625E-16));
#1836 = VECTOR('',#1837,1.);
#1837 = DIRECTION('',(1.,2.22044604925E-16,0.));
#1838 = ORIENTED_EDGE('',*,*,#1839,.T.);
#1839 = EDGE_CURVE('',#1832,#1840,#1842,.T.);
#1840 = VERTEX_POINT('',#1841);
#1841 = CARTESIAN_POINT('',(3.2,1.43,0.15));
#1842 = LINE('',#1843,#1844);
#1843 = CARTESIAN_POINT('',(3.2,1.43,1.110223024625E-16));
#1844 = VECTOR('',#1845,1.);
#1845 = DIRECTION('',(0.,0.,1.));
#1846 = ORIENTED_EDGE('',*,*,#1847,.T.);
#1847 = EDGE_CURVE('',#1840,#1848,#1850,.T.);
#1848 = VERTEX_POINT('',#1849);
#1849 = CARTESIAN_POINT('',(2.75,1.43,0.15));
#1850 = LINE('',#1851,#1852);
#1851 = CARTESIAN_POINT('',(3.2,1.43,0.15));
#1852 = VECTOR('',#1853,1.);
#1853 = DIRECTION('',(-1.,-2.22044604925E-16,0.));
#1854 = ORIENTED_EDGE('',*,*,#1855,.T.);
#1855 = EDGE_CURVE('',#1848,#1856,#1858,.T.);
#1856 = VERTEX_POINT('',#1857);
#1857 = CARTESIAN_POINT('',(2.65,1.43,0.25));
#1858 = CIRCLE('',#1859,0.1);
#1859 = AXIS2_PLACEMENT_3D('',#1860,#1861,#1862);
#1860 = CARTESIAN_POINT('',(2.75,1.43,0.25));
#1861 = DIRECTION('',(-2.22044604925E-16,1.,0.));
#1862 = DIRECTION('',(0.,0.,-1.));
#1863 = ORIENTED_EDGE('',*,*,#1864,.T.);
#1864 = EDGE_CURVE('',#1856,#1865,#1867,.T.);
#1865 = VERTEX_POINT('',#1866);
#1866 = CARTESIAN_POINT('',(2.65,1.43,0.375));
#1867 = LINE('',#1868,#1869);
#1868 = CARTESIAN_POINT('',(2.65,1.43,0.25));
#1869 = VECTOR('',#1870,1.);
#1870 = DIRECTION('',(0.,0.,1.));
#1871 = ORIENTED_EDGE('',*,*,#1872,.T.);
#1872 = EDGE_CURVE('',#1865,#1873,#1875,.T.);
#1873 = VERTEX_POINT('',#1874);
#1874 = CARTESIAN_POINT('',(2.4,1.43,0.625));
#1875 = CIRCLE('',#1876,0.25);
#1876 = AXIS2_PLACEMENT_3D('',#1877,#1878,#1879);
#1877 = CARTESIAN_POINT('',(2.4,1.43,0.375));
#1878 = DIRECTION('',(2.22044604925E-16,-1.,0.));
#1879 = DIRECTION('',(1.,2.22044604925E-16,2.6645352591E-15));
#1880 = ORIENTED_EDGE('',*,*,#1881,.T.);
#1881 = EDGE_CURVE('',#1873,#1105,#1882,.T.);
#1882 = LINE('',#1883,#1884);
#1883 = CARTESIAN_POINT('',(2.4,1.43,0.625));
#1884 = VECTOR('',#1885,1.);
#1885 = DIRECTION('',(-1.,-2.22044604925E-16,0.));
#1886 = PLANE('',#1887);
#1887 = AXIS2_PLACEMENT_3D('',#1888,#1889,#1890);
#1888 = CARTESIAN_POINT('',(2.634769719427,1.43,0.289787506618));
#1889 = DIRECTION('',(2.22044604925E-16,-1.,0.));
#1890 = DIRECTION('',(0.,0.,1.));
#1891 = ADVANCED_FACE('',(#1892),#1909,.F.);
#1892 = FACE_BOUND('',#1893,.F.);
#1893 = EDGE_LOOP('',(#1894,#1895,#1896,#1904));
#1894 = ORIENTED_EDGE('',*,*,#1126,.T.);
#1895 = ORIENTED_EDGE('',*,*,#1199,.T.);
#1896 = ORIENTED_EDGE('',*,*,#1897,.F.);
#1897 = EDGE_CURVE('',#1898,#1192,#1900,.T.);
#1898 = VERTEX_POINT('',#1899);
#1899 = CARTESIAN_POINT('',(-2.,2.5,0.475));
#1900 = LINE('',#1901,#1902);
#1901 = CARTESIAN_POINT('',(-2.,2.5,0.475));
#1902 = VECTOR('',#1903,1.);
#1903 = DIRECTION('',(1.,2.22044604925E-16,0.));
#1904 = ORIENTED_EDGE('',*,*,#1905,.F.);
#1905 = EDGE_CURVE('',#1127,#1898,#1906,.T.);
#1906 = B_SPLINE_CURVE_WITH_KNOTS('',1,(#1907,#1908),.UNSPECIFIED.,.F.,
  .F.,(2,2),(0.,1.),.PIECEWISE_BEZIER_KNOTS.);
#1907 = CARTESIAN_POINT('',(-1.960145644687,2.420291289374,0.1));
#1908 = CARTESIAN_POINT('',(-2.,2.5,0.475));
#1909 = B_SPLINE_SURFACE_WITH_KNOTS('',1,1,(
    (#1910,#1911)
    ,(#1912,#1913
    )),.UNSPECIFIED.,.F.,.F.,.F.,(2,2),(2,2),(0.,4.),(0.,1.),
  .PIECEWISE_BEZIER_KNOTS.);
#1910 = CARTESIAN_POINT('',(-1.960145644687,2.420291289374,0.1));
#1911 = CARTESIAN_POINT('',(-2.,2.5,0.475));
#1912 = CARTESIAN_POINT('',(1.960145644687,2.420291289374,0.1));
#1913 = CARTESIAN_POINT('',(2.,2.5,0.475));
#1914 = ADVANCED_FACE('',(#1915),#1932,.F.);
#1915 = FACE_BOUND('',#1916,.F.);
#1916 = EDGE_LOOP('',(#1917,#1918,#1925,#1931));
#1917 = ORIENTED_EDGE('',*,*,#1151,.T.);
#1918 = ORIENTED_EDGE('',*,*,#1919,.T.);
#1919 = EDGE_CURVE('',#1152,#1920,#1922,.T.);
#1920 = VERTEX_POINT('',#1921);
#1921 = CARTESIAN_POINT('',(-2.,-2.5,0.475));
#1922 = B_SPLINE_CURVE_WITH_KNOTS('',1,(#1923,#1924),.UNSPECIFIED.,.F.,
  .F.,(2,2),(0.,1.),.PIECEWISE_BEZIER_KNOTS.);
#1923 = CARTESIAN_POINT('',(-1.960145644687,-2.420291289374,0.1));
#1924 = CARTESIAN_POINT('',(-2.,-2.5,0.475));
#1925 = ORIENTED_EDGE('',*,*,#1926,.F.);
#1926 = EDGE_CURVE('',#1214,#1920,#1927,.T.);
#1927 = LINE('',#1928,#1929);
#1928 = CARTESIAN_POINT('',(2.,-2.5,0.475));
#1929 = VECTOR('',#1930,1.);
#1930 = DIRECTION('',(-1.,-2.22044604925E-16,0.));
#1931 = ORIENTED_EDGE('',*,*,#1213,.F.);
#1932 = B_SPLINE_SURFACE_WITH_KNOTS('',1,1,(
    (#1933,#1934)
    ,(#1935,#1936
    )),.UNSPECIFIED.,.F.,.F.,.F.,(2,2),(2,2),(0.,4.),(0.,1.),
  .PIECEWISE_BEZIER_KNOTS.);
#1933 = CARTESIAN_POINT('',(1.960145644687,-2.420291289374,0.1));
#1934 = CARTESIAN_POINT('',(2.,-2.5,0.475));
#1935 = CARTESIAN_POINT('',(-1.960145644687,-2.420291289374,0.1));
#1936 = CARTESIAN_POINT('',(-2.,-2.5,0.475));
#1937 = ADVANCED_FACE('',(#1938),#1955,.F.);
#1938 = FACE_BOUND('',#1939,.F.);
#1939 = EDGE_LOOP('',(#1940,#1941,#1948,#1954));
#1940 = ORIENTED_EDGE('',*,*,#1159,.T.);
#1941 = ORIENTED_EDGE('',*,*,#1942,.T.);
#1942 = EDGE_CURVE('',#1160,#1943,#1945,.T.);
#1943 = VERTEX_POINT('',#1944);
#1944 = CARTESIAN_POINT('',(-2.2,-2.3,0.475));
#1945 = B_SPLINE_CURVE_WITH_KNOTS('',1,(#1946,#1947),.UNSPECIFIED.,.F.,
  .F.,(2,2),(0.,1.),.PIECEWISE_BEZIER_KNOTS.);
#1946 = CARTESIAN_POINT('',(-2.120291289374,-2.260145644687,0.1));
#1947 = CARTESIAN_POINT('',(-2.2,-2.3,0.475));
#1948 = ORIENTED_EDGE('',*,*,#1949,.F.);
#1949 = EDGE_CURVE('',#1920,#1943,#1950,.T.);
#1950 = LINE('',#1951,#1952);
#1951 = CARTESIAN_POINT('',(-2.,-2.5,0.475));
#1952 = VECTOR('',#1953,1.);
#1953 = DIRECTION('',(-0.707106781187,0.707106781187,0.));
#1954 = ORIENTED_EDGE('',*,*,#1919,.F.);
#1955 = B_SPLINE_SURFACE_WITH_KNOTS('',1,1,(
    (#1956,#1957)
    ,(#1958,#1959
    )),.UNSPECIFIED.,.F.,.F.,.F.,(2,2),(2,2),(0.,0.282842712475),(0.,1.)
  ,.PIECEWISE_BEZIER_KNOTS.);
#1956 = CARTESIAN_POINT('',(-1.960145644687,-2.420291289374,0.1));
#1957 = CARTESIAN_POINT('',(-2.,-2.5,0.475));
#1958 = CARTESIAN_POINT('',(-2.120291289374,-2.260145644687,0.1));
#1959 = CARTESIAN_POINT('',(-2.2,-2.3,0.475));
#1960 = ADVANCED_FACE('',(#1961),#2090,.F.);
#1961 = FACE_BOUND('',#1962,.F.);
#1962 = EDGE_LOOP('',(#1963,#1964,#1971,#1979,#1987,#1995,#2003,#2011,
    #2019,#2027,#2035,#2043,#2051,#2059,#2067,#2075,#2083,#2089));
#1963 = ORIENTED_EDGE('',*,*,#1167,.T.);
#1964 = ORIENTED_EDGE('',*,*,#1965,.T.);
#1965 = EDGE_CURVE('',#1168,#1966,#1968,.T.);
#1966 = VERTEX_POINT('',#1967);
#1967 = CARTESIAN_POINT('',(-2.2,2.3,0.475));
#1968 = B_SPLINE_CURVE_WITH_KNOTS('',1,(#1969,#1970),.UNSPECIFIED.,.F.,
  .F.,(2,2),(0.,1.),.PIECEWISE_BEZIER_KNOTS.);
#1969 = CARTESIAN_POINT('',(-2.120291289374,2.260145644687,0.1));
#1970 = CARTESIAN_POINT('',(-2.2,2.3,0.475));
#1971 = ORIENTED_EDGE('',*,*,#1972,.F.);
#1972 = EDGE_CURVE('',#1973,#1966,#1975,.T.);
#1973 = VERTEX_POINT('',#1974);
#1974 = CARTESIAN_POINT('',(-2.2,2.08,0.475));
#1975 = LINE('',#1976,#1977);
#1976 = CARTESIAN_POINT('',(-2.2,-2.3,0.475));
#1977 = VECTOR('',#1978,1.);
#1978 = DIRECTION('',(-2.22044604925E-16,1.,0.));
#1979 = ORIENTED_EDGE('',*,*,#1980,.F.);
#1980 = EDGE_CURVE('',#1981,#1973,#1983,.T.);
#1981 = VERTEX_POINT('',#1982);
#1982 = CARTESIAN_POINT('',(-2.2,1.82,0.475));
#1983 = LINE('',#1984,#1985);
#1984 = CARTESIAN_POINT('',(-2.2,-2.3,0.475));
#1985 = VECTOR('',#1986,1.);
#1986 = DIRECTION('',(-2.22044604925E-16,1.,0.));
#1987 = ORIENTED_EDGE('',*,*,#1988,.F.);
#1988 = EDGE_CURVE('',#1989,#1981,#1991,.T.);
#1989 = VERTEX_POINT('',#1990);
#1990 = CARTESIAN_POINT('',(-2.2,1.43,0.475));
#1991 = LINE('',#1992,#1993);
#1992 = CARTESIAN_POINT('',(-2.2,-2.3,0.475));
#1993 = VECTOR('',#1994,1.);
#1994 = DIRECTION('',(-2.22044604925E-16,1.,0.));
#1995 = ORIENTED_EDGE('',*,*,#1996,.F.);
#1996 = EDGE_CURVE('',#1997,#1989,#1999,.T.);
#1997 = VERTEX_POINT('',#1998);
#1998 = CARTESIAN_POINT('',(-2.2,1.17,0.475));
#1999 = LINE('',#2000,#2001);
#2000 = CARTESIAN_POINT('',(-2.2,-2.3,0.475));
#2001 = VECTOR('',#2002,1.);
#2002 = DIRECTION('',(-2.22044604925E-16,1.,0.));
#2003 = ORIENTED_EDGE('',*,*,#2004,.F.);
#2004 = EDGE_CURVE('',#2005,#1997,#2007,.T.);
#2005 = VERTEX_POINT('',#2006);
#2006 = CARTESIAN_POINT('',(-2.2,0.78,0.475));
#2007 = LINE('',#2008,#2009);
#2008 = CARTESIAN_POINT('',(-2.2,-2.3,0.475));
#2009 = VECTOR('',#2010,1.);
#2010 = DIRECTION('',(-2.22044604925E-16,1.,0.));
#2011 = ORIENTED_EDGE('',*,*,#2012,.F.);
#2012 = EDGE_CURVE('',#2013,#2005,#2015,.T.);
#2013 = VERTEX_POINT('',#2014);
#2014 = CARTESIAN_POINT('',(-2.2,0.52,0.475));
#2015 = LINE('',#2016,#2017);
#2016 = CARTESIAN_POINT('',(-2.2,-2.3,0.475));
#2017 = VECTOR('',#2018,1.);
#2018 = DIRECTION('',(-2.22044604925E-16,1.,0.));
#2019 = ORIENTED_EDGE('',*,*,#2020,.F.);
#2020 = EDGE_CURVE('',#2021,#2013,#2023,.T.);
#2021 = VERTEX_POINT('',#2022);
#2022 = CARTESIAN_POINT('',(-2.2,0.13,0.475));
#2023 = LINE('',#2024,#2025);
#2024 = CARTESIAN_POINT('',(-2.2,-2.3,0.475));
#2025 = VECTOR('',#2026,1.);
#2026 = DIRECTION('',(-2.22044604925E-16,1.,0.));
#2027 = ORIENTED_EDGE('',*,*,#2028,.F.);
#2028 = EDGE_CURVE('',#2029,#2021,#2031,.T.);
#2029 = VERTEX_POINT('',#2030);
#2030 = CARTESIAN_POINT('',(-2.2,-0.13,0.475));
#2031 = LINE('',#2032,#2033);
#2032 = CARTESIAN_POINT('',(-2.2,-2.3,0.475));
#2033 = VECTOR('',#2034,1.);
#2034 = DIRECTION('',(-2.22044604925E-16,1.,0.));
#2035 = ORIENTED_EDGE('',*,*,#2036,.F.);
#2036 = EDGE_CURVE('',#2037,#2029,#2039,.T.);
#2037 = VERTEX_POINT('',#2038);
#2038 = CARTESIAN_POINT('',(-2.2,-0.52,0.475));
#2039 = LINE('',#2040,#2041);
#2040 = CARTESIAN_POINT('',(-2.2,-2.3,0.475));
#2041 = VECTOR('',#2042,1.);
#2042 = DIRECTION('',(-2.22044604925E-16,1.,0.));
#2043 = ORIENTED_EDGE('',*,*,#2044,.F.);
#2044 = EDGE_CURVE('',#2045,#2037,#2047,.T.);
#2045 = VERTEX_POINT('',#2046);
#2046 = CARTESIAN_POINT('',(-2.2,-0.78,0.475));
#2047 = LINE('',#2048,#2049);
#2048 = CARTESIAN_POINT('',(-2.2,-2.3,0.475));
#2049 = VECTOR('',#2050,1.);
#2050 = DIRECTION('',(-2.22044604925E-16,1.,0.));
#2051 = ORIENTED_EDGE('',*,*,#2052,.F.);
#2052 = EDGE_CURVE('',#2053,#2045,#2055,.T.);
#2053 = VERTEX_POINT('',#2054);
#2054 = CARTESIAN_POINT('',(-2.2,-1.17,0.475));
#2055 = LINE('',#2056,#2057);
#2056 = CARTESIAN_POINT('',(-2.2,-2.3,0.475));
#2057 = VECTOR('',#2058,1.);
#2058 = DIRECTION('',(-2.22044604925E-16,1.,0.));
#2059 = ORIENTED_EDGE('',*,*,#2060,.F.);
#2060 = EDGE_CURVE('',#2061,#2053,#2063,.T.);
#2061 = VERTEX_POINT('',#2062);
#2062 = CARTESIAN_POINT('',(-2.2,-1.43,0.475));
#2063 = LINE('',#2064,#2065);
#2064 = CARTESIAN_POINT('',(-2.2,-2.3,0.475));
#2065 = VECTOR('',#2066,1.);
#2066 = DIRECTION('',(-2.22044604925E-16,1.,0.));
#2067 = ORIENTED_EDGE('',*,*,#2068,.F.);
#2068 = EDGE_CURVE('',#2069,#2061,#2071,.T.);
#2069 = VERTEX_POINT('',#2070);
#2070 = CARTESIAN_POINT('',(-2.2,-1.82,0.475));
#2071 = LINE('',#2072,#2073);
#2072 = CARTESIAN_POINT('',(-2.2,-2.3,0.475));
#2073 = VECTOR('',#2074,1.);
#2074 = DIRECTION('',(-2.22044604925E-16,1.,0.));
#2075 = ORIENTED_EDGE('',*,*,#2076,.F.);
#2076 = EDGE_CURVE('',#2077,#2069,#2079,.T.);
#2077 = VERTEX_POINT('',#2078);
#2078 = CARTESIAN_POINT('',(-2.2,-2.08,0.475));
#2079 = LINE('',#2080,#2081);
#2080 = CARTESIAN_POINT('',(-2.2,-2.3,0.475));
#2081 = VECTOR('',#2082,1.);
#2082 = DIRECTION('',(-2.22044604925E-16,1.,0.));
#2083 = ORIENTED_EDGE('',*,*,#2084,.F.);
#2084 = EDGE_CURVE('',#1943,#2077,#2085,.T.);
#2085 = LINE('',#2086,#2087);
#2086 = CARTESIAN_POINT('',(-2.2,-2.3,0.475));
#2087 = VECTOR('',#2088,1.);
#2088 = DIRECTION('',(-2.22044604925E-16,1.,0.));
#2089 = ORIENTED_EDGE('',*,*,#1942,.F.);
#2090 = B_SPLINE_SURFACE_WITH_KNOTS('',1,1,(
    (#2091,#2092)
    ,(#2093,#2094
    )),.UNSPECIFIED.,.F.,.F.,.F.,(2,2),(2,2),(0.,4.6),(0.,1.),
  .PIECEWISE_BEZIER_KNOTS.);
#2091 = CARTESIAN_POINT('',(-2.120291289374,-2.260145644687,0.1));
#2092 = CARTESIAN_POINT('',(-2.2,-2.3,0.475));
#2093 = CARTESIAN_POINT('',(-2.120291289374,2.260145644687,0.1));
#2094 = CARTESIAN_POINT('',(-2.2,2.3,0.475));
#2095 = ADVANCED_FACE('',(#2096),#2107,.F.);
#2096 = FACE_BOUND('',#2097,.F.);
#2097 = EDGE_LOOP('',(#2098,#2099,#2100,#2106));
#2098 = ORIENTED_EDGE('',*,*,#1175,.T.);
#2099 = ORIENTED_EDGE('',*,*,#1905,.T.);
#2100 = ORIENTED_EDGE('',*,*,#2101,.F.);
#2101 = EDGE_CURVE('',#1966,#1898,#2102,.T.);
#2102 = LINE('',#2103,#2104);
#2103 = CARTESIAN_POINT('',(-2.2,2.3,0.475));
#2104 = VECTOR('',#2105,1.);
#2105 = DIRECTION('',(0.707106781187,0.707106781187,0.));
#2106 = ORIENTED_EDGE('',*,*,#1965,.F.);
#2107 = B_SPLINE_SURFACE_WITH_KNOTS('',1,1,(
    (#2108,#2109)
    ,(#2110,#2111
    )),.UNSPECIFIED.,.F.,.F.,.F.,(2,2),(2,2),(0.,0.282842712475),(0.,1.)
  ,.PIECEWISE_BEZIER_KNOTS.);
#2108 = CARTESIAN_POINT('',(-2.120291289374,2.260145644687,0.1));
#2109 = CARTESIAN_POINT('',(-2.2,2.3,0.475));
#2110 = CARTESIAN_POINT('',(-1.960145644687,2.420291289374,0.1));
#2111 = CARTESIAN_POINT('',(-2.,2.5,0.475));
#2112 = ADVANCED_FACE('',(#2113),#2130,.F.);
#2113 = FACE_BOUND('',#2114,.F.);
#2114 = EDGE_LOOP('',(#2115,#2116,#2123,#2129));
#2115 = ORIENTED_EDGE('',*,*,#1220,.T.);
#2116 = ORIENTED_EDGE('',*,*,#2117,.T.);
#2117 = EDGE_CURVE('',#1214,#2118,#2120,.T.);
#2118 = VERTEX_POINT('',#2119);
#2119 = CARTESIAN_POINT('',(2.,-2.5,0.625));
#2120 = B_SPLINE_CURVE_WITH_KNOTS('',1,(#2121,#2122),.UNSPECIFIED.,.F.,
  .F.,(2,2),(0.,1.),.PIECEWISE_BEZIER_KNOTS.);
#2121 = CARTESIAN_POINT('',(2.,-2.5,0.475));
#2122 = CARTESIAN_POINT('',(2.,-2.5,0.625));
#2123 = ORIENTED_EDGE('',*,*,#2124,.F.);
#2124 = EDGE_CURVE('',#1245,#2118,#2125,.T.);
#2125 = LINE('',#2126,#2127);
#2126 = CARTESIAN_POINT('',(2.2,-2.3,0.625));
#2127 = VECTOR('',#2128,1.);
#2128 = DIRECTION('',(-0.707106781187,-0.707106781187,0.));
#2129 = ORIENTED_EDGE('',*,*,#1244,.F.);
#2130 = PLANE('',#2131);
#2131 = AXIS2_PLACEMENT_3D('',#2132,#2133,#2134);
#2132 = CARTESIAN_POINT('',(2.2,-2.3,0.625));
#2133 = DIRECTION('',(-0.707106781187,0.707106781187,0.));
#2134 = DIRECTION('',(-0.707106781187,-0.707106781187,0.));
#2135 = ADVANCED_FACE('',(#2136),#2222,.T.);
#2136 = FACE_BOUND('',#2137,.T.);
#2137 = EDGE_LOOP('',(#2138,#2139,#2140,#2149,#2157,#2166,#2174,#2182,
    #2190,#2199,#2207,#2216));
#2138 = ORIENTED_EDGE('',*,*,#1235,.F.);
#2139 = ORIENTED_EDGE('',*,*,#1274,.T.);
#2140 = ORIENTED_EDGE('',*,*,#2141,.T.);
#2141 = EDGE_CURVE('',#1275,#2142,#2144,.T.);
#2142 = VERTEX_POINT('',#2143);
#2143 = CARTESIAN_POINT('',(2.5,-2.08,0.375));
#2144 = CIRCLE('',#2145,0.1);
#2145 = AXIS2_PLACEMENT_3D('',#2146,#2147,#2148);
#2146 = CARTESIAN_POINT('',(2.4,-2.08,0.375));
#2147 = DIRECTION('',(-2.22044604925E-16,1.,0.));
#2148 = DIRECTION('',(0.,0.,1.));
#2149 = ORIENTED_EDGE('',*,*,#2150,.T.);
#2150 = EDGE_CURVE('',#2142,#2151,#2153,.T.);
#2151 = VERTEX_POINT('',#2152);
#2152 = CARTESIAN_POINT('',(2.5,-2.08,0.25));
#2153 = LINE('',#2154,#2155);
#2154 = CARTESIAN_POINT('',(2.5,-2.08,0.375));
#2155 = VECTOR('',#2156,1.);
#2156 = DIRECTION('',(0.,0.,-1.));
#2157 = ORIENTED_EDGE('',*,*,#2158,.T.);
#2158 = EDGE_CURVE('',#2151,#2159,#2161,.T.);
#2159 = VERTEX_POINT('',#2160);
#2160 = CARTESIAN_POINT('',(2.75,-2.08,1.110223024625E-16));
#2161 = CIRCLE('',#2162,0.25);
#2162 = AXIS2_PLACEMENT_3D('',#2163,#2164,#2165);
#2163 = CARTESIAN_POINT('',(2.75,-2.08,0.25));
#2164 = DIRECTION('',(2.22044604925E-16,-1.,0.));
#2165 = DIRECTION('',(-1.,-2.22044604925E-16,-2.442490654175E-15));
#2166 = ORIENTED_EDGE('',*,*,#2167,.T.);
#2167 = EDGE_CURVE('',#2159,#2168,#2170,.T.);
#2168 = VERTEX_POINT('',#2169);
#2169 = CARTESIAN_POINT('',(3.2,-2.08,1.110223024625E-16));
#2170 = LINE('',#2171,#2172);
#2171 = CARTESIAN_POINT('',(2.75,-2.08,1.110223024625E-16));
#2172 = VECTOR('',#2173,1.);
#2173 = DIRECTION('',(1.,2.22044604925E-16,0.));
#2174 = ORIENTED_EDGE('',*,*,#2175,.T.);
#2175 = EDGE_CURVE('',#2168,#2176,#2178,.T.);
#2176 = VERTEX_POINT('',#2177);
#2177 = CARTESIAN_POINT('',(3.2,-2.08,0.15));
#2178 = LINE('',#2179,#2180);
#2179 = CARTESIAN_POINT('',(3.2,-2.08,1.110223024625E-16));
#2180 = VECTOR('',#2181,1.);
#2181 = DIRECTION('',(0.,0.,1.));
#2182 = ORIENTED_EDGE('',*,*,#2183,.T.);
#2183 = EDGE_CURVE('',#2176,#2184,#2186,.T.);
#2184 = VERTEX_POINT('',#2185);
#2185 = CARTESIAN_POINT('',(2.75,-2.08,0.15));
#2186 = LINE('',#2187,#2188);
#2187 = CARTESIAN_POINT('',(3.2,-2.08,0.15));
#2188 = VECTOR('',#2189,1.);
#2189 = DIRECTION('',(-1.,-2.22044604925E-16,0.));
#2190 = ORIENTED_EDGE('',*,*,#2191,.T.);
#2191 = EDGE_CURVE('',#2184,#2192,#2194,.T.);
#2192 = VERTEX_POINT('',#2193);
#2193 = CARTESIAN_POINT('',(2.65,-2.08,0.25));
#2194 = CIRCLE('',#2195,0.1);
#2195 = AXIS2_PLACEMENT_3D('',#2196,#2197,#2198);
#2196 = CARTESIAN_POINT('',(2.75,-2.08,0.25));
#2197 = DIRECTION('',(-2.22044604925E-16,1.,0.));
#2198 = DIRECTION('',(0.,0.,-1.));
#2199 = ORIENTED_EDGE('',*,*,#2200,.T.);
#2200 = EDGE_CURVE('',#2192,#2201,#2203,.T.);
#2201 = VERTEX_POINT('',#2202);
#2202 = CARTESIAN_POINT('',(2.65,-2.08,0.375));
#2203 = LINE('',#2204,#2205);
#2204 = CARTESIAN_POINT('',(2.65,-2.08,0.25));
#2205 = VECTOR('',#2206,1.);
#2206 = DIRECTION('',(0.,0.,1.));
#2207 = ORIENTED_EDGE('',*,*,#2208,.T.);
#2208 = EDGE_CURVE('',#2201,#2209,#2211,.T.);
#2209 = VERTEX_POINT('',#2210);
#2210 = CARTESIAN_POINT('',(2.4,-2.08,0.625));
#2211 = CIRCLE('',#2212,0.25);
#2212 = AXIS2_PLACEMENT_3D('',#2213,#2214,#2215);
#2213 = CARTESIAN_POINT('',(2.4,-2.08,0.375));
#2214 = DIRECTION('',(2.22044604925E-16,-1.,0.));
#2215 = DIRECTION('',(1.,2.22044604925E-16,2.6645352591E-15));
#2216 = ORIENTED_EDGE('',*,*,#2217,.T.);
#2217 = EDGE_CURVE('',#2209,#1236,#2218,.T.);
#2218 = LINE('',#2219,#2220);
#2219 = CARTESIAN_POINT('',(2.4,-2.08,0.625));
#2220 = VECTOR('',#2221,1.);
#2221 = DIRECTION('',(-1.,-2.22044604925E-16,0.));
#2222 = PLANE('',#2223);
#2223 = AXIS2_PLACEMENT_3D('',#2224,#2225,#2226);
#2224 = CARTESIAN_POINT('',(2.634769719427,-2.08,0.289787506618));
#2225 = DIRECTION('',(2.22044604925E-16,-1.,0.));
#2226 = DIRECTION('',(0.,0.,1.));
#2227 = ADVANCED_FACE('',(#2228),#2243,.F.);
#2228 = FACE_BOUND('',#2229,.F.);
#2229 = EDGE_LOOP('',(#2230,#2236,#2237,#2242));
#2230 = ORIENTED_EDGE('',*,*,#2231,.F.);
#2231 = EDGE_CURVE('',#1236,#1743,#2232,.T.);
#2232 = LINE('',#2233,#2234);
#2233 = CARTESIAN_POINT('',(2.4,-2.08,0.625));
#2234 = VECTOR('',#2235,1.);
#2235 = DIRECTION('',(-1.,-2.22044604925E-16,0.));
#2236 = ORIENTED_EDGE('',*,*,#1251,.T.);
#2237 = ORIENTED_EDGE('',*,*,#2238,.T.);
#2238 = EDGE_CURVE('',#1245,#1751,#2239,.T.);
#2239 = B_SPLINE_CURVE_WITH_KNOTS('',1,(#2240,#2241),.UNSPECIFIED.,.F.,
  .F.,(2,2),(0.,1.),.PIECEWISE_BEZIER_KNOTS.);
#2240 = CARTESIAN_POINT('',(2.2,-2.3,0.625));
#2241 = CARTESIAN_POINT('',(2.15,-2.275,0.625));
#2242 = ORIENTED_EDGE('',*,*,#1750,.F.);
#2243 = B_SPLINE_SURFACE_WITH_KNOTS('',1,1,(
    (#2244,#2245)
    ,(#2246,#2247
    )),.UNSPECIFIED.,.F.,.F.,.F.,(2,2),(2,2),(0.,4.6),(0.,1.),
  .PIECEWISE_BEZIER_KNOTS.);
#2244 = CARTESIAN_POINT('',(2.2,2.3,0.625));
#2245 = CARTESIAN_POINT('',(2.15,2.275,0.625));
#2246 = CARTESIAN_POINT('',(2.2,-2.3,0.625));
#2247 = CARTESIAN_POINT('',(2.15,-2.275,0.625));
#2248 = ADVANCED_FACE('',(#2249),#2335,.F.);
#2249 = FACE_BOUND('',#2250,.F.);
#2250 = EDGE_LOOP('',(#2251,#2252,#2253,#2262,#2270,#2279,#2287,#2295,
    #2303,#2312,#2320,#2329));
#2251 = ORIENTED_EDGE('',*,*,#1305,.F.);
#2252 = ORIENTED_EDGE('',*,*,#1265,.T.);
#2253 = ORIENTED_EDGE('',*,*,#2254,.T.);
#2254 = EDGE_CURVE('',#1266,#2255,#2257,.T.);
#2255 = VERTEX_POINT('',#2256);
#2256 = CARTESIAN_POINT('',(2.5,-1.82,0.375));
#2257 = CIRCLE('',#2258,0.1);
#2258 = AXIS2_PLACEMENT_3D('',#2259,#2260,#2261);
#2259 = CARTESIAN_POINT('',(2.4,-1.82,0.375));
#2260 = DIRECTION('',(-2.22044604925E-16,1.,0.));
#2261 = DIRECTION('',(0.,0.,1.));
#2262 = ORIENTED_EDGE('',*,*,#2263,.T.);
#2263 = EDGE_CURVE('',#2255,#2264,#2266,.T.);
#2264 = VERTEX_POINT('',#2265);
#2265 = CARTESIAN_POINT('',(2.5,-1.82,0.25));
#2266 = LINE('',#2267,#2268);
#2267 = CARTESIAN_POINT('',(2.5,-1.82,0.375));
#2268 = VECTOR('',#2269,1.);
#2269 = DIRECTION('',(0.,0.,-1.));
#2270 = ORIENTED_EDGE('',*,*,#2271,.T.);
#2271 = EDGE_CURVE('',#2264,#2272,#2274,.T.);
#2272 = VERTEX_POINT('',#2273);
#2273 = CARTESIAN_POINT('',(2.75,-1.82,1.110223024625E-16));
#2274 = CIRCLE('',#2275,0.25);
#2275 = AXIS2_PLACEMENT_3D('',#2276,#2277,#2278);
#2276 = CARTESIAN_POINT('',(2.75,-1.82,0.25));
#2277 = DIRECTION('',(2.22044604925E-16,-1.,0.));
#2278 = DIRECTION('',(-1.,-2.22044604925E-16,-2.442490654175E-15));
#2279 = ORIENTED_EDGE('',*,*,#2280,.T.);
#2280 = EDGE_CURVE('',#2272,#2281,#2283,.T.);
#2281 = VERTEX_POINT('',#2282);
#2282 = CARTESIAN_POINT('',(3.2,-1.82,1.110223024625E-16));
#2283 = LINE('',#2284,#2285);
#2284 = CARTESIAN_POINT('',(2.75,-1.82,1.110223024625E-16));
#2285 = VECTOR('',#2286,1.);
#2286 = DIRECTION('',(1.,2.22044604925E-16,0.));
#2287 = ORIENTED_EDGE('',*,*,#2288,.T.);
#2288 = EDGE_CURVE('',#2281,#2289,#2291,.T.);
#2289 = VERTEX_POINT('',#2290);
#2290 = CARTESIAN_POINT('',(3.2,-1.82,0.15));
#2291 = LINE('',#2292,#2293);
#2292 = CARTESIAN_POINT('',(3.2,-1.82,1.110223024625E-16));
#2293 = VECTOR('',#2294,1.);
#2294 = DIRECTION('',(0.,0.,1.));
#2295 = ORIENTED_EDGE('',*,*,#2296,.T.);
#2296 = EDGE_CURVE('',#2289,#2297,#2299,.T.);
#2297 = VERTEX_POINT('',#2298);
#2298 = CARTESIAN_POINT('',(2.75,-1.82,0.15));
#2299 = LINE('',#2300,#2301);
#2300 = CARTESIAN_POINT('',(3.2,-1.82,0.15));
#2301 = VECTOR('',#2302,1.);
#2302 = DIRECTION('',(-1.,-2.22044604925E-16,0.));
#2303 = ORIENTED_EDGE('',*,*,#2304,.T.);
#2304 = EDGE_CURVE('',#2297,#2305,#2307,.T.);
#2305 = VERTEX_POINT('',#2306);
#2306 = CARTESIAN_POINT('',(2.65,-1.82,0.25));
#2307 = CIRCLE('',#2308,0.1);
#2308 = AXIS2_PLACEMENT_3D('',#2309,#2310,#2311);
#2309 = CARTESIAN_POINT('',(2.75,-1.82,0.25));
#2310 = DIRECTION('',(-2.22044604925E-16,1.,0.));
#2311 = DIRECTION('',(0.,0.,-1.));
#2312 = ORIENTED_EDGE('',*,*,#2313,.T.);
#2313 = EDGE_CURVE('',#2305,#2314,#2316,.T.);
#2314 = VERTEX_POINT('',#2315);
#2315 = CARTESIAN_POINT('',(2.65,-1.82,0.375));
#2316 = LINE('',#2317,#2318);
#2317 = CARTESIAN_POINT('',(2.65,-1.82,0.25));
#2318 = VECTOR('',#2319,1.);
#2319 = DIRECTION('',(0.,0.,1.));
#2320 = ORIENTED_EDGE('',*,*,#2321,.T.);
#2321 = EDGE_CURVE('',#2314,#2322,#2324,.T.);
#2322 = VERTEX_POINT('',#2323);
#2323 = CARTESIAN_POINT('',(2.4,-1.82,0.625));
#2324 = CIRCLE('',#2325,0.25);
#2325 = AXIS2_PLACEMENT_3D('',#2326,#2327,#2328);
#2326 = CARTESIAN_POINT('',(2.4,-1.82,0.375));
#2327 = DIRECTION('',(2.22044604925E-16,-1.,0.));
#2328 = DIRECTION('',(1.,2.22044604925E-16,2.6645352591E-15));
#2329 = ORIENTED_EDGE('',*,*,#2330,.T.);
#2330 = EDGE_CURVE('',#2322,#1306,#2331,.T.);
#2331 = LINE('',#2332,#2333);
#2332 = CARTESIAN_POINT('',(2.4,-1.82,0.625));
#2333 = VECTOR('',#2334,1.);
#2334 = DIRECTION('',(-1.,-2.22044604925E-16,0.));
#2335 = PLANE('',#2336);
#2336 = AXIS2_PLACEMENT_3D('',#2337,#2338,#2339);
#2337 = CARTESIAN_POINT('',(2.634769719427,-1.82,0.289787506618));
#2338 = DIRECTION('',(2.22044604925E-16,-1.,0.));
#2339 = DIRECTION('',(0.,0.,1.));
#2340 = ADVANCED_FACE('',(#2341),#2352,.F.);
#2341 = FACE_BOUND('',#2342,.F.);
#2342 = EDGE_LOOP('',(#2343,#2344,#2345,#2351));
#2343 = ORIENTED_EDGE('',*,*,#1282,.T.);
#2344 = ORIENTED_EDGE('',*,*,#2141,.T.);
#2345 = ORIENTED_EDGE('',*,*,#2346,.F.);
#2346 = EDGE_CURVE('',#2255,#2142,#2347,.T.);
#2347 = LINE('',#2348,#2349);
#2348 = CARTESIAN_POINT('',(2.5,-1.82,0.375));
#2349 = VECTOR('',#2350,1.);
#2350 = DIRECTION('',(2.22044604925E-16,-1.,0.));
#2351 = ORIENTED_EDGE('',*,*,#2254,.F.);
#2352 = CYLINDRICAL_SURFACE('',#2353,0.1);
#2353 = AXIS2_PLACEMENT_3D('',#2354,#2355,#2356);
#2354 = CARTESIAN_POINT('',(2.4,-1.82,0.375));
#2355 = DIRECTION('',(-2.22044604925E-16,1.,0.));
#2356 = DIRECTION('',(0.,0.,1.));
#2357 = ADVANCED_FACE('',(#2358),#2444,.T.);
#2358 = FACE_BOUND('',#2359,.T.);
#2359 = EDGE_LOOP('',(#2360,#2361,#2362,#2371,#2379,#2388,#2396,#2404,
    #2412,#2421,#2429,#2438));
#2360 = ORIENTED_EDGE('',*,*,#1296,.F.);
#2361 = ORIENTED_EDGE('',*,*,#1367,.T.);
#2362 = ORIENTED_EDGE('',*,*,#2363,.T.);
#2363 = EDGE_CURVE('',#1368,#2364,#2366,.T.);
#2364 = VERTEX_POINT('',#2365);
#2365 = CARTESIAN_POINT('',(2.5,-1.43,0.375));
#2366 = CIRCLE('',#2367,0.1);
#2367 = AXIS2_PLACEMENT_3D('',#2368,#2369,#2370);
#2368 = CARTESIAN_POINT('',(2.4,-1.43,0.375));
#2369 = DIRECTION('',(-2.22044604925E-16,1.,0.));
#2370 = DIRECTION('',(0.,0.,1.));
#2371 = ORIENTED_EDGE('',*,*,#2372,.T.);
#2372 = EDGE_CURVE('',#2364,#2373,#2375,.T.);
#2373 = VERTEX_POINT('',#2374);
#2374 = CARTESIAN_POINT('',(2.5,-1.43,0.25));
#2375 = LINE('',#2376,#2377);
#2376 = CARTESIAN_POINT('',(2.5,-1.43,0.375));
#2377 = VECTOR('',#2378,1.);
#2378 = DIRECTION('',(0.,0.,-1.));
#2379 = ORIENTED_EDGE('',*,*,#2380,.T.);
#2380 = EDGE_CURVE('',#2373,#2381,#2383,.T.);
#2381 = VERTEX_POINT('',#2382);
#2382 = CARTESIAN_POINT('',(2.75,-1.43,1.110223024625E-16));
#2383 = CIRCLE('',#2384,0.25);
#2384 = AXIS2_PLACEMENT_3D('',#2385,#2386,#2387);
#2385 = CARTESIAN_POINT('',(2.75,-1.43,0.25));
#2386 = DIRECTION('',(2.22044604925E-16,-1.,0.));
#2387 = DIRECTION('',(-1.,-2.22044604925E-16,-2.442490654175E-15));
#2388 = ORIENTED_EDGE('',*,*,#2389,.T.);
#2389 = EDGE_CURVE('',#2381,#2390,#2392,.T.);
#2390 = VERTEX_POINT('',#2391);
#2391 = CARTESIAN_POINT('',(3.2,-1.43,1.110223024625E-16));
#2392 = LINE('',#2393,#2394);
#2393 = CARTESIAN_POINT('',(2.75,-1.43,1.110223024625E-16));
#2394 = VECTOR('',#2395,1.);
#2395 = DIRECTION('',(1.,2.22044604925E-16,0.));
#2396 = ORIENTED_EDGE('',*,*,#2397,.T.);
#2397 = EDGE_CURVE('',#2390,#2398,#2400,.T.);
#2398 = VERTEX_POINT('',#2399);
#2399 = CARTESIAN_POINT('',(3.2,-1.43,0.15));
#2400 = LINE('',#2401,#2402);
#2401 = CARTESIAN_POINT('',(3.2,-1.43,1.110223024625E-16));
#2402 = VECTOR('',#2403,1.);
#2403 = DIRECTION('',(0.,0.,1.));
#2404 = ORIENTED_EDGE('',*,*,#2405,.T.);
#2405 = EDGE_CURVE('',#2398,#2406,#2408,.T.);
#2406 = VERTEX_POINT('',#2407);
#2407 = CARTESIAN_POINT('',(2.75,-1.43,0.15));
#2408 = LINE('',#2409,#2410);
#2409 = CARTESIAN_POINT('',(3.2,-1.43,0.15));
#2410 = VECTOR('',#2411,1.);
#2411 = DIRECTION('',(-1.,-2.22044604925E-16,0.));
#2412 = ORIENTED_EDGE('',*,*,#2413,.T.);
#2413 = EDGE_CURVE('',#2406,#2414,#2416,.T.);
#2414 = VERTEX_POINT('',#2415);
#2415 = CARTESIAN_POINT('',(2.65,-1.43,0.25));
#2416 = CIRCLE('',#2417,0.1);
#2417 = AXIS2_PLACEMENT_3D('',#2418,#2419,#2420);
#2418 = CARTESIAN_POINT('',(2.75,-1.43,0.25));
#2419 = DIRECTION('',(-2.22044604925E-16,1.,0.));
#2420 = DIRECTION('',(0.,0.,-1.));
#2421 = ORIENTED_EDGE('',*,*,#2422,.T.);
#2422 = EDGE_CURVE('',#2414,#2423,#2425,.T.);
#2423 = VERTEX_POINT('',#2424);
#2424 = CARTESIAN_POINT('',(2.65,-1.43,0.375));
#2425 = LINE('',#2426,#2427);
#2426 = CARTESIAN_POINT('',(2.65,-1.43,0.25));
#2427 = VECTOR('',#2428,1.);
#2428 = DIRECTION('',(0.,0.,1.));
#2429 = ORIENTED_EDGE('',*,*,#2430,.T.);
#2430 = EDGE_CURVE('',#2423,#2431,#2433,.T.);
#2431 = VERTEX_POINT('',#2432);
#2432 = CARTESIAN_POINT('',(2.4,-1.43,0.625));
#2433 = CIRCLE('',#2434,0.25);
#2434 = AXIS2_PLACEMENT_3D('',#2435,#2436,#2437);
#2435 = CARTESIAN_POINT('',(2.4,-1.43,0.375));
#2436 = DIRECTION('',(2.22044604925E-16,-1.,0.));
#2437 = DIRECTION('',(1.,2.22044604925E-16,2.6645352591E-15));
#2438 = ORIENTED_EDGE('',*,*,#2439,.T.);
#2439 = EDGE_CURVE('',#2431,#1297,#2440,.T.);
#2440 = LINE('',#2441,#2442);
#2441 = CARTESIAN_POINT('',(2.4,-1.43,0.625));
#2442 = VECTOR('',#2443,1.);
#2443 = DIRECTION('',(-1.,-2.22044604925E-16,0.));
#2444 = PLANE('',#2445);
#2445 = AXIS2_PLACEMENT_3D('',#2446,#2447,#2448);
#2446 = CARTESIAN_POINT('',(2.634769719427,-1.43,0.289787506618));
#2447 = DIRECTION('',(2.22044604925E-16,-1.,0.));
#2448 = DIRECTION('',(0.,0.,1.));
#2449 = ADVANCED_FACE('',(#2450),#2466,.F.);
#2450 = FACE_BOUND('',#2451,.F.);
#2451 = EDGE_LOOP('',(#2452,#2458,#2459,#2465));
#2452 = ORIENTED_EDGE('',*,*,#2453,.F.);
#2453 = EDGE_CURVE('',#1297,#1727,#2454,.T.);
#2454 = LINE('',#2455,#2456);
#2455 = CARTESIAN_POINT('',(2.4,-1.43,0.625));
#2456 = VECTOR('',#2457,1.);
#2457 = DIRECTION('',(-1.,-2.22044604925E-16,0.));
#2458 = ORIENTED_EDGE('',*,*,#1313,.T.);
#2459 = ORIENTED_EDGE('',*,*,#2460,.T.);
#2460 = EDGE_CURVE('',#1306,#1735,#2461,.T.);
#2461 = LINE('',#2462,#2463);
#2462 = CARTESIAN_POINT('',(2.4,-1.82,0.625));
#2463 = VECTOR('',#2464,1.);
#2464 = DIRECTION('',(-1.,-2.22044604925E-16,0.));
#2465 = ORIENTED_EDGE('',*,*,#1734,.F.);
#2466 = B_SPLINE_SURFACE_WITH_KNOTS('',1,1,(
    (#2467,#2468)
    ,(#2469,#2470
    )),.UNSPECIFIED.,.F.,.F.,.F.,(2,2),(2,2),(0.,4.6),(0.,1.),
  .PIECEWISE_BEZIER_KNOTS.);
#2467 = CARTESIAN_POINT('',(2.2,2.3,0.625));
#2468 = CARTESIAN_POINT('',(2.15,2.275,0.625));
#2469 = CARTESIAN_POINT('',(2.2,-2.3,0.625));
#2470 = CARTESIAN_POINT('',(2.15,-2.275,0.625));
#2471 = ADVANCED_FACE('',(#2472),#2491,.F.);
#2472 = FACE_BOUND('',#2473,.F.);
#2473 = EDGE_LOOP('',(#2474,#2475,#2484,#2490));
#2474 = ORIENTED_EDGE('',*,*,#1344,.T.);
#2475 = ORIENTED_EDGE('',*,*,#2476,.T.);
#2476 = EDGE_CURVE('',#1337,#2477,#2479,.T.);
#2477 = VERTEX_POINT('',#2478);
#2478 = CARTESIAN_POINT('',(2.5,1.17,0.375));
#2479 = CIRCLE('',#2480,0.1);
#2480 = AXIS2_PLACEMENT_3D('',#2481,#2482,#2483);
#2481 = CARTESIAN_POINT('',(2.4,1.17,0.375));
#2482 = DIRECTION('',(-2.22044604925E-16,1.,0.));
#2483 = DIRECTION('',(0.,0.,1.));
#2484 = ORIENTED_EDGE('',*,*,#2485,.F.);
#2485 = EDGE_CURVE('',#1806,#2477,#2486,.T.);
#2486 = LINE('',#2487,#2488);
#2487 = CARTESIAN_POINT('',(2.5,1.43,0.375));
#2488 = VECTOR('',#2489,1.);
#2489 = DIRECTION('',(2.22044604925E-16,-1.,0.));
#2490 = ORIENTED_EDGE('',*,*,#1805,.F.);
#2491 = CYLINDRICAL_SURFACE('',#2492,0.1);
#2492 = AXIS2_PLACEMENT_3D('',#2493,#2494,#2495);
#2493 = CARTESIAN_POINT('',(2.4,1.43,0.375));
#2494 = DIRECTION('',(-2.22044604925E-16,1.,0.));
#2495 = DIRECTION('',(0.,0.,1.));
#2496 = ADVANCED_FACE('',(#2497),#2575,.T.);
#2497 = FACE_BOUND('',#2498,.T.);
#2498 = EDGE_LOOP('',(#2499,#2500,#2501,#2502,#2510,#2519,#2527,#2535,
    #2543,#2552,#2560,#2569));
#2499 = ORIENTED_EDGE('',*,*,#1389,.F.);
#2500 = ORIENTED_EDGE('',*,*,#1336,.T.);
#2501 = ORIENTED_EDGE('',*,*,#2476,.T.);
#2502 = ORIENTED_EDGE('',*,*,#2503,.T.);
#2503 = EDGE_CURVE('',#2477,#2504,#2506,.T.);
#2504 = VERTEX_POINT('',#2505);
#2505 = CARTESIAN_POINT('',(2.5,1.17,0.25));
#2506 = LINE('',#2507,#2508);
#2507 = CARTESIAN_POINT('',(2.5,1.17,0.375));
#2508 = VECTOR('',#2509,1.);
#2509 = DIRECTION('',(0.,0.,-1.));
#2510 = ORIENTED_EDGE('',*,*,#2511,.T.);
#2511 = EDGE_CURVE('',#2504,#2512,#2514,.T.);
#2512 = VERTEX_POINT('',#2513);
#2513 = CARTESIAN_POINT('',(2.75,1.17,1.110223024625E-16));
#2514 = CIRCLE('',#2515,0.25);
#2515 = AXIS2_PLACEMENT_3D('',#2516,#2517,#2518);
#2516 = CARTESIAN_POINT('',(2.75,1.17,0.25));
#2517 = DIRECTION('',(2.22044604925E-16,-1.,0.));
#2518 = DIRECTION('',(-1.,-2.22044604925E-16,-2.442490654175E-15));
#2519 = ORIENTED_EDGE('',*,*,#2520,.T.);
#2520 = EDGE_CURVE('',#2512,#2521,#2523,.T.);
#2521 = VERTEX_POINT('',#2522);
#2522 = CARTESIAN_POINT('',(3.2,1.17,1.110223024625E-16));
#2523 = LINE('',#2524,#2525);
#2524 = CARTESIAN_POINT('',(2.75,1.17,1.110223024625E-16));
#2525 = VECTOR('',#2526,1.);
#2526 = DIRECTION('',(1.,2.22044604925E-16,0.));
#2527 = ORIENTED_EDGE('',*,*,#2528,.T.);
#2528 = EDGE_CURVE('',#2521,#2529,#2531,.T.);
#2529 = VERTEX_POINT('',#2530);
#2530 = CARTESIAN_POINT('',(3.2,1.17,0.15));
#2531 = LINE('',#2532,#2533);
#2532 = CARTESIAN_POINT('',(3.2,1.17,1.110223024625E-16));
#2533 = VECTOR('',#2534,1.);
#2534 = DIRECTION('',(0.,0.,1.));
#2535 = ORIENTED_EDGE('',*,*,#2536,.T.);
#2536 = EDGE_CURVE('',#2529,#2537,#2539,.T.);
#2537 = VERTEX_POINT('',#2538);
#2538 = CARTESIAN_POINT('',(2.75,1.17,0.15));
#2539 = LINE('',#2540,#2541);
#2540 = CARTESIAN_POINT('',(3.2,1.17,0.15));
#2541 = VECTOR('',#2542,1.);
#2542 = DIRECTION('',(-1.,-2.22044604925E-16,0.));
#2543 = ORIENTED_EDGE('',*,*,#2544,.T.);
#2544 = EDGE_CURVE('',#2537,#2545,#2547,.T.);
#2545 = VERTEX_POINT('',#2546);
#2546 = CARTESIAN_POINT('',(2.65,1.17,0.25));
#2547 = CIRCLE('',#2548,0.1);
#2548 = AXIS2_PLACEMENT_3D('',#2549,#2550,#2551);
#2549 = CARTESIAN_POINT('',(2.75,1.17,0.25));
#2550 = DIRECTION('',(-2.22044604925E-16,1.,0.));
#2551 = DIRECTION('',(0.,0.,-1.));
#2552 = ORIENTED_EDGE('',*,*,#2553,.T.);
#2553 = EDGE_CURVE('',#2545,#2554,#2556,.T.);
#2554 = VERTEX_POINT('',#2555);
#2555 = CARTESIAN_POINT('',(2.65,1.17,0.375));
#2556 = LINE('',#2557,#2558);
#2557 = CARTESIAN_POINT('',(2.65,1.17,0.25));
#2558 = VECTOR('',#2559,1.);
#2559 = DIRECTION('',(0.,0.,1.));
#2560 = ORIENTED_EDGE('',*,*,#2561,.T.);
#2561 = EDGE_CURVE('',#2554,#2562,#2564,.T.);
#2562 = VERTEX_POINT('',#2563);
#2563 = CARTESIAN_POINT('',(2.4,1.17,0.625));
#2564 = CIRCLE('',#2565,0.25);
#2565 = AXIS2_PLACEMENT_3D('',#2566,#2567,#2568);
#2566 = CARTESIAN_POINT('',(2.4,1.17,0.375));
#2567 = DIRECTION('',(2.22044604925E-16,-1.,0.));
#2568 = DIRECTION('',(1.,2.22044604925E-16,2.6645352591E-15));
#2569 = ORIENTED_EDGE('',*,*,#2570,.T.);
#2570 = EDGE_CURVE('',#2562,#1390,#2571,.T.);
#2571 = LINE('',#2572,#2573);
#2572 = CARTESIAN_POINT('',(2.4,1.17,0.625));
#2573 = VECTOR('',#2574,1.);
#2574 = DIRECTION('',(-1.,-2.22044604925E-16,0.));
#2575 = PLANE('',#2576);
#2576 = AXIS2_PLACEMENT_3D('',#2577,#2578,#2579);
#2577 = CARTESIAN_POINT('',(2.634769719427,1.17,0.289787506618));
#2578 = DIRECTION('',(2.22044604925E-16,-1.,0.));
#2579 = DIRECTION('',(0.,0.,1.));
#2580 = ADVANCED_FACE('',(#2581),#2667,.F.);
#2581 = FACE_BOUND('',#2582,.F.);
#2582 = EDGE_LOOP('',(#2583,#2584,#2585,#2594,#2602,#2611,#2619,#2627,
    #2635,#2644,#2652,#2661));
#2583 = ORIENTED_EDGE('',*,*,#1429,.F.);
#2584 = ORIENTED_EDGE('',*,*,#1358,.T.);
#2585 = ORIENTED_EDGE('',*,*,#2586,.T.);
#2586 = EDGE_CURVE('',#1359,#2587,#2589,.T.);
#2587 = VERTEX_POINT('',#2588);
#2588 = CARTESIAN_POINT('',(2.5,-1.17,0.375));
#2589 = CIRCLE('',#2590,0.1);
#2590 = AXIS2_PLACEMENT_3D('',#2591,#2592,#2593);
#2591 = CARTESIAN_POINT('',(2.4,-1.17,0.375));
#2592 = DIRECTION('',(-2.22044604925E-16,1.,0.));
#2593 = DIRECTION('',(0.,0.,1.));
#2594 = ORIENTED_EDGE('',*,*,#2595,.T.);
#2595 = EDGE_CURVE('',#2587,#2596,#2598,.T.);
#2596 = VERTEX_POINT('',#2597);
#2597 = CARTESIAN_POINT('',(2.5,-1.17,0.25));
#2598 = LINE('',#2599,#2600);
#2599 = CARTESIAN_POINT('',(2.5,-1.17,0.375));
#2600 = VECTOR('',#2601,1.);
#2601 = DIRECTION('',(0.,0.,-1.));
#2602 = ORIENTED_EDGE('',*,*,#2603,.T.);
#2603 = EDGE_CURVE('',#2596,#2604,#2606,.T.);
#2604 = VERTEX_POINT('',#2605);
#2605 = CARTESIAN_POINT('',(2.75,-1.17,1.110223024625E-16));
#2606 = CIRCLE('',#2607,0.25);
#2607 = AXIS2_PLACEMENT_3D('',#2608,#2609,#2610);
#2608 = CARTESIAN_POINT('',(2.75,-1.17,0.25));
#2609 = DIRECTION('',(2.22044604925E-16,-1.,0.));
#2610 = DIRECTION('',(-1.,-2.22044604925E-16,-2.442490654175E-15));
#2611 = ORIENTED_EDGE('',*,*,#2612,.T.);
#2612 = EDGE_CURVE('',#2604,#2613,#2615,.T.);
#2613 = VERTEX_POINT('',#2614);
#2614 = CARTESIAN_POINT('',(3.2,-1.17,1.110223024625E-16));
#2615 = LINE('',#2616,#2617);
#2616 = CARTESIAN_POINT('',(2.75,-1.17,1.110223024625E-16));
#2617 = VECTOR('',#2618,1.);
#2618 = DIRECTION('',(1.,2.22044604925E-16,0.));
#2619 = ORIENTED_EDGE('',*,*,#2620,.T.);
#2620 = EDGE_CURVE('',#2613,#2621,#2623,.T.);
#2621 = VERTEX_POINT('',#2622);
#2622 = CARTESIAN_POINT('',(3.2,-1.17,0.15));
#2623 = LINE('',#2624,#2625);
#2624 = CARTESIAN_POINT('',(3.2,-1.17,1.110223024625E-16));
#2625 = VECTOR('',#2626,1.);
#2626 = DIRECTION('',(0.,0.,1.));
#2627 = ORIENTED_EDGE('',*,*,#2628,.T.);
#2628 = EDGE_CURVE('',#2621,#2629,#2631,.T.);
#2629 = VERTEX_POINT('',#2630);
#2630 = CARTESIAN_POINT('',(2.75,-1.17,0.15));
#2631 = LINE('',#2632,#2633);
#2632 = CARTESIAN_POINT('',(3.2,-1.17,0.15));
#2633 = VECTOR('',#2634,1.);
#2634 = DIRECTION('',(-1.,-2.22044604925E-16,0.));
#2635 = ORIENTED_EDGE('',*,*,#2636,.T.);
#2636 = EDGE_CURVE('',#2629,#2637,#2639,.T.);
#2637 = VERTEX_POINT('',#2638);
#2638 = CARTESIAN_POINT('',(2.65,-1.17,0.25));
#2639 = CIRCLE('',#2640,0.1);
#2640 = AXIS2_PLACEMENT_3D('',#2641,#2642,#2643);
#2641 = CARTESIAN_POINT('',(2.75,-1.17,0.25));
#2642 = DIRECTION('',(-2.22044604925E-16,1.,0.));
#2643 = DIRECTION('',(0.,0.,-1.));
#2644 = ORIENTED_EDGE('',*,*,#2645,.T.);
#2645 = EDGE_CURVE('',#2637,#2646,#2648,.T.);
#2646 = VERTEX_POINT('',#2647);
#2647 = CARTESIAN_POINT('',(2.65,-1.17,0.375));
#2648 = LINE('',#2649,#2650);
#2649 = CARTESIAN_POINT('',(2.65,-1.17,0.25));
#2650 = VECTOR('',#2651,1.);
#2651 = DIRECTION('',(0.,0.,1.));
#2652 = ORIENTED_EDGE('',*,*,#2653,.T.);
#2653 = EDGE_CURVE('',#2646,#2654,#2656,.T.);
#2654 = VERTEX_POINT('',#2655);
#2655 = CARTESIAN_POINT('',(2.4,-1.17,0.625));
#2656 = CIRCLE('',#2657,0.25);
#2657 = AXIS2_PLACEMENT_3D('',#2658,#2659,#2660);
#2658 = CARTESIAN_POINT('',(2.4,-1.17,0.375));
#2659 = DIRECTION('',(2.22044604925E-16,-1.,0.));
#2660 = DIRECTION('',(1.,2.22044604925E-16,2.6645352591E-15));
#2661 = ORIENTED_EDGE('',*,*,#2662,.T.);
#2662 = EDGE_CURVE('',#2654,#1430,#2663,.T.);
#2663 = LINE('',#2664,#2665);
#2664 = CARTESIAN_POINT('',(2.4,-1.17,0.625));
#2665 = VECTOR('',#2666,1.);
#2666 = DIRECTION('',(-1.,-2.22044604925E-16,0.));
#2667 = PLANE('',#2668);
#2668 = AXIS2_PLACEMENT_3D('',#2669,#2670,#2671);
#2669 = CARTESIAN_POINT('',(2.634769719427,-1.17,0.289787506618));
#2670 = DIRECTION('',(2.22044604925E-16,-1.,0.));
#2671 = DIRECTION('',(0.,0.,1.));
#2672 = ADVANCED_FACE('',(#2673),#2684,.F.);
#2673 = FACE_BOUND('',#2674,.F.);
#2674 = EDGE_LOOP('',(#2675,#2676,#2677,#2683));
#2675 = ORIENTED_EDGE('',*,*,#1375,.T.);
#2676 = ORIENTED_EDGE('',*,*,#2363,.T.);
#2677 = ORIENTED_EDGE('',*,*,#2678,.F.);
#2678 = EDGE_CURVE('',#2587,#2364,#2679,.T.);
#2679 = LINE('',#2680,#2681);
#2680 = CARTESIAN_POINT('',(2.5,-1.17,0.375));
#2681 = VECTOR('',#2682,1.);
#2682 = DIRECTION('',(2.22044604925E-16,-1.,0.));
#2683 = ORIENTED_EDGE('',*,*,#2586,.F.);
#2684 = CYLINDRICAL_SURFACE('',#2685,0.1);
#2685 = AXIS2_PLACEMENT_3D('',#2686,#2687,#2688);
#2686 = CARTESIAN_POINT('',(2.4,-1.17,0.375));
#2687 = DIRECTION('',(-2.22044604925E-16,1.,0.));
#2688 = DIRECTION('',(0.,0.,1.));
#2689 = ADVANCED_FACE('',(#2690),#2706,.F.);
#2690 = FACE_BOUND('',#2691,.F.);
#2691 = EDGE_LOOP('',(#2692,#2698,#2699,#2705));
#2692 = ORIENTED_EDGE('',*,*,#2693,.F.);
#2693 = EDGE_CURVE('',#1390,#1663,#2694,.T.);
#2694 = LINE('',#2695,#2696);
#2695 = CARTESIAN_POINT('',(2.4,1.17,0.625));
#2696 = VECTOR('',#2697,1.);
#2697 = DIRECTION('',(-1.,-2.22044604925E-16,0.));
#2698 = ORIENTED_EDGE('',*,*,#1406,.T.);
#2699 = ORIENTED_EDGE('',*,*,#2700,.T.);
#2700 = EDGE_CURVE('',#1399,#1671,#2701,.T.);
#2701 = LINE('',#2702,#2703);
#2702 = CARTESIAN_POINT('',(2.4,0.78,0.625));
#2703 = VECTOR('',#2704,1.);
#2704 = DIRECTION('',(-1.,-2.22044604925E-16,0.));
#2705 = ORIENTED_EDGE('',*,*,#1670,.F.);
#2706 = B_SPLINE_SURFACE_WITH_KNOTS('',1,1,(
    (#2707,#2708)
    ,(#2709,#2710
    )),.UNSPECIFIED.,.F.,.F.,.F.,(2,2),(2,2),(0.,4.6),(0.,1.),
  .PIECEWISE_BEZIER_KNOTS.);
#2707 = CARTESIAN_POINT('',(2.2,2.3,0.625));
#2708 = CARTESIAN_POINT('',(2.15,2.275,0.625));
#2709 = CARTESIAN_POINT('',(2.2,-2.3,0.625));
#2710 = CARTESIAN_POINT('',(2.15,-2.275,0.625));
#2711 = ADVANCED_FACE('',(#2712),#2798,.F.);
#2712 = FACE_BOUND('',#2713,.F.);
#2713 = EDGE_LOOP('',(#2714,#2715,#2716,#2725,#2733,#2742,#2750,#2758,
    #2766,#2775,#2783,#2792));
#2714 = ORIENTED_EDGE('',*,*,#1398,.F.);
#2715 = ORIENTED_EDGE('',*,*,#1451,.T.);
#2716 = ORIENTED_EDGE('',*,*,#2717,.T.);
#2717 = EDGE_CURVE('',#1452,#2718,#2720,.T.);
#2718 = VERTEX_POINT('',#2719);
#2719 = CARTESIAN_POINT('',(2.5,0.78,0.375));
#2720 = CIRCLE('',#2721,0.1);
#2721 = AXIS2_PLACEMENT_3D('',#2722,#2723,#2724);
#2722 = CARTESIAN_POINT('',(2.4,0.78,0.375));
#2723 = DIRECTION('',(-2.22044604925E-16,1.,0.));
#2724 = DIRECTION('',(0.,0.,1.));
#2725 = ORIENTED_EDGE('',*,*,#2726,.T.);
#2726 = EDGE_CURVE('',#2718,#2727,#2729,.T.);
#2727 = VERTEX_POINT('',#2728);
#2728 = CARTESIAN_POINT('',(2.5,0.78,0.25));
#2729 = LINE('',#2730,#2731);
#2730 = CARTESIAN_POINT('',(2.5,0.78,0.375));
#2731 = VECTOR('',#2732,1.);
#2732 = DIRECTION('',(0.,0.,-1.));
#2733 = ORIENTED_EDGE('',*,*,#2734,.T.);
#2734 = EDGE_CURVE('',#2727,#2735,#2737,.T.);
#2735 = VERTEX_POINT('',#2736);
#2736 = CARTESIAN_POINT('',(2.75,0.78,1.110223024625E-16));
#2737 = CIRCLE('',#2738,0.25);
#2738 = AXIS2_PLACEMENT_3D('',#2739,#2740,#2741);
#2739 = CARTESIAN_POINT('',(2.75,0.78,0.25));
#2740 = DIRECTION('',(2.22044604925E-16,-1.,0.));
#2741 = DIRECTION('',(-1.,-2.22044604925E-16,-2.442490654175E-15));
#2742 = ORIENTED_EDGE('',*,*,#2743,.T.);
#2743 = EDGE_CURVE('',#2735,#2744,#2746,.T.);
#2744 = VERTEX_POINT('',#2745);
#2745 = CARTESIAN_POINT('',(3.2,0.78,1.110223024625E-16));
#2746 = LINE('',#2747,#2748);
#2747 = CARTESIAN_POINT('',(2.75,0.78,1.110223024625E-16));
#2748 = VECTOR('',#2749,1.);
#2749 = DIRECTION('',(1.,2.22044604925E-16,0.));
#2750 = ORIENTED_EDGE('',*,*,#2751,.T.);
#2751 = EDGE_CURVE('',#2744,#2752,#2754,.T.);
#2752 = VERTEX_POINT('',#2753);
#2753 = CARTESIAN_POINT('',(3.2,0.78,0.15));
#2754 = LINE('',#2755,#2756);
#2755 = CARTESIAN_POINT('',(3.2,0.78,1.110223024625E-16));
#2756 = VECTOR('',#2757,1.);
#2757 = DIRECTION('',(0.,0.,1.));
#2758 = ORIENTED_EDGE('',*,*,#2759,.T.);
#2759 = EDGE_CURVE('',#2752,#2760,#2762,.T.);
#2760 = VERTEX_POINT('',#2761);
#2761 = CARTESIAN_POINT('',(2.75,0.78,0.15));
#2762 = LINE('',#2763,#2764);
#2763 = CARTESIAN_POINT('',(3.2,0.78,0.15));
#2764 = VECTOR('',#2765,1.);
#2765 = DIRECTION('',(-1.,-2.22044604925E-16,0.));
#2766 = ORIENTED_EDGE('',*,*,#2767,.T.);
#2767 = EDGE_CURVE('',#2760,#2768,#2770,.T.);
#2768 = VERTEX_POINT('',#2769);
#2769 = CARTESIAN_POINT('',(2.65,0.78,0.25));
#2770 = CIRCLE('',#2771,0.1);
#2771 = AXIS2_PLACEMENT_3D('',#2772,#2773,#2774);
#2772 = CARTESIAN_POINT('',(2.75,0.78,0.25));
#2773 = DIRECTION('',(-2.22044604925E-16,1.,0.));
#2774 = DIRECTION('',(0.,0.,-1.));
#2775 = ORIENTED_EDGE('',*,*,#2776,.T.);
#2776 = EDGE_CURVE('',#2768,#2777,#2779,.T.);
#2777 = VERTEX_POINT('',#2778);
#2778 = CARTESIAN_POINT('',(2.65,0.78,0.375));
#2779 = LINE('',#2780,#2781);
#2780 = CARTESIAN_POINT('',(2.65,0.78,0.25));
#2781 = VECTOR('',#2782,1.);
#2782 = DIRECTION('',(0.,0.,1.));
#2783 = ORIENTED_EDGE('',*,*,#2784,.T.);
#2784 = EDGE_CURVE('',#2777,#2785,#2787,.T.);
#2785 = VERTEX_POINT('',#2786);
#2786 = CARTESIAN_POINT('',(2.4,0.78,0.625));
#2787 = CIRCLE('',#2788,0.25);
#2788 = AXIS2_PLACEMENT_3D('',#2789,#2790,#2791);
#2789 = CARTESIAN_POINT('',(2.4,0.78,0.375));
#2790 = DIRECTION('',(2.22044604925E-16,-1.,0.));
#2791 = DIRECTION('',(1.,2.22044604925E-16,2.6645352591E-15));
#2792 = ORIENTED_EDGE('',*,*,#2793,.T.);
#2793 = EDGE_CURVE('',#2785,#1399,#2794,.T.);
#2794 = LINE('',#2795,#2796);
#2795 = CARTESIAN_POINT('',(2.4,0.78,0.625));
#2796 = VECTOR('',#2797,1.);
#2797 = DIRECTION('',(-1.,-2.22044604925E-16,0.));
#2798 = PLANE('',#2799);
#2799 = AXIS2_PLACEMENT_3D('',#2800,#2801,#2802);
#2800 = CARTESIAN_POINT('',(2.634769719427,0.78,0.289787506618));
#2801 = DIRECTION('',(2.22044604925E-16,-1.,0.));
#2802 = DIRECTION('',(0.,0.,1.));
#2803 = ADVANCED_FACE('',(#2804),#2890,.T.);
#2804 = FACE_BOUND('',#2805,.T.);
#2805 = EDGE_LOOP('',(#2806,#2807,#2808,#2817,#2825,#2834,#2842,#2850,
    #2858,#2867,#2875,#2884));
#2806 = ORIENTED_EDGE('',*,*,#1420,.F.);
#2807 = ORIENTED_EDGE('',*,*,#1491,.T.);
#2808 = ORIENTED_EDGE('',*,*,#2809,.T.);
#2809 = EDGE_CURVE('',#1492,#2810,#2812,.T.);
#2810 = VERTEX_POINT('',#2811);
#2811 = CARTESIAN_POINT('',(2.5,-0.78,0.375));
#2812 = CIRCLE('',#2813,0.1);
#2813 = AXIS2_PLACEMENT_3D('',#2814,#2815,#2816);
#2814 = CARTESIAN_POINT('',(2.4,-0.78,0.375));
#2815 = DIRECTION('',(-2.22044604925E-16,1.,0.));
#2816 = DIRECTION('',(0.,0.,1.));
#2817 = ORIENTED_EDGE('',*,*,#2818,.T.);
#2818 = EDGE_CURVE('',#2810,#2819,#2821,.T.);
#2819 = VERTEX_POINT('',#2820);
#2820 = CARTESIAN_POINT('',(2.5,-0.78,0.25));
#2821 = LINE('',#2822,#2823);
#2822 = CARTESIAN_POINT('',(2.5,-0.78,0.375));
#2823 = VECTOR('',#2824,1.);
#2824 = DIRECTION('',(0.,0.,-1.));
#2825 = ORIENTED_EDGE('',*,*,#2826,.T.);
#2826 = EDGE_CURVE('',#2819,#2827,#2829,.T.);
#2827 = VERTEX_POINT('',#2828);
#2828 = CARTESIAN_POINT('',(2.75,-0.78,1.110223024625E-16));
#2829 = CIRCLE('',#2830,0.25);
#2830 = AXIS2_PLACEMENT_3D('',#2831,#2832,#2833);
#2831 = CARTESIAN_POINT('',(2.75,-0.78,0.25));
#2832 = DIRECTION('',(2.22044604925E-16,-1.,0.));
#2833 = DIRECTION('',(-1.,-2.22044604925E-16,-2.442490654175E-15));
#2834 = ORIENTED_EDGE('',*,*,#2835,.T.);
#2835 = EDGE_CURVE('',#2827,#2836,#2838,.T.);
#2836 = VERTEX_POINT('',#2837);
#2837 = CARTESIAN_POINT('',(3.2,-0.78,1.110223024625E-16));
#2838 = LINE('',#2839,#2840);
#2839 = CARTESIAN_POINT('',(2.75,-0.78,1.110223024625E-16));
#2840 = VECTOR('',#2841,1.);
#2841 = DIRECTION('',(1.,2.22044604925E-16,0.));
#2842 = ORIENTED_EDGE('',*,*,#2843,.T.);
#2843 = EDGE_CURVE('',#2836,#2844,#2846,.T.);
#2844 = VERTEX_POINT('',#2845);
#2845 = CARTESIAN_POINT('',(3.2,-0.78,0.15));
#2846 = LINE('',#2847,#2848);
#2847 = CARTESIAN_POINT('',(3.2,-0.78,1.110223024625E-16));
#2848 = VECTOR('',#2849,1.);
#2849 = DIRECTION('',(0.,0.,1.));
#2850 = ORIENTED_EDGE('',*,*,#2851,.T.);
#2851 = EDGE_CURVE('',#2844,#2852,#2854,.T.);
#2852 = VERTEX_POINT('',#2853);
#2853 = CARTESIAN_POINT('',(2.75,-0.78,0.15));
#2854 = LINE('',#2855,#2856);
#2855 = CARTESIAN_POINT('',(3.2,-0.78,0.15));
#2856 = VECTOR('',#2857,1.);
#2857 = DIRECTION('',(-1.,-2.22044604925E-16,0.));
#2858 = ORIENTED_EDGE('',*,*,#2859,.T.);
#2859 = EDGE_CURVE('',#2852,#2860,#2862,.T.);
#2860 = VERTEX_POINT('',#2861);
#2861 = CARTESIAN_POINT('',(2.65,-0.78,0.25));
#2862 = CIRCLE('',#2863,0.1);
#2863 = AXIS2_PLACEMENT_3D('',#2864,#2865,#2866);
#2864 = CARTESIAN_POINT('',(2.75,-0.78,0.25));
#2865 = DIRECTION('',(-2.22044604925E-16,1.,0.));
#2866 = DIRECTION('',(0.,0.,-1.));
#2867 = ORIENTED_EDGE('',*,*,#2868,.T.);
#2868 = EDGE_CURVE('',#2860,#2869,#2871,.T.);
#2869 = VERTEX_POINT('',#2870);
#2870 = CARTESIAN_POINT('',(2.65,-0.78,0.375));
#2871 = LINE('',#2872,#2873);
#2872 = CARTESIAN_POINT('',(2.65,-0.78,0.25));
#2873 = VECTOR('',#2874,1.);
#2874 = DIRECTION('',(0.,0.,1.));
#2875 = ORIENTED_EDGE('',*,*,#2876,.T.);
#2876 = EDGE_CURVE('',#2869,#2877,#2879,.T.);
#2877 = VERTEX_POINT('',#2878);
#2878 = CARTESIAN_POINT('',(2.4,-0.78,0.625));
#2879 = CIRCLE('',#2880,0.25);
#2880 = AXIS2_PLACEMENT_3D('',#2881,#2882,#2883);
#2881 = CARTESIAN_POINT('',(2.4,-0.78,0.375));
#2882 = DIRECTION('',(2.22044604925E-16,-1.,0.));
#2883 = DIRECTION('',(1.,2.22044604925E-16,2.6645352591E-15));
#2884 = ORIENTED_EDGE('',*,*,#2885,.T.);
#2885 = EDGE_CURVE('',#2877,#1421,#2886,.T.);
#2886 = LINE('',#2887,#2888);
#2887 = CARTESIAN_POINT('',(2.4,-0.78,0.625));
#2888 = VECTOR('',#2889,1.);
#2889 = DIRECTION('',(-1.,-2.22044604925E-16,0.));
#2890 = PLANE('',#2891);
#2891 = AXIS2_PLACEMENT_3D('',#2892,#2893,#2894);
#2892 = CARTESIAN_POINT('',(2.634769719427,-0.78,0.289787506618));
#2893 = DIRECTION('',(2.22044604925E-16,-1.,0.));
#2894 = DIRECTION('',(0.,0.,1.));
#2895 = ADVANCED_FACE('',(#2896),#2912,.F.);
#2896 = FACE_BOUND('',#2897,.F.);
#2897 = EDGE_LOOP('',(#2898,#2904,#2905,#2911));
#2898 = ORIENTED_EDGE('',*,*,#2899,.F.);
#2899 = EDGE_CURVE('',#1421,#1711,#2900,.T.);
#2900 = LINE('',#2901,#2902);
#2901 = CARTESIAN_POINT('',(2.4,-0.78,0.625));
#2902 = VECTOR('',#2903,1.);
#2903 = DIRECTION('',(-1.,-2.22044604925E-16,0.));
#2904 = ORIENTED_EDGE('',*,*,#1437,.T.);
#2905 = ORIENTED_EDGE('',*,*,#2906,.T.);
#2906 = EDGE_CURVE('',#1430,#1719,#2907,.T.);
#2907 = LINE('',#2908,#2909);
#2908 = CARTESIAN_POINT('',(2.4,-1.17,0.625));
#2909 = VECTOR('',#2910,1.);
#2910 = DIRECTION('',(-1.,-2.22044604925E-16,0.));
#2911 = ORIENTED_EDGE('',*,*,#1718,.F.);
#2912 = B_SPLINE_SURFACE_WITH_KNOTS('',1,1,(
    (#2913,#2914)
    ,(#2915,#2916
    )),.UNSPECIFIED.,.F.,.F.,.F.,(2,2),(2,2),(0.,4.6),(0.,1.),
  .PIECEWISE_BEZIER_KNOTS.);
#2913 = CARTESIAN_POINT('',(2.2,2.3,0.625));
#2914 = CARTESIAN_POINT('',(2.15,2.275,0.625));
#2915 = CARTESIAN_POINT('',(2.2,-2.3,0.625));
#2916 = CARTESIAN_POINT('',(2.15,-2.275,0.625));
#2917 = ADVANCED_FACE('',(#2918),#2937,.F.);
#2918 = FACE_BOUND('',#2919,.F.);
#2919 = EDGE_LOOP('',(#2920,#2921,#2930,#2936));
#2920 = ORIENTED_EDGE('',*,*,#1468,.T.);
#2921 = ORIENTED_EDGE('',*,*,#2922,.T.);
#2922 = EDGE_CURVE('',#1461,#2923,#2925,.T.);
#2923 = VERTEX_POINT('',#2924);
#2924 = CARTESIAN_POINT('',(2.5,0.52,0.375));
#2925 = CIRCLE('',#2926,0.1);
#2926 = AXIS2_PLACEMENT_3D('',#2927,#2928,#2929);
#2927 = CARTESIAN_POINT('',(2.4,0.52,0.375));
#2928 = DIRECTION('',(-2.22044604925E-16,1.,0.));
#2929 = DIRECTION('',(0.,0.,1.));
#2930 = ORIENTED_EDGE('',*,*,#2931,.F.);
#2931 = EDGE_CURVE('',#2718,#2923,#2932,.T.);
#2932 = LINE('',#2933,#2934);
#2933 = CARTESIAN_POINT('',(2.5,0.78,0.375));
#2934 = VECTOR('',#2935,1.);
#2935 = DIRECTION('',(2.22044604925E-16,-1.,0.));
#2936 = ORIENTED_EDGE('',*,*,#2717,.F.);
#2937 = CYLINDRICAL_SURFACE('',#2938,0.1);
#2938 = AXIS2_PLACEMENT_3D('',#2939,#2940,#2941);
#2939 = CARTESIAN_POINT('',(2.4,0.78,0.375));
#2940 = DIRECTION('',(-2.22044604925E-16,1.,0.));
#2941 = DIRECTION('',(0.,0.,1.));
#2942 = ADVANCED_FACE('',(#2943),#3021,.T.);
#2943 = FACE_BOUND('',#2944,.T.);
#2944 = EDGE_LOOP('',(#2945,#2946,#2947,#2948,#2956,#2965,#2973,#2981,
    #2989,#2998,#3006,#3015));
#2945 = ORIENTED_EDGE('',*,*,#1513,.F.);
#2946 = ORIENTED_EDGE('',*,*,#1460,.T.);
#2947 = ORIENTED_EDGE('',*,*,#2922,.T.);
#2948 = ORIENTED_EDGE('',*,*,#2949,.T.);
#2949 = EDGE_CURVE('',#2923,#2950,#2952,.T.);
#2950 = VERTEX_POINT('',#2951);
#2951 = CARTESIAN_POINT('',(2.5,0.52,0.25));
#2952 = LINE('',#2953,#2954);
#2953 = CARTESIAN_POINT('',(2.5,0.52,0.375));
#2954 = VECTOR('',#2955,1.);
#2955 = DIRECTION('',(0.,0.,-1.));
#2956 = ORIENTED_EDGE('',*,*,#2957,.T.);
#2957 = EDGE_CURVE('',#2950,#2958,#2960,.T.);
#2958 = VERTEX_POINT('',#2959);
#2959 = CARTESIAN_POINT('',(2.75,0.52,1.110223024625E-16));
#2960 = CIRCLE('',#2961,0.25);
#2961 = AXIS2_PLACEMENT_3D('',#2962,#2963,#2964);
#2962 = CARTESIAN_POINT('',(2.75,0.52,0.25));
#2963 = DIRECTION('',(2.22044604925E-16,-1.,0.));
#2964 = DIRECTION('',(-1.,-2.22044604925E-16,-2.442490654175E-15));
#2965 = ORIENTED_EDGE('',*,*,#2966,.T.);
#2966 = EDGE_CURVE('',#2958,#2967,#2969,.T.);
#2967 = VERTEX_POINT('',#2968);
#2968 = CARTESIAN_POINT('',(3.2,0.52,1.110223024625E-16));
#2969 = LINE('',#2970,#2971);
#2970 = CARTESIAN_POINT('',(2.75,0.52,1.110223024625E-16));
#2971 = VECTOR('',#2972,1.);
#2972 = DIRECTION('',(1.,2.22044604925E-16,0.));
#2973 = ORIENTED_EDGE('',*,*,#2974,.T.);
#2974 = EDGE_CURVE('',#2967,#2975,#2977,.T.);
#2975 = VERTEX_POINT('',#2976);
#2976 = CARTESIAN_POINT('',(3.2,0.52,0.15));
#2977 = LINE('',#2978,#2979);
#2978 = CARTESIAN_POINT('',(3.2,0.52,1.110223024625E-16));
#2979 = VECTOR('',#2980,1.);
#2980 = DIRECTION('',(0.,0.,1.));
#2981 = ORIENTED_EDGE('',*,*,#2982,.T.);
#2982 = EDGE_CURVE('',#2975,#2983,#2985,.T.);
#2983 = VERTEX_POINT('',#2984);
#2984 = CARTESIAN_POINT('',(2.75,0.52,0.15));
#2985 = LINE('',#2986,#2987);
#2986 = CARTESIAN_POINT('',(3.2,0.52,0.15));
#2987 = VECTOR('',#2988,1.);
#2988 = DIRECTION('',(-1.,-2.22044604925E-16,0.));
#2989 = ORIENTED_EDGE('',*,*,#2990,.T.);
#2990 = EDGE_CURVE('',#2983,#2991,#2993,.T.);
#2991 = VERTEX_POINT('',#2992);
#2992 = CARTESIAN_POINT('',(2.65,0.52,0.25));
#2993 = CIRCLE('',#2994,0.1);
#2994 = AXIS2_PLACEMENT_3D('',#2995,#2996,#2997);
#2995 = CARTESIAN_POINT('',(2.75,0.52,0.25));
#2996 = DIRECTION('',(-2.22044604925E-16,1.,0.));
#2997 = DIRECTION('',(0.,0.,-1.));
#2998 = ORIENTED_EDGE('',*,*,#2999,.T.);
#2999 = EDGE_CURVE('',#2991,#3000,#3002,.T.);
#3000 = VERTEX_POINT('',#3001);
#3001 = CARTESIAN_POINT('',(2.65,0.52,0.375));
#3002 = LINE('',#3003,#3004);
#3003 = CARTESIAN_POINT('',(2.65,0.52,0.25));
#3004 = VECTOR('',#3005,1.);
#3005 = DIRECTION('',(0.,0.,1.));
#3006 = ORIENTED_EDGE('',*,*,#3007,.T.);
#3007 = EDGE_CURVE('',#3000,#3008,#3010,.T.);
#3008 = VERTEX_POINT('',#3009);
#3009 = CARTESIAN_POINT('',(2.4,0.52,0.625));
#3010 = CIRCLE('',#3011,0.25);
#3011 = AXIS2_PLACEMENT_3D('',#3012,#3013,#3014);
#3012 = CARTESIAN_POINT('',(2.4,0.52,0.375));
#3013 = DIRECTION('',(2.22044604925E-16,-1.,0.));
#3014 = DIRECTION('',(1.,2.22044604925E-16,2.6645352591E-15));
#3015 = ORIENTED_EDGE('',*,*,#3016,.T.);
#3016 = EDGE_CURVE('',#3008,#1514,#3017,.T.);
#3017 = LINE('',#3018,#3019);
#3018 = CARTESIAN_POINT('',(2.4,0.52,0.625));
#3019 = VECTOR('',#3020,1.);
#3020 = DIRECTION('',(-1.,-2.22044604925E-16,0.));
#3021 = PLANE('',#3022);
#3022 = AXIS2_PLACEMENT_3D('',#3023,#3024,#3025);
#3023 = CARTESIAN_POINT('',(2.634769719427,0.52,0.289787506618));
#3024 = DIRECTION('',(2.22044604925E-16,-1.,0.));
#3025 = DIRECTION('',(0.,0.,1.));
#3026 = ADVANCED_FACE('',(#3027),#3113,.F.);
#3027 = FACE_BOUND('',#3028,.F.);
#3028 = EDGE_LOOP('',(#3029,#3030,#3031,#3040,#3048,#3057,#3065,#3073,
    #3081,#3090,#3098,#3107));
#3029 = ORIENTED_EDGE('',*,*,#1553,.F.);
#3030 = ORIENTED_EDGE('',*,*,#1482,.T.);
#3031 = ORIENTED_EDGE('',*,*,#3032,.T.);
#3032 = EDGE_CURVE('',#1483,#3033,#3035,.T.);
#3033 = VERTEX_POINT('',#3034);
#3034 = CARTESIAN_POINT('',(2.5,-0.52,0.375));
#3035 = CIRCLE('',#3036,0.1);
#3036 = AXIS2_PLACEMENT_3D('',#3037,#3038,#3039);
#3037 = CARTESIAN_POINT('',(2.4,-0.52,0.375));
#3038 = DIRECTION('',(-2.22044604925E-16,1.,0.));
#3039 = DIRECTION('',(0.,0.,1.));
#3040 = ORIENTED_EDGE('',*,*,#3041,.T.);
#3041 = EDGE_CURVE('',#3033,#3042,#3044,.T.);
#3042 = VERTEX_POINT('',#3043);
#3043 = CARTESIAN_POINT('',(2.5,-0.52,0.25));
#3044 = LINE('',#3045,#3046);
#3045 = CARTESIAN_POINT('',(2.5,-0.52,0.375));
#3046 = VECTOR('',#3047,1.);
#3047 = DIRECTION('',(0.,0.,-1.));
#3048 = ORIENTED_EDGE('',*,*,#3049,.T.);
#3049 = EDGE_CURVE('',#3042,#3050,#3052,.T.);
#3050 = VERTEX_POINT('',#3051);
#3051 = CARTESIAN_POINT('',(2.75,-0.52,1.110223024625E-16));
#3052 = CIRCLE('',#3053,0.25);
#3053 = AXIS2_PLACEMENT_3D('',#3054,#3055,#3056);
#3054 = CARTESIAN_POINT('',(2.75,-0.52,0.25));
#3055 = DIRECTION('',(2.22044604925E-16,-1.,0.));
#3056 = DIRECTION('',(-1.,-2.22044604925E-16,-2.442490654175E-15));
#3057 = ORIENTED_EDGE('',*,*,#3058,.T.);
#3058 = EDGE_CURVE('',#3050,#3059,#3061,.T.);
#3059 = VERTEX_POINT('',#3060);
#3060 = CARTESIAN_POINT('',(3.2,-0.52,1.110223024625E-16));
#3061 = LINE('',#3062,#3063);
#3062 = CARTESIAN_POINT('',(2.75,-0.52,1.110223024625E-16));
#3063 = VECTOR('',#3064,1.);
#3064 = DIRECTION('',(1.,2.22044604925E-16,0.));
#3065 = ORIENTED_EDGE('',*,*,#3066,.T.);
#3066 = EDGE_CURVE('',#3059,#3067,#3069,.T.);
#3067 = VERTEX_POINT('',#3068);
#3068 = CARTESIAN_POINT('',(3.2,-0.52,0.15));
#3069 = LINE('',#3070,#3071);
#3070 = CARTESIAN_POINT('',(3.2,-0.52,1.110223024625E-16));
#3071 = VECTOR('',#3072,1.);
#3072 = DIRECTION('',(0.,0.,1.));
#3073 = ORIENTED_EDGE('',*,*,#3074,.T.);
#3074 = EDGE_CURVE('',#3067,#3075,#3077,.T.);
#3075 = VERTEX_POINT('',#3076);
#3076 = CARTESIAN_POINT('',(2.75,-0.52,0.15));
#3077 = LINE('',#3078,#3079);
#3078 = CARTESIAN_POINT('',(3.2,-0.52,0.15));
#3079 = VECTOR('',#3080,1.);
#3080 = DIRECTION('',(-1.,-2.22044604925E-16,0.));
#3081 = ORIENTED_EDGE('',*,*,#3082,.T.);
#3082 = EDGE_CURVE('',#3075,#3083,#3085,.T.);
#3083 = VERTEX_POINT('',#3084);
#3084 = CARTESIAN_POINT('',(2.65,-0.52,0.25));
#3085 = CIRCLE('',#3086,0.1);
#3086 = AXIS2_PLACEMENT_3D('',#3087,#3088,#3089);
#3087 = CARTESIAN_POINT('',(2.75,-0.52,0.25));
#3088 = DIRECTION('',(-2.22044604925E-16,1.,0.));
#3089 = DIRECTION('',(0.,0.,-1.));
#3090 = ORIENTED_EDGE('',*,*,#3091,.T.);
#3091 = EDGE_CURVE('',#3083,#3092,#3094,.T.);
#3092 = VERTEX_POINT('',#3093);
#3093 = CARTESIAN_POINT('',(2.65,-0.52,0.375));
#3094 = LINE('',#3095,#3096);
#3095 = CARTESIAN_POINT('',(2.65,-0.52,0.25));
#3096 = VECTOR('',#3097,1.);
#3097 = DIRECTION('',(0.,0.,1.));
#3098 = ORIENTED_EDGE('',*,*,#3099,.T.);
#3099 = EDGE_CURVE('',#3092,#3100,#3102,.T.);
#3100 = VERTEX_POINT('',#3101);
#3101 = CARTESIAN_POINT('',(2.4,-0.52,0.625));
#3102 = CIRCLE('',#3103,0.25);
#3103 = AXIS2_PLACEMENT_3D('',#3104,#3105,#3106);
#3104 = CARTESIAN_POINT('',(2.4,-0.52,0.375));
#3105 = DIRECTION('',(2.22044604925E-16,-1.,0.));
#3106 = DIRECTION('',(1.,2.22044604925E-16,2.6645352591E-15));
#3107 = ORIENTED_EDGE('',*,*,#3108,.T.);
#3108 = EDGE_CURVE('',#3100,#1554,#3109,.T.);
#3109 = LINE('',#3110,#3111);
#3110 = CARTESIAN_POINT('',(2.4,-0.52,0.625));
#3111 = VECTOR('',#3112,1.);
#3112 = DIRECTION('',(-1.,-2.22044604925E-16,0.));
#3113 = PLANE('',#3114);
#3114 = AXIS2_PLACEMENT_3D('',#3115,#3116,#3117);
#3115 = CARTESIAN_POINT('',(2.634769719427,-0.52,0.289787506618));
#3116 = DIRECTION('',(2.22044604925E-16,-1.,0.));
#3117 = DIRECTION('',(0.,0.,1.));
#3118 = ADVANCED_FACE('',(#3119),#3130,.F.);
#3119 = FACE_BOUND('',#3120,.F.);
#3120 = EDGE_LOOP('',(#3121,#3122,#3123,#3129));
#3121 = ORIENTED_EDGE('',*,*,#1499,.T.);
#3122 = ORIENTED_EDGE('',*,*,#2809,.T.);
#3123 = ORIENTED_EDGE('',*,*,#3124,.F.);
#3124 = EDGE_CURVE('',#3033,#2810,#3125,.T.);
#3125 = LINE('',#3126,#3127);
#3126 = CARTESIAN_POINT('',(2.5,-0.52,0.375));
#3127 = VECTOR('',#3128,1.);
#3128 = DIRECTION('',(2.22044604925E-16,-1.,0.));
#3129 = ORIENTED_EDGE('',*,*,#3032,.F.);
#3130 = CYLINDRICAL_SURFACE('',#3131,0.1);
#3131 = AXIS2_PLACEMENT_3D('',#3132,#3133,#3134);
#3132 = CARTESIAN_POINT('',(2.4,-0.52,0.375));
#3133 = DIRECTION('',(-2.22044604925E-16,1.,0.));
#3134 = DIRECTION('',(0.,0.,1.));
#3135 = ADVANCED_FACE('',(#3136),#3152,.F.);
#3136 = FACE_BOUND('',#3137,.F.);
#3137 = EDGE_LOOP('',(#3138,#3144,#3145,#3151));
#3138 = ORIENTED_EDGE('',*,*,#3139,.F.);
#3139 = EDGE_CURVE('',#1514,#1679,#3140,.T.);
#3140 = LINE('',#3141,#3142);
#3141 = CARTESIAN_POINT('',(2.4,0.52,0.625));
#3142 = VECTOR('',#3143,1.);
#3143 = DIRECTION('',(-1.,-2.22044604925E-16,0.));
#3144 = ORIENTED_EDGE('',*,*,#1530,.T.);
#3145 = ORIENTED_EDGE('',*,*,#3146,.T.);
#3146 = EDGE_CURVE('',#1523,#1687,#3147,.T.);
#3147 = LINE('',#3148,#3149);
#3148 = CARTESIAN_POINT('',(2.4,0.13,0.625));
#3149 = VECTOR('',#3150,1.);
#3150 = DIRECTION('',(-1.,-2.22044604925E-16,0.));
#3151 = ORIENTED_EDGE('',*,*,#1686,.F.);
#3152 = B_SPLINE_SURFACE_WITH_KNOTS('',1,1,(
    (#3153,#3154)
    ,(#3155,#3156
    )),.UNSPECIFIED.,.F.,.F.,.F.,(2,2),(2,2),(0.,4.6),(0.,1.),
  .PIECEWISE_BEZIER_KNOTS.);
#3153 = CARTESIAN_POINT('',(2.2,2.3,0.625));
#3154 = CARTESIAN_POINT('',(2.15,2.275,0.625));
#3155 = CARTESIAN_POINT('',(2.2,-2.3,0.625));
#3156 = CARTESIAN_POINT('',(2.15,-2.275,0.625));
#3157 = ADVANCED_FACE('',(#3158),#3244,.F.);
#3158 = FACE_BOUND('',#3159,.F.);
#3159 = EDGE_LOOP('',(#3160,#3161,#3162,#3171,#3179,#3188,#3196,#3204,
    #3212,#3221,#3229,#3238));
#3160 = ORIENTED_EDGE('',*,*,#1522,.F.);
#3161 = ORIENTED_EDGE('',*,*,#1575,.T.);
#3162 = ORIENTED_EDGE('',*,*,#3163,.T.);
#3163 = EDGE_CURVE('',#1576,#3164,#3166,.T.);
#3164 = VERTEX_POINT('',#3165);
#3165 = CARTESIAN_POINT('',(2.5,0.13,0.375));
#3166 = CIRCLE('',#3167,0.1);
#3167 = AXIS2_PLACEMENT_3D('',#3168,#3169,#3170);
#3168 = CARTESIAN_POINT('',(2.4,0.13,0.375));
#3169 = DIRECTION('',(-2.22044604925E-16,1.,0.));
#3170 = DIRECTION('',(0.,0.,1.));
#3171 = ORIENTED_EDGE('',*,*,#3172,.T.);
#3172 = EDGE_CURVE('',#3164,#3173,#3175,.T.);
#3173 = VERTEX_POINT('',#3174);
#3174 = CARTESIAN_POINT('',(2.5,0.13,0.25));
#3175 = LINE('',#3176,#3177);
#3176 = CARTESIAN_POINT('',(2.5,0.13,0.375));
#3177 = VECTOR('',#3178,1.);
#3178 = DIRECTION('',(0.,0.,-1.));
#3179 = ORIENTED_EDGE('',*,*,#3180,.T.);
#3180 = EDGE_CURVE('',#3173,#3181,#3183,.T.);
#3181 = VERTEX_POINT('',#3182);
#3182 = CARTESIAN_POINT('',(2.75,0.13,1.110223024625E-16));
#3183 = CIRCLE('',#3184,0.25);
#3184 = AXIS2_PLACEMENT_3D('',#3185,#3186,#3187);
#3185 = CARTESIAN_POINT('',(2.75,0.13,0.25));
#3186 = DIRECTION('',(2.22044604925E-16,-1.,0.));
#3187 = DIRECTION('',(-1.,-2.22044604925E-16,-2.442490654175E-15));
#3188 = ORIENTED_EDGE('',*,*,#3189,.T.);
#3189 = EDGE_CURVE('',#3181,#3190,#3192,.T.);
#3190 = VERTEX_POINT('',#3191);
#3191 = CARTESIAN_POINT('',(3.2,0.13,1.110223024625E-16));
#3192 = LINE('',#3193,#3194);
#3193 = CARTESIAN_POINT('',(2.75,0.13,1.110223024625E-16));
#3194 = VECTOR('',#3195,1.);
#3195 = DIRECTION('',(1.,2.22044604925E-16,0.));
#3196 = ORIENTED_EDGE('',*,*,#3197,.T.);
#3197 = EDGE_CURVE('',#3190,#3198,#3200,.T.);
#3198 = VERTEX_POINT('',#3199);
#3199 = CARTESIAN_POINT('',(3.2,0.13,0.15));
#3200 = LINE('',#3201,#3202);
#3201 = CARTESIAN_POINT('',(3.2,0.13,1.110223024625E-16));
#3202 = VECTOR('',#3203,1.);
#3203 = DIRECTION('',(0.,0.,1.));
#3204 = ORIENTED_EDGE('',*,*,#3205,.T.);
#3205 = EDGE_CURVE('',#3198,#3206,#3208,.T.);
#3206 = VERTEX_POINT('',#3207);
#3207 = CARTESIAN_POINT('',(2.75,0.13,0.15));
#3208 = LINE('',#3209,#3210);
#3209 = CARTESIAN_POINT('',(3.2,0.13,0.15));
#3210 = VECTOR('',#3211,1.);
#3211 = DIRECTION('',(-1.,-2.22044604925E-16,0.));
#3212 = ORIENTED_EDGE('',*,*,#3213,.T.);
#3213 = EDGE_CURVE('',#3206,#3214,#3216,.T.);
#3214 = VERTEX_POINT('',#3215);
#3215 = CARTESIAN_POINT('',(2.65,0.13,0.25));
#3216 = CIRCLE('',#3217,0.1);
#3217 = AXIS2_PLACEMENT_3D('',#3218,#3219,#3220);
#3218 = CARTESIAN_POINT('',(2.75,0.13,0.25));
#3219 = DIRECTION('',(-2.22044604925E-16,1.,0.));
#3220 = DIRECTION('',(0.,0.,-1.));
#3221 = ORIENTED_EDGE('',*,*,#3222,.T.);
#3222 = EDGE_CURVE('',#3214,#3223,#3225,.T.);
#3223 = VERTEX_POINT('',#3224);
#3224 = CARTESIAN_POINT('',(2.65,0.13,0.375));
#3225 = LINE('',#3226,#3227);
#3226 = CARTESIAN_POINT('',(2.65,0.13,0.25));
#3227 = VECTOR('',#3228,1.);
#3228 = DIRECTION('',(0.,0.,1.));
#3229 = ORIENTED_EDGE('',*,*,#3230,.T.);
#3230 = EDGE_CURVE('',#3223,#3231,#3233,.T.);
#3231 = VERTEX_POINT('',#3232);
#3232 = CARTESIAN_POINT('',(2.4,0.13,0.625));
#3233 = CIRCLE('',#3234,0.25);
#3234 = AXIS2_PLACEMENT_3D('',#3235,#3236,#3237);
#3235 = CARTESIAN_POINT('',(2.4,0.13,0.375));
#3236 = DIRECTION('',(2.22044604925E-16,-1.,0.));
#3237 = DIRECTION('',(1.,2.22044604925E-16,2.6645352591E-15));
#3238 = ORIENTED_EDGE('',*,*,#3239,.T.);
#3239 = EDGE_CURVE('',#3231,#1523,#3240,.T.);
#3240 = LINE('',#3241,#3242);
#3241 = CARTESIAN_POINT('',(2.4,0.13,0.625));
#3242 = VECTOR('',#3243,1.);
#3243 = DIRECTION('',(-1.,-2.22044604925E-16,0.));
#3244 = PLANE('',#3245);
#3245 = AXIS2_PLACEMENT_3D('',#3246,#3247,#3248);
#3246 = CARTESIAN_POINT('',(2.634769719427,0.13,0.289787506618));
#3247 = DIRECTION('',(2.22044604925E-16,-1.,0.));
#3248 = DIRECTION('',(0.,0.,1.));
#3249 = ADVANCED_FACE('',(#3250),#3336,.T.);
#3250 = FACE_BOUND('',#3251,.T.);
#3251 = EDGE_LOOP('',(#3252,#3253,#3254,#3263,#3271,#3280,#3288,#3296,
    #3304,#3313,#3321,#3330));
#3252 = ORIENTED_EDGE('',*,*,#1544,.F.);
#3253 = ORIENTED_EDGE('',*,*,#1584,.T.);
#3254 = ORIENTED_EDGE('',*,*,#3255,.T.);
#3255 = EDGE_CURVE('',#1585,#3256,#3258,.T.);
#3256 = VERTEX_POINT('',#3257);
#3257 = CARTESIAN_POINT('',(2.5,-0.13,0.375));
#3258 = CIRCLE('',#3259,0.1);
#3259 = AXIS2_PLACEMENT_3D('',#3260,#3261,#3262);
#3260 = CARTESIAN_POINT('',(2.4,-0.13,0.375));
#3261 = DIRECTION('',(-2.22044604925E-16,1.,0.));
#3262 = DIRECTION('',(0.,0.,1.));
#3263 = ORIENTED_EDGE('',*,*,#3264,.T.);
#3264 = EDGE_CURVE('',#3256,#3265,#3267,.T.);
#3265 = VERTEX_POINT('',#3266);
#3266 = CARTESIAN_POINT('',(2.5,-0.13,0.25));
#3267 = LINE('',#3268,#3269);
#3268 = CARTESIAN_POINT('',(2.5,-0.13,0.375));
#3269 = VECTOR('',#3270,1.);
#3270 = DIRECTION('',(0.,0.,-1.));
#3271 = ORIENTED_EDGE('',*,*,#3272,.T.);
#3272 = EDGE_CURVE('',#3265,#3273,#3275,.T.);
#3273 = VERTEX_POINT('',#3274);
#3274 = CARTESIAN_POINT('',(2.75,-0.13,1.110223024625E-16));
#3275 = CIRCLE('',#3276,0.25);
#3276 = AXIS2_PLACEMENT_3D('',#3277,#3278,#3279);
#3277 = CARTESIAN_POINT('',(2.75,-0.13,0.25));
#3278 = DIRECTION('',(2.22044604925E-16,-1.,0.));
#3279 = DIRECTION('',(-1.,-2.22044604925E-16,-2.442490654175E-15));
#3280 = ORIENTED_EDGE('',*,*,#3281,.T.);
#3281 = EDGE_CURVE('',#3273,#3282,#3284,.T.);
#3282 = VERTEX_POINT('',#3283);
#3283 = CARTESIAN_POINT('',(3.2,-0.13,1.110223024625E-16));
#3284 = LINE('',#3285,#3286);
#3285 = CARTESIAN_POINT('',(2.75,-0.13,1.110223024625E-16));
#3286 = VECTOR('',#3287,1.);
#3287 = DIRECTION('',(1.,2.22044604925E-16,0.));
#3288 = ORIENTED_EDGE('',*,*,#3289,.T.);
#3289 = EDGE_CURVE('',#3282,#3290,#3292,.T.);
#3290 = VERTEX_POINT('',#3291);
#3291 = CARTESIAN_POINT('',(3.2,-0.13,0.15));
#3292 = LINE('',#3293,#3294);
#3293 = CARTESIAN_POINT('',(3.2,-0.13,1.110223024625E-16));
#3294 = VECTOR('',#3295,1.);
#3295 = DIRECTION('',(0.,0.,1.));
#3296 = ORIENTED_EDGE('',*,*,#3297,.T.);
#3297 = EDGE_CURVE('',#3290,#3298,#3300,.T.);
#3298 = VERTEX_POINT('',#3299);
#3299 = CARTESIAN_POINT('',(2.75,-0.13,0.15));
#3300 = LINE('',#3301,#3302);
#3301 = CARTESIAN_POINT('',(3.2,-0.13,0.15));
#3302 = VECTOR('',#3303,1.);
#3303 = DIRECTION('',(-1.,-2.22044604925E-16,0.));
#3304 = ORIENTED_EDGE('',*,*,#3305,.T.);
#3305 = EDGE_CURVE('',#3298,#3306,#3308,.T.);
#3306 = VERTEX_POINT('',#3307);
#3307 = CARTESIAN_POINT('',(2.65,-0.13,0.25));
#3308 = CIRCLE('',#3309,0.1);
#3309 = AXIS2_PLACEMENT_3D('',#3310,#3311,#3312);
#3310 = CARTESIAN_POINT('',(2.75,-0.13,0.25));
#3311 = DIRECTION('',(-2.22044604925E-16,1.,0.));
#3312 = DIRECTION('',(0.,0.,-1.));
#3313 = ORIENTED_EDGE('',*,*,#3314,.T.);
#3314 = EDGE_CURVE('',#3306,#3315,#3317,.T.);
#3315 = VERTEX_POINT('',#3316);
#3316 = CARTESIAN_POINT('',(2.65,-0.13,0.375));
#3317 = LINE('',#3318,#3319);
#3318 = CARTESIAN_POINT('',(2.65,-0.13,0.25));
#3319 = VECTOR('',#3320,1.);
#3320 = DIRECTION('',(0.,0.,1.));
#3321 = ORIENTED_EDGE('',*,*,#3322,.T.);
#3322 = EDGE_CURVE('',#3315,#3323,#3325,.T.);
#3323 = VERTEX_POINT('',#3324);
#3324 = CARTESIAN_POINT('',(2.4,-0.13,0.625));
#3325 = CIRCLE('',#3326,0.25);
#3326 = AXIS2_PLACEMENT_3D('',#3327,#3328,#3329);
#3327 = CARTESIAN_POINT('',(2.4,-0.13,0.375));
#3328 = DIRECTION('',(2.22044604925E-16,-1.,0.));
#3329 = DIRECTION('',(1.,2.22044604925E-16,2.6645352591E-15));
#3330 = ORIENTED_EDGE('',*,*,#3331,.T.);
#3331 = EDGE_CURVE('',#3323,#1545,#3332,.T.);
#3332 = LINE('',#3333,#3334);
#3333 = CARTESIAN_POINT('',(2.4,-0.13,0.625));
#3334 = VECTOR('',#3335,1.);
#3335 = DIRECTION('',(-1.,-2.22044604925E-16,0.));
#3336 = PLANE('',#3337);
#3337 = AXIS2_PLACEMENT_3D('',#3338,#3339,#3340);
#3338 = CARTESIAN_POINT('',(2.634769719427,-0.13,0.289787506618));
#3339 = DIRECTION('',(2.22044604925E-16,-1.,0.));
#3340 = DIRECTION('',(0.,0.,1.));
#3341 = ADVANCED_FACE('',(#3342),#3358,.F.);
#3342 = FACE_BOUND('',#3343,.F.);
#3343 = EDGE_LOOP('',(#3344,#3350,#3351,#3357));
#3344 = ORIENTED_EDGE('',*,*,#3345,.F.);
#3345 = EDGE_CURVE('',#1545,#1695,#3346,.T.);
#3346 = LINE('',#3347,#3348);
#3347 = CARTESIAN_POINT('',(2.4,-0.13,0.625));
#3348 = VECTOR('',#3349,1.);
#3349 = DIRECTION('',(-1.,-2.22044604925E-16,0.));
#3350 = ORIENTED_EDGE('',*,*,#1561,.T.);
#3351 = ORIENTED_EDGE('',*,*,#3352,.T.);
#3352 = EDGE_CURVE('',#1554,#1703,#3353,.T.);
#3353 = LINE('',#3354,#3355);
#3354 = CARTESIAN_POINT('',(2.4,-0.52,0.625));
#3355 = VECTOR('',#3356,1.);
#3356 = DIRECTION('',(-1.,-2.22044604925E-16,0.));
#3357 = ORIENTED_EDGE('',*,*,#1702,.F.);
#3358 = B_SPLINE_SURFACE_WITH_KNOTS('',1,1,(
    (#3359,#3360)
    ,(#3361,#3362
    )),.UNSPECIFIED.,.F.,.F.,.F.,(2,2),(2,2),(0.,4.6),(0.,1.),
  .PIECEWISE_BEZIER_KNOTS.);
#3359 = CARTESIAN_POINT('',(2.2,2.3,0.625));
#3360 = CARTESIAN_POINT('',(2.15,2.275,0.625));
#3361 = CARTESIAN_POINT('',(2.2,-2.3,0.625));
#3362 = CARTESIAN_POINT('',(2.15,-2.275,0.625));
#3363 = ADVANCED_FACE('',(#3364),#3375,.F.);
#3364 = FACE_BOUND('',#3365,.F.);
#3365 = EDGE_LOOP('',(#3366,#3367,#3368,#3374));
#3366 = ORIENTED_EDGE('',*,*,#1592,.T.);
#3367 = ORIENTED_EDGE('',*,*,#3255,.T.);
#3368 = ORIENTED_EDGE('',*,*,#3369,.F.);
#3369 = EDGE_CURVE('',#3164,#3256,#3370,.T.);
#3370 = LINE('',#3371,#3372);
#3371 = CARTESIAN_POINT('',(2.5,0.13,0.375));
#3372 = VECTOR('',#3373,1.);
#3373 = DIRECTION('',(2.22044604925E-16,-1.,0.));
#3374 = ORIENTED_EDGE('',*,*,#3163,.F.);
#3375 = CYLINDRICAL_SURFACE('',#3376,0.1);
#3376 = AXIS2_PLACEMENT_3D('',#3377,#3378,#3379);
#3377 = CARTESIAN_POINT('',(2.4,0.13,0.375));
#3378 = DIRECTION('',(-2.22044604925E-16,1.,0.));
#3379 = DIRECTION('',(0.,0.,1.));
#3380 = ADVANCED_FACE('',(#3381),#3398,.F.);
#3381 = FACE_BOUND('',#3382,.F.);
#3382 = EDGE_LOOP('',(#3383,#3384,#3385,#3393));
#3383 = ORIENTED_EDGE('',*,*,#1608,.T.);
#3384 = ORIENTED_EDGE('',*,*,#1629,.T.);
#3385 = ORIENTED_EDGE('',*,*,#3386,.F.);
#3386 = EDGE_CURVE('',#3387,#1630,#3389,.T.);
#3387 = VERTEX_POINT('',#3388);
#3388 = CARTESIAN_POINT('',(1.975,2.45,0.625));
#3389 = LINE('',#3390,#3391);
#3390 = CARTESIAN_POINT('',(1.975,2.45,0.625));
#3391 = VECTOR('',#3392,1.);
#3392 = DIRECTION('',(0.707106781187,-0.707106781187,0.));
#3393 = ORIENTED_EDGE('',*,*,#3394,.F.);
#3394 = EDGE_CURVE('',#1609,#3387,#3395,.T.);
#3395 = B_SPLINE_CURVE_WITH_KNOTS('',1,(#3396,#3397),.UNSPECIFIED.,.F.,
  .F.,(2,2),(0.,1.),.PIECEWISE_BEZIER_KNOTS.);
#3396 = CARTESIAN_POINT('',(2.,2.5,0.625));
#3397 = CARTESIAN_POINT('',(1.975,2.45,0.625));
#3398 = B_SPLINE_SURFACE_WITH_KNOTS('',1,1,(
    (#3399,#3400)
    ,(#3401,#3402
    )),.UNSPECIFIED.,.F.,.F.,.F.,(2,2),(2,2),(0.,0.282842712475),(0.,1.)
  ,.PIECEWISE_BEZIER_KNOTS.);
#3399 = CARTESIAN_POINT('',(2.,2.5,0.625));
#3400 = CARTESIAN_POINT('',(1.975,2.45,0.625));
#3401 = CARTESIAN_POINT('',(2.2,2.3,0.625));
#3402 = CARTESIAN_POINT('',(2.15,2.275,0.625));
#3403 = ADVANCED_FACE('',(#3404),#3421,.F.);
#3404 = FACE_BOUND('',#3405,.F.);
#3405 = EDGE_LOOP('',(#3406,#3407,#3408,#3416));
#3406 = ORIENTED_EDGE('',*,*,#1897,.T.);
#3407 = ORIENTED_EDGE('',*,*,#1616,.T.);
#3408 = ORIENTED_EDGE('',*,*,#3409,.F.);
#3409 = EDGE_CURVE('',#3410,#1609,#3412,.T.);
#3410 = VERTEX_POINT('',#3411);
#3411 = CARTESIAN_POINT('',(-2.,2.5,0.625));
#3412 = LINE('',#3413,#3414);
#3413 = CARTESIAN_POINT('',(-2.,2.5,0.625));
#3414 = VECTOR('',#3415,1.);
#3415 = DIRECTION('',(1.,2.22044604925E-16,0.));
#3416 = ORIENTED_EDGE('',*,*,#3417,.F.);
#3417 = EDGE_CURVE('',#1898,#3410,#3418,.T.);
#3418 = B_SPLINE_CURVE_WITH_KNOTS('',1,(#3419,#3420),.UNSPECIFIED.,.F.,
  .F.,(2,2),(0.,1.),.PIECEWISE_BEZIER_KNOTS.);
#3419 = CARTESIAN_POINT('',(-2.,2.5,0.475));
#3420 = CARTESIAN_POINT('',(-2.,2.5,0.625));
#3421 = PLANE('',#3422);
#3422 = AXIS2_PLACEMENT_3D('',#3423,#3424,#3425);
#3423 = CARTESIAN_POINT('',(-2.,2.5,0.625));
#3424 = DIRECTION('',(2.22044604925E-16,-1.,0.));
#3425 = DIRECTION('',(1.,2.22044604925E-16,0.));
#3426 = ADVANCED_FACE('',(#3427),#3444,.F.);
#3427 = FACE_BOUND('',#3428,.F.);
#3428 = EDGE_LOOP('',(#3429,#3430,#3431,#3439));
#3429 = ORIENTED_EDGE('',*,*,#3386,.T.);
#3430 = ORIENTED_EDGE('',*,*,#1773,.T.);
#3431 = ORIENTED_EDGE('',*,*,#3432,.F.);
#3432 = EDGE_CURVE('',#3433,#1766,#3435,.T.);
#3433 = VERTEX_POINT('',#3434);
#3434 = CARTESIAN_POINT('',(1.935145644687,2.370291289374,1.));
#3435 = LINE('',#3436,#3437);
#3436 = CARTESIAN_POINT('',(1.935145644687,2.370291289374,1.));
#3437 = VECTOR('',#3438,1.);
#3438 = DIRECTION('',(0.707106781187,-0.707106781187,0.));
#3439 = ORIENTED_EDGE('',*,*,#3440,.F.);
#3440 = EDGE_CURVE('',#3387,#3433,#3441,.T.);
#3441 = B_SPLINE_CURVE_WITH_KNOTS('',1,(#3442,#3443),.UNSPECIFIED.,.F.,
  .F.,(2,2),(0.,1.),.PIECEWISE_BEZIER_KNOTS.);
#3442 = CARTESIAN_POINT('',(1.975,2.45,0.625));
#3443 = CARTESIAN_POINT('',(1.935145644687,2.370291289374,1.));
#3444 = B_SPLINE_SURFACE_WITH_KNOTS('',1,1,(
    (#3445,#3446)
    ,(#3447,#3448
    )),.UNSPECIFIED.,.F.,.F.,.F.,(2,2),(2,2),(0.,0.247487373415),(0.,1.)
  ,.PIECEWISE_BEZIER_KNOTS.);
#3445 = CARTESIAN_POINT('',(1.975,2.45,0.625));
#3446 = CARTESIAN_POINT('',(1.935145644687,2.370291289374,1.));
#3447 = CARTESIAN_POINT('',(2.15,2.275,0.625));
#3448 = CARTESIAN_POINT('',(2.070291289374,2.235145644687,1.));
#3449 = ADVANCED_FACE('',(#3450,#3500),#3511,.T.);
#3450 = FACE_BOUND('',#3451,.T.);
#3451 = EDGE_LOOP('',(#3452,#3460,#3468,#3476,#3484,#3492,#3498,#3499));
#3452 = ORIENTED_EDGE('',*,*,#3453,.F.);
#3453 = EDGE_CURVE('',#3454,#3433,#3456,.T.);
#3454 = VERTEX_POINT('',#3455);
#3455 = CARTESIAN_POINT('',(-1.935145644687,2.370291289374,1.));
#3456 = LINE('',#3457,#3458);
#3457 = CARTESIAN_POINT('',(-1.935145644687,2.370291289374,1.));
#3458 = VECTOR('',#3459,1.);
#3459 = DIRECTION('',(1.,2.22044604925E-16,0.));
#3460 = ORIENTED_EDGE('',*,*,#3461,.F.);
#3461 = EDGE_CURVE('',#3462,#3454,#3464,.T.);
#3462 = VERTEX_POINT('',#3463);
#3463 = CARTESIAN_POINT('',(-2.070291289374,2.235145644687,1.));
#3464 = LINE('',#3465,#3466);
#3465 = CARTESIAN_POINT('',(-2.070291289374,2.235145644687,1.));
#3466 = VECTOR('',#3467,1.);
#3467 = DIRECTION('',(0.707106781187,0.707106781187,0.));
#3468 = ORIENTED_EDGE('',*,*,#3469,.F.);
#3469 = EDGE_CURVE('',#3470,#3462,#3472,.T.);
#3470 = VERTEX_POINT('',#3471);
#3471 = CARTESIAN_POINT('',(-2.070291289374,-2.235145644687,1.));
#3472 = LINE('',#3473,#3474);
#3473 = CARTESIAN_POINT('',(-2.070291289374,-2.235145644687,1.));
#3474 = VECTOR('',#3475,1.);
#3475 = DIRECTION('',(-2.22044604925E-16,1.,0.));
#3476 = ORIENTED_EDGE('',*,*,#3477,.F.);
#3477 = EDGE_CURVE('',#3478,#3470,#3480,.T.);
#3478 = VERTEX_POINT('',#3479);
#3479 = CARTESIAN_POINT('',(-1.935145644687,-2.370291289374,1.));
#3480 = LINE('',#3481,#3482);
#3481 = CARTESIAN_POINT('',(-1.935145644687,-2.370291289374,1.));
#3482 = VECTOR('',#3483,1.);
#3483 = DIRECTION('',(-0.707106781187,0.707106781187,0.));
#3484 = ORIENTED_EDGE('',*,*,#3485,.F.);
#3485 = EDGE_CURVE('',#3486,#3478,#3488,.T.);
#3486 = VERTEX_POINT('',#3487);
#3487 = CARTESIAN_POINT('',(1.935145644687,-2.370291289374,1.));
#3488 = LINE('',#3489,#3490);
#3489 = CARTESIAN_POINT('',(1.935145644687,-2.370291289374,1.));
#3490 = VECTOR('',#3491,1.);
#3491 = DIRECTION('',(-1.,-2.22044604925E-16,0.));
#3492 = ORIENTED_EDGE('',*,*,#3493,.F.);
#3493 = EDGE_CURVE('',#1759,#3486,#3494,.T.);
#3494 = LINE('',#3495,#3496);
#3495 = CARTESIAN_POINT('',(2.070291289374,-2.235145644687,1.));
#3496 = VECTOR('',#3497,1.);
#3497 = DIRECTION('',(-0.707106781187,-0.707106781187,0.));
#3498 = ORIENTED_EDGE('',*,*,#1765,.F.);
#3499 = ORIENTED_EDGE('',*,*,#3432,.F.);
#3500 = FACE_BOUND('',#3501,.T.);
#3501 = EDGE_LOOP('',(#3502));
#3502 = ORIENTED_EDGE('',*,*,#3503,.F.);
#3503 = EDGE_CURVE('',#3504,#3504,#3506,.T.);
#3504 = VERTEX_POINT('',#3505);
#3505 = CARTESIAN_POINT('',(-1.370291289374,1.420291289374,1.));
#3506 = CIRCLE('',#3507,0.25);
#3507 = AXIS2_PLACEMENT_3D('',#3508,#3509,#3510);
#3508 = CARTESIAN_POINT('',(-1.370291289374,1.670291289374,1.));
#3509 = DIRECTION('',(-0.,0.,1.));
#3510 = DIRECTION('',(2.22044604925E-16,-1.,0.));
#3511 = PLANE('',#3512);
#3512 = AXIS2_PLACEMENT_3D('',#3513,#3514,#3515);
#3513 = CARTESIAN_POINT('',(-1.935145644687,2.370291289374,1.));
#3514 = DIRECTION('',(0.,0.,1.));
#3515 = DIRECTION('',(0.632418454006,-0.774626941845,0.));
#3516 = ADVANCED_FACE('',(#3517),#3534,.F.);
#3517 = FACE_BOUND('',#3518,.F.);
#3518 = EDGE_LOOP('',(#3519,#3527,#3532,#3533));
#3519 = ORIENTED_EDGE('',*,*,#3520,.T.);
#3520 = EDGE_CURVE('',#1751,#3521,#3523,.T.);
#3521 = VERTEX_POINT('',#3522);
#3522 = CARTESIAN_POINT('',(1.975,-2.45,0.625));
#3523 = LINE('',#3524,#3525);
#3524 = CARTESIAN_POINT('',(2.15,-2.275,0.625));
#3525 = VECTOR('',#3526,1.);
#3526 = DIRECTION('',(-0.707106781187,-0.707106781187,0.));
#3527 = ORIENTED_EDGE('',*,*,#3528,.T.);
#3528 = EDGE_CURVE('',#3521,#3486,#3529,.T.);
#3529 = B_SPLINE_CURVE_WITH_KNOTS('',1,(#3530,#3531),.UNSPECIFIED.,.F.,
  .F.,(2,2),(0.,1.),.PIECEWISE_BEZIER_KNOTS.);
#3530 = CARTESIAN_POINT('',(1.975,-2.45,0.625));
#3531 = CARTESIAN_POINT('',(1.935145644687,-2.370291289374,1.));
#3532 = ORIENTED_EDGE('',*,*,#3493,.F.);
#3533 = ORIENTED_EDGE('',*,*,#1758,.F.);
#3534 = B_SPLINE_SURFACE_WITH_KNOTS('',1,1,(
    (#3535,#3536)
    ,(#3537,#3538
    )),.UNSPECIFIED.,.F.,.F.,.F.,(2,2),(2,2),(0.,0.247487373415),(0.,1.)
  ,.PIECEWISE_BEZIER_KNOTS.);
#3535 = CARTESIAN_POINT('',(2.15,-2.275,0.625));
#3536 = CARTESIAN_POINT('',(2.070291289374,-2.235145644687,1.));
#3537 = CARTESIAN_POINT('',(1.975,-2.45,0.625));
#3538 = CARTESIAN_POINT('',(1.935145644687,-2.370291289374,1.));
#3539 = ADVANCED_FACE('',(#3540),#3553,.F.);
#3540 = FACE_BOUND('',#3541,.F.);
#3541 = EDGE_LOOP('',(#3542,#3543,#3549,#3550,#3551,#3552));
#3542 = ORIENTED_EDGE('',*,*,#1881,.F.);
#3543 = ORIENTED_EDGE('',*,*,#3544,.T.);
#3544 = EDGE_CURVE('',#1873,#2562,#3545,.T.);
#3545 = LINE('',#3546,#3547);
#3546 = CARTESIAN_POINT('',(2.4,1.43,0.625));
#3547 = VECTOR('',#3548,1.);
#3548 = DIRECTION('',(2.22044604925E-16,-1.,0.));
#3549 = ORIENTED_EDGE('',*,*,#2570,.T.);
#3550 = ORIENTED_EDGE('',*,*,#2693,.T.);
#3551 = ORIENTED_EDGE('',*,*,#1662,.F.);
#3552 = ORIENTED_EDGE('',*,*,#1788,.F.);
#3553 = PLANE('',#3554);
#3554 = AXIS2_PLACEMENT_3D('',#3555,#3556,#3557);
#3555 = CARTESIAN_POINT('',(2.4,1.43,0.625));
#3556 = DIRECTION('',(0.,0.,-1.));
#3557 = DIRECTION('',(-1.,-2.22044604925E-16,-0.));
#3558 = ADVANCED_FACE('',(#3559),#3572,.F.);
#3559 = FACE_BOUND('',#3560,.F.);
#3560 = EDGE_LOOP('',(#3561,#3562,#3568,#3569,#3570,#3571));
#3561 = ORIENTED_EDGE('',*,*,#2330,.F.);
#3562 = ORIENTED_EDGE('',*,*,#3563,.T.);
#3563 = EDGE_CURVE('',#2322,#2209,#3564,.T.);
#3564 = LINE('',#3565,#3566);
#3565 = CARTESIAN_POINT('',(2.4,-1.82,0.625));
#3566 = VECTOR('',#3567,1.);
#3567 = DIRECTION('',(2.22044604925E-16,-1.,0.));
#3568 = ORIENTED_EDGE('',*,*,#2217,.T.);
#3569 = ORIENTED_EDGE('',*,*,#2231,.T.);
#3570 = ORIENTED_EDGE('',*,*,#1742,.F.);
#3571 = ORIENTED_EDGE('',*,*,#2460,.F.);
#3572 = PLANE('',#3573);
#3573 = AXIS2_PLACEMENT_3D('',#3574,#3575,#3576);
#3574 = CARTESIAN_POINT('',(2.4,-1.82,0.625));
#3575 = DIRECTION('',(0.,0.,-1.));
#3576 = DIRECTION('',(-1.,-2.22044604925E-16,-0.));
#3577 = ADVANCED_FACE('',(#3578),#3591,.F.);
#3578 = FACE_BOUND('',#3579,.F.);
#3579 = EDGE_LOOP('',(#3580,#3581,#3587,#3588,#3589,#3590));
#3580 = ORIENTED_EDGE('',*,*,#2793,.F.);
#3581 = ORIENTED_EDGE('',*,*,#3582,.T.);
#3582 = EDGE_CURVE('',#2785,#3008,#3583,.T.);
#3583 = LINE('',#3584,#3585);
#3584 = CARTESIAN_POINT('',(2.4,0.78,0.625));
#3585 = VECTOR('',#3586,1.);
#3586 = DIRECTION('',(2.22044604925E-16,-1.,0.));
#3587 = ORIENTED_EDGE('',*,*,#3016,.T.);
#3588 = ORIENTED_EDGE('',*,*,#3139,.T.);
#3589 = ORIENTED_EDGE('',*,*,#1678,.F.);
#3590 = ORIENTED_EDGE('',*,*,#2700,.F.);
#3591 = PLANE('',#3592);
#3592 = AXIS2_PLACEMENT_3D('',#3593,#3594,#3595);
#3593 = CARTESIAN_POINT('',(2.4,0.78,0.625));
#3594 = DIRECTION('',(0.,0.,-1.));
#3595 = DIRECTION('',(-1.,-2.22044604925E-16,-0.));
#3596 = ADVANCED_FACE('',(#3597),#3610,.F.);
#3597 = FACE_BOUND('',#3598,.F.);
#3598 = EDGE_LOOP('',(#3599,#3600,#3606,#3607,#3608,#3609));
#3599 = ORIENTED_EDGE('',*,*,#2662,.F.);
#3600 = ORIENTED_EDGE('',*,*,#3601,.T.);
#3601 = EDGE_CURVE('',#2654,#2431,#3602,.T.);
#3602 = LINE('',#3603,#3604);
#3603 = CARTESIAN_POINT('',(2.4,-1.17,0.625));
#3604 = VECTOR('',#3605,1.);
#3605 = DIRECTION('',(2.22044604925E-16,-1.,0.));
#3606 = ORIENTED_EDGE('',*,*,#2439,.T.);
#3607 = ORIENTED_EDGE('',*,*,#2453,.T.);
#3608 = ORIENTED_EDGE('',*,*,#1726,.F.);
#3609 = ORIENTED_EDGE('',*,*,#2906,.F.);
#3610 = PLANE('',#3611);
#3611 = AXIS2_PLACEMENT_3D('',#3612,#3613,#3614);
#3612 = CARTESIAN_POINT('',(2.4,-1.17,0.625));
#3613 = DIRECTION('',(0.,0.,-1.));
#3614 = DIRECTION('',(-1.,-2.22044604925E-16,-0.));
#3615 = ADVANCED_FACE('',(#3616),#3629,.F.);
#3616 = FACE_BOUND('',#3617,.F.);
#3617 = EDGE_LOOP('',(#3618,#3619,#3625,#3626,#3627,#3628));
#3618 = ORIENTED_EDGE('',*,*,#3239,.F.);
#3619 = ORIENTED_EDGE('',*,*,#3620,.T.);
#3620 = EDGE_CURVE('',#3231,#3323,#3621,.T.);
#3621 = LINE('',#3622,#3623);
#3622 = CARTESIAN_POINT('',(2.4,0.13,0.625));
#3623 = VECTOR('',#3624,1.);
#3624 = DIRECTION('',(2.22044604925E-16,-1.,0.));
#3625 = ORIENTED_EDGE('',*,*,#3331,.T.);
#3626 = ORIENTED_EDGE('',*,*,#3345,.T.);
#3627 = ORIENTED_EDGE('',*,*,#1694,.F.);
#3628 = ORIENTED_EDGE('',*,*,#3146,.F.);
#3629 = PLANE('',#3630);
#3630 = AXIS2_PLACEMENT_3D('',#3631,#3632,#3633);
#3631 = CARTESIAN_POINT('',(2.4,0.13,0.625));
#3632 = DIRECTION('',(0.,0.,-1.));
#3633 = DIRECTION('',(-1.,-2.22044604925E-16,-0.));
#3634 = ADVANCED_FACE('',(#3635),#3648,.F.);
#3635 = FACE_BOUND('',#3636,.F.);
#3636 = EDGE_LOOP('',(#3637,#3638,#3644,#3645,#3646,#3647));
#3637 = ORIENTED_EDGE('',*,*,#3108,.F.);
#3638 = ORIENTED_EDGE('',*,*,#3639,.T.);
#3639 = EDGE_CURVE('',#3100,#2877,#3640,.T.);
#3640 = LINE('',#3641,#3642);
#3641 = CARTESIAN_POINT('',(2.4,-0.52,0.625));
#3642 = VECTOR('',#3643,1.);
#3643 = DIRECTION('',(2.22044604925E-16,-1.,0.));
#3644 = ORIENTED_EDGE('',*,*,#2885,.T.);
#3645 = ORIENTED_EDGE('',*,*,#2899,.T.);
#3646 = ORIENTED_EDGE('',*,*,#1710,.F.);
#3647 = ORIENTED_EDGE('',*,*,#3352,.F.);
#3648 = PLANE('',#3649);
#3649 = AXIS2_PLACEMENT_3D('',#3650,#3651,#3652);
#3650 = CARTESIAN_POINT('',(2.4,-0.52,0.625));
#3651 = DIRECTION('',(0.,0.,-1.));
#3652 = DIRECTION('',(-1.,-2.22044604925E-16,-0.));
#3653 = ADVANCED_FACE('',(#3654),#3665,.T.);
#3654 = FACE_BOUND('',#3655,.T.);
#3655 = EDGE_LOOP('',(#3656,#3657,#3658,#3659));
#3656 = ORIENTED_EDGE('',*,*,#1872,.T.);
#3657 = ORIENTED_EDGE('',*,*,#3544,.T.);
#3658 = ORIENTED_EDGE('',*,*,#2561,.F.);
#3659 = ORIENTED_EDGE('',*,*,#3660,.F.);
#3660 = EDGE_CURVE('',#1865,#2554,#3661,.T.);
#3661 = LINE('',#3662,#3663);
#3662 = CARTESIAN_POINT('',(2.65,1.43,0.375));
#3663 = VECTOR('',#3664,1.);
#3664 = DIRECTION('',(2.22044604925E-16,-1.,0.));
#3665 = CYLINDRICAL_SURFACE('',#3666,0.25);
#3666 = AXIS2_PLACEMENT_3D('',#3667,#3668,#3669);
#3667 = CARTESIAN_POINT('',(2.4,1.43,0.375));
#3668 = DIRECTION('',(-2.22044604925E-16,1.,0.));
#3669 = DIRECTION('',(1.,2.22044604925E-16,2.6645352591E-15));
#3670 = ADVANCED_FACE('',(#3671),#3682,.F.);
#3671 = FACE_BOUND('',#3672,.F.);
#3672 = EDGE_LOOP('',(#3673,#3679,#3680,#3681));
#3673 = ORIENTED_EDGE('',*,*,#3674,.T.);
#3674 = EDGE_CURVE('',#1856,#2545,#3675,.T.);
#3675 = LINE('',#3676,#3677);
#3676 = CARTESIAN_POINT('',(2.65,1.43,0.25));
#3677 = VECTOR('',#3678,1.);
#3678 = DIRECTION('',(2.22044604925E-16,-1.,0.));
#3679 = ORIENTED_EDGE('',*,*,#2553,.T.);
#3680 = ORIENTED_EDGE('',*,*,#3660,.F.);
#3681 = ORIENTED_EDGE('',*,*,#1864,.F.);
#3682 = PLANE('',#3683);
#3683 = AXIS2_PLACEMENT_3D('',#3684,#3685,#3686);
#3684 = CARTESIAN_POINT('',(2.65,1.43,0.25));
#3685 = DIRECTION('',(-1.,-2.22044604925E-16,0.));
#3686 = DIRECTION('',(0.,0.,1.));
#3687 = ADVANCED_FACE('',(#3688),#3699,.F.);
#3688 = FACE_BOUND('',#3689,.F.);
#3689 = EDGE_LOOP('',(#3690,#3696,#3697,#3698));
#3690 = ORIENTED_EDGE('',*,*,#3691,.T.);
#3691 = EDGE_CURVE('',#1848,#2537,#3692,.T.);
#3692 = LINE('',#3693,#3694);
#3693 = CARTESIAN_POINT('',(2.75,1.43,0.15));
#3694 = VECTOR('',#3695,1.);
#3695 = DIRECTION('',(2.22044604925E-16,-1.,0.));
#3696 = ORIENTED_EDGE('',*,*,#2544,.T.);
#3697 = ORIENTED_EDGE('',*,*,#3674,.F.);
#3698 = ORIENTED_EDGE('',*,*,#1855,.F.);
#3699 = CYLINDRICAL_SURFACE('',#3700,0.1);
#3700 = AXIS2_PLACEMENT_3D('',#3701,#3702,#3703);
#3701 = CARTESIAN_POINT('',(2.75,1.43,0.25));
#3702 = DIRECTION('',(-2.22044604925E-16,1.,0.));
#3703 = DIRECTION('',(0.,0.,-1.));
#3704 = ADVANCED_FACE('',(#3705),#3716,.F.);
#3705 = FACE_BOUND('',#3706,.F.);
#3706 = EDGE_LOOP('',(#3707,#3713,#3714,#3715));
#3707 = ORIENTED_EDGE('',*,*,#3708,.T.);
#3708 = EDGE_CURVE('',#1840,#2529,#3709,.T.);
#3709 = LINE('',#3710,#3711);
#3710 = CARTESIAN_POINT('',(3.2,1.43,0.15));
#3711 = VECTOR('',#3712,1.);
#3712 = DIRECTION('',(2.22044604925E-16,-1.,0.));
#3713 = ORIENTED_EDGE('',*,*,#2536,.T.);
#3714 = ORIENTED_EDGE('',*,*,#3691,.F.);
#3715 = ORIENTED_EDGE('',*,*,#1847,.F.);
#3716 = PLANE('',#3717);
#3717 = AXIS2_PLACEMENT_3D('',#3718,#3719,#3720);
#3718 = CARTESIAN_POINT('',(3.2,1.43,0.15));
#3719 = DIRECTION('',(0.,0.,-1.));
#3720 = DIRECTION('',(-1.,-2.22044604925E-16,-0.));
#3721 = ADVANCED_FACE('',(#3722),#3733,.F.);
#3722 = FACE_BOUND('',#3723,.F.);
#3723 = EDGE_LOOP('',(#3724,#3730,#3731,#3732));
#3724 = ORIENTED_EDGE('',*,*,#3725,.T.);
#3725 = EDGE_CURVE('',#1832,#2521,#3726,.T.);
#3726 = LINE('',#3727,#3728);
#3727 = CARTESIAN_POINT('',(3.2,1.43,1.110223024625E-16));
#3728 = VECTOR('',#3729,1.);
#3729 = DIRECTION('',(2.22044604925E-16,-1.,0.));
#3730 = ORIENTED_EDGE('',*,*,#2528,.T.);
#3731 = ORIENTED_EDGE('',*,*,#3708,.F.);
#3732 = ORIENTED_EDGE('',*,*,#1839,.F.);
#3733 = PLANE('',#3734);
#3734 = AXIS2_PLACEMENT_3D('',#3735,#3736,#3737);
#3735 = CARTESIAN_POINT('',(3.2,1.43,1.110223024625E-16));
#3736 = DIRECTION('',(-1.,-2.22044604925E-16,0.));
#3737 = DIRECTION('',(0.,0.,1.));
#3738 = ADVANCED_FACE('',(#3739),#3750,.F.);
#3739 = FACE_BOUND('',#3740,.F.);
#3740 = EDGE_LOOP('',(#3741,#3747,#3748,#3749));
#3741 = ORIENTED_EDGE('',*,*,#3742,.T.);
#3742 = EDGE_CURVE('',#1823,#2512,#3743,.T.);
#3743 = LINE('',#3744,#3745);
#3744 = CARTESIAN_POINT('',(2.75,1.43,1.110223024625E-16));
#3745 = VECTOR('',#3746,1.);
#3746 = DIRECTION('',(2.22044604925E-16,-1.,0.));
#3747 = ORIENTED_EDGE('',*,*,#2520,.T.);
#3748 = ORIENTED_EDGE('',*,*,#3725,.F.);
#3749 = ORIENTED_EDGE('',*,*,#1831,.F.);
#3750 = PLANE('',#3751);
#3751 = AXIS2_PLACEMENT_3D('',#3752,#3753,#3754);
#3752 = CARTESIAN_POINT('',(2.75,1.43,1.110223024625E-16));
#3753 = DIRECTION('',(0.,0.,1.));
#3754 = DIRECTION('',(1.,2.22044604925E-16,0.));
#3755 = ADVANCED_FACE('',(#3756),#3767,.T.);
#3756 = FACE_BOUND('',#3757,.T.);
#3757 = EDGE_LOOP('',(#3758,#3759,#3760,#3761));
#3758 = ORIENTED_EDGE('',*,*,#1822,.T.);
#3759 = ORIENTED_EDGE('',*,*,#3742,.T.);
#3760 = ORIENTED_EDGE('',*,*,#2511,.F.);
#3761 = ORIENTED_EDGE('',*,*,#3762,.F.);
#3762 = EDGE_CURVE('',#1815,#2504,#3763,.T.);
#3763 = LINE('',#3764,#3765);
#3764 = CARTESIAN_POINT('',(2.5,1.43,0.25));
#3765 = VECTOR('',#3766,1.);
#3766 = DIRECTION('',(2.22044604925E-16,-1.,0.));
#3767 = CYLINDRICAL_SURFACE('',#3768,0.25);
#3768 = AXIS2_PLACEMENT_3D('',#3769,#3770,#3771);
#3769 = CARTESIAN_POINT('',(2.75,1.43,0.25));
#3770 = DIRECTION('',(-2.22044604925E-16,1.,0.));
#3771 = DIRECTION('',(-1.,-2.22044604925E-16,-2.442490654175E-15));
#3772 = ADVANCED_FACE('',(#3773),#3779,.F.);
#3773 = FACE_BOUND('',#3774,.F.);
#3774 = EDGE_LOOP('',(#3775,#3776,#3777,#3778));
#3775 = ORIENTED_EDGE('',*,*,#2485,.T.);
#3776 = ORIENTED_EDGE('',*,*,#2503,.T.);
#3777 = ORIENTED_EDGE('',*,*,#3762,.F.);
#3778 = ORIENTED_EDGE('',*,*,#1814,.F.);
#3779 = PLANE('',#3780);
#3780 = AXIS2_PLACEMENT_3D('',#3781,#3782,#3783);
#3781 = CARTESIAN_POINT('',(2.5,1.43,0.375));
#3782 = DIRECTION('',(1.,2.22044604925E-16,0.));
#3783 = DIRECTION('',(0.,0.,-1.));
#3784 = ADVANCED_FACE('',(#3785),#3802,.F.);
#3785 = FACE_BOUND('',#3786,.F.);
#3786 = EDGE_LOOP('',(#3787,#3788,#3795,#3801));
#3787 = ORIENTED_EDGE('',*,*,#1926,.T.);
#3788 = ORIENTED_EDGE('',*,*,#3789,.T.);
#3789 = EDGE_CURVE('',#1920,#3790,#3792,.T.);
#3790 = VERTEX_POINT('',#3791);
#3791 = CARTESIAN_POINT('',(-2.,-2.5,0.625));
#3792 = B_SPLINE_CURVE_WITH_KNOTS('',1,(#3793,#3794),.UNSPECIFIED.,.F.,
  .F.,(2,2),(0.,1.),.PIECEWISE_BEZIER_KNOTS.);
#3793 = CARTESIAN_POINT('',(-2.,-2.5,0.475));
#3794 = CARTESIAN_POINT('',(-2.,-2.5,0.625));
#3795 = ORIENTED_EDGE('',*,*,#3796,.F.);
#3796 = EDGE_CURVE('',#2118,#3790,#3797,.T.);
#3797 = LINE('',#3798,#3799);
#3798 = CARTESIAN_POINT('',(2.,-2.5,0.625));
#3799 = VECTOR('',#3800,1.);
#3800 = DIRECTION('',(-1.,-2.22044604925E-16,0.));
#3801 = ORIENTED_EDGE('',*,*,#2117,.F.);
#3802 = PLANE('',#3803);
#3803 = AXIS2_PLACEMENT_3D('',#3804,#3805,#3806);
#3804 = CARTESIAN_POINT('',(2.,-2.5,0.625));
#3805 = DIRECTION('',(-2.22044604925E-16,1.,0.));
#3806 = DIRECTION('',(-1.,-2.22044604925E-16,0.));
#3807 = ADVANCED_FACE('',(#3808),#3825,.F.);
#3808 = FACE_BOUND('',#3809,.F.);
#3809 = EDGE_LOOP('',(#3810,#3811,#3818,#3824));
#3810 = ORIENTED_EDGE('',*,*,#1949,.T.);
#3811 = ORIENTED_EDGE('',*,*,#3812,.T.);
#3812 = EDGE_CURVE('',#1943,#3813,#3815,.T.);
#3813 = VERTEX_POINT('',#3814);
#3814 = CARTESIAN_POINT('',(-2.2,-2.3,0.625));
#3815 = B_SPLINE_CURVE_WITH_KNOTS('',1,(#3816,#3817),.UNSPECIFIED.,.F.,
  .F.,(2,2),(0.,1.),.PIECEWISE_BEZIER_KNOTS.);
#3816 = CARTESIAN_POINT('',(-2.2,-2.3,0.475));
#3817 = CARTESIAN_POINT('',(-2.2,-2.3,0.625));
#3818 = ORIENTED_EDGE('',*,*,#3819,.F.);
#3819 = EDGE_CURVE('',#3790,#3813,#3820,.T.);
#3820 = LINE('',#3821,#3822);
#3821 = CARTESIAN_POINT('',(-2.,-2.5,0.625));
#3822 = VECTOR('',#3823,1.);
#3823 = DIRECTION('',(-0.707106781187,0.707106781187,0.));
#3824 = ORIENTED_EDGE('',*,*,#3789,.F.);
#3825 = PLANE('',#3826);
#3826 = AXIS2_PLACEMENT_3D('',#3827,#3828,#3829);
#3827 = CARTESIAN_POINT('',(-2.,-2.5,0.625));
#3828 = DIRECTION('',(0.707106781187,0.707106781187,0.));
#3829 = DIRECTION('',(-0.707106781187,0.707106781187,0.));
#3830 = ADVANCED_FACE('',(#3831),#3849,.F.);
#3831 = FACE_BOUND('',#3832,.F.);
#3832 = EDGE_LOOP('',(#3833,#3834,#3835,#3843));
#3833 = ORIENTED_EDGE('',*,*,#3812,.F.);
#3834 = ORIENTED_EDGE('',*,*,#2084,.T.);
#3835 = ORIENTED_EDGE('',*,*,#3836,.T.);
#3836 = EDGE_CURVE('',#2077,#3837,#3839,.T.);
#3837 = VERTEX_POINT('',#3838);
#3838 = CARTESIAN_POINT('',(-2.2,-2.08,0.625));
#3839 = LINE('',#3840,#3841);
#3840 = CARTESIAN_POINT('',(-2.2,-2.08,0.457393753309));
#3841 = VECTOR('',#3842,1.);
#3842 = DIRECTION('',(0.,0.,1.));
#3843 = ORIENTED_EDGE('',*,*,#3844,.F.);
#3844 = EDGE_CURVE('',#3813,#3837,#3845,.T.);
#3845 = LINE('',#3846,#3847);
#3846 = CARTESIAN_POINT('',(-2.2,-2.3,0.625));
#3847 = VECTOR('',#3848,1.);
#3848 = DIRECTION('',(-2.22044604925E-16,1.,0.));
#3849 = PLANE('',#3850);
#3850 = AXIS2_PLACEMENT_3D('',#3851,#3852,#3853);
#3851 = CARTESIAN_POINT('',(-2.2,-2.3,0.625));
#3852 = DIRECTION('',(1.,2.22044604925E-16,0.));
#3853 = DIRECTION('',(-2.22044604925E-16,1.,0.));
#3854 = ADVANCED_FACE('',(#3855),#3879,.F.);
#3855 = FACE_BOUND('',#3856,.F.);
#3856 = EDGE_LOOP('',(#3857,#3865,#3866,#3873));
#3857 = ORIENTED_EDGE('',*,*,#3858,.F.);
#3858 = EDGE_CURVE('',#1973,#3859,#3861,.T.);
#3859 = VERTEX_POINT('',#3860);
#3860 = CARTESIAN_POINT('',(-2.2,2.08,0.625));
#3861 = LINE('',#3862,#3863);
#3862 = CARTESIAN_POINT('',(-2.2,2.08,0.457393753309));
#3863 = VECTOR('',#3864,1.);
#3864 = DIRECTION('',(0.,0.,1.));
#3865 = ORIENTED_EDGE('',*,*,#1972,.T.);
#3866 = ORIENTED_EDGE('',*,*,#3867,.T.);
#3867 = EDGE_CURVE('',#1966,#3868,#3870,.T.);
#3868 = VERTEX_POINT('',#3869);
#3869 = CARTESIAN_POINT('',(-2.2,2.3,0.625));
#3870 = B_SPLINE_CURVE_WITH_KNOTS('',1,(#3871,#3872),.UNSPECIFIED.,.F.,
  .F.,(2,2),(0.,1.),.PIECEWISE_BEZIER_KNOTS.);
#3871 = CARTESIAN_POINT('',(-2.2,2.3,0.475));
#3872 = CARTESIAN_POINT('',(-2.2,2.3,0.625));
#3873 = ORIENTED_EDGE('',*,*,#3874,.F.);
#3874 = EDGE_CURVE('',#3859,#3868,#3875,.T.);
#3875 = LINE('',#3876,#3877);
#3876 = CARTESIAN_POINT('',(-2.2,-2.3,0.625));
#3877 = VECTOR('',#3878,1.);
#3878 = DIRECTION('',(-2.22044604925E-16,1.,0.));
#3879 = PLANE('',#3880);
#3880 = AXIS2_PLACEMENT_3D('',#3881,#3882,#3883);
#3881 = CARTESIAN_POINT('',(-2.2,-2.3,0.625));
#3882 = DIRECTION('',(1.,2.22044604925E-16,0.));
#3883 = DIRECTION('',(-2.22044604925E-16,1.,0.));
#3884 = ADVANCED_FACE('',(#3885),#3910,.F.);
#3885 = FACE_BOUND('',#3886,.F.);
#3886 = EDGE_LOOP('',(#3887,#3895,#3896,#3904));
#3887 = ORIENTED_EDGE('',*,*,#3888,.F.);
#3888 = EDGE_CURVE('',#2077,#3889,#3891,.T.);
#3889 = VERTEX_POINT('',#3890);
#3890 = CARTESIAN_POINT('',(-2.4,-2.08,0.475));
#3891 = LINE('',#3892,#3893);
#3892 = CARTESIAN_POINT('',(-2.1,-2.08,0.475));
#3893 = VECTOR('',#3894,1.);
#3894 = DIRECTION('',(-1.,-9.95799250103E-17,0.));
#3895 = ORIENTED_EDGE('',*,*,#2076,.T.);
#3896 = ORIENTED_EDGE('',*,*,#3897,.T.);
#3897 = EDGE_CURVE('',#2069,#3898,#3900,.T.);
#3898 = VERTEX_POINT('',#3899);
#3899 = CARTESIAN_POINT('',(-2.4,-1.82,0.475));
#3900 = LINE('',#3901,#3902);
#3901 = CARTESIAN_POINT('',(-2.1,-1.82,0.475));
#3902 = VECTOR('',#3903,1.);
#3903 = DIRECTION('',(-1.,-9.95799250103E-17,0.));
#3904 = ORIENTED_EDGE('',*,*,#3905,.F.);
#3905 = EDGE_CURVE('',#3889,#3898,#3906,.T.);
#3906 = LINE('',#3907,#3908);
#3907 = CARTESIAN_POINT('',(-2.4,-2.08,0.475));
#3908 = VECTOR('',#3909,1.);
#3909 = DIRECTION('',(-9.95799250103E-17,1.,0.));
#3910 = PLANE('',#3911);
#3911 = AXIS2_PLACEMENT_3D('',#3912,#3913,#3914);
#3912 = CARTESIAN_POINT('',(-2.1,-2.08,0.475));
#3913 = DIRECTION('',(0.,0.,1.));
#3914 = DIRECTION('',(-1.,-9.95799250103E-17,0.));
#3915 = ADVANCED_FACE('',(#3916),#3941,.F.);
#3916 = FACE_BOUND('',#3917,.F.);
#3917 = EDGE_LOOP('',(#3918,#3926,#3927,#3935));
#3918 = ORIENTED_EDGE('',*,*,#3919,.F.);
#3919 = EDGE_CURVE('',#1981,#3920,#3922,.T.);
#3920 = VERTEX_POINT('',#3921);
#3921 = CARTESIAN_POINT('',(-2.4,1.82,0.475));
#3922 = LINE('',#3923,#3924);
#3923 = CARTESIAN_POINT('',(-2.1,1.82,0.475));
#3924 = VECTOR('',#3925,1.);
#3925 = DIRECTION('',(-1.,-9.95799250103E-17,0.));
#3926 = ORIENTED_EDGE('',*,*,#1980,.T.);
#3927 = ORIENTED_EDGE('',*,*,#3928,.T.);
#3928 = EDGE_CURVE('',#1973,#3929,#3931,.T.);
#3929 = VERTEX_POINT('',#3930);
#3930 = CARTESIAN_POINT('',(-2.4,2.08,0.475));
#3931 = LINE('',#3932,#3933);
#3932 = CARTESIAN_POINT('',(-2.1,2.08,0.475));
#3933 = VECTOR('',#3934,1.);
#3934 = DIRECTION('',(-1.,-9.95799250103E-17,0.));
#3935 = ORIENTED_EDGE('',*,*,#3936,.F.);
#3936 = EDGE_CURVE('',#3920,#3929,#3937,.T.);
#3937 = LINE('',#3938,#3939);
#3938 = CARTESIAN_POINT('',(-2.4,1.82,0.475));
#3939 = VECTOR('',#3940,1.);
#3940 = DIRECTION('',(-9.95799250103E-17,1.,0.));
#3941 = PLANE('',#3942);
#3942 = AXIS2_PLACEMENT_3D('',#3943,#3944,#3945);
#3943 = CARTESIAN_POINT('',(-2.1,1.82,0.475));
#3944 = DIRECTION('',(0.,0.,1.));
#3945 = DIRECTION('',(-1.,-9.95799250103E-17,0.));
#3946 = ADVANCED_FACE('',(#3947),#3972,.F.);
#3947 = FACE_BOUND('',#3948,.F.);
#3948 = EDGE_LOOP('',(#3949,#3957,#3958,#3966));
#3949 = ORIENTED_EDGE('',*,*,#3950,.F.);
#3950 = EDGE_CURVE('',#2069,#3951,#3953,.T.);
#3951 = VERTEX_POINT('',#3952);
#3952 = CARTESIAN_POINT('',(-2.2,-1.82,0.625));
#3953 = LINE('',#3954,#3955);
#3954 = CARTESIAN_POINT('',(-2.2,-1.82,0.457393753309));
#3955 = VECTOR('',#3956,1.);
#3956 = DIRECTION('',(0.,0.,1.));
#3957 = ORIENTED_EDGE('',*,*,#2068,.T.);
#3958 = ORIENTED_EDGE('',*,*,#3959,.T.);
#3959 = EDGE_CURVE('',#2061,#3960,#3962,.T.);
#3960 = VERTEX_POINT('',#3961);
#3961 = CARTESIAN_POINT('',(-2.2,-1.43,0.625));
#3962 = LINE('',#3963,#3964);
#3963 = CARTESIAN_POINT('',(-2.2,-1.43,0.457393753309));
#3964 = VECTOR('',#3965,1.);
#3965 = DIRECTION('',(0.,0.,1.));
#3966 = ORIENTED_EDGE('',*,*,#3967,.F.);
#3967 = EDGE_CURVE('',#3951,#3960,#3968,.T.);
#3968 = LINE('',#3969,#3970);
#3969 = CARTESIAN_POINT('',(-2.2,-2.3,0.625));
#3970 = VECTOR('',#3971,1.);
#3971 = DIRECTION('',(-2.22044604925E-16,1.,0.));
#3972 = PLANE('',#3973);
#3973 = AXIS2_PLACEMENT_3D('',#3974,#3975,#3976);
#3974 = CARTESIAN_POINT('',(-2.2,-2.3,0.625));
#3975 = DIRECTION('',(1.,2.22044604925E-16,0.));
#3976 = DIRECTION('',(-2.22044604925E-16,1.,0.));
#3977 = ADVANCED_FACE('',(#3978),#4003,.F.);
#3978 = FACE_BOUND('',#3979,.F.);
#3979 = EDGE_LOOP('',(#3980,#3988,#3989,#3997));
#3980 = ORIENTED_EDGE('',*,*,#3981,.F.);
#3981 = EDGE_CURVE('',#1989,#3982,#3984,.T.);
#3982 = VERTEX_POINT('',#3983);
#3983 = CARTESIAN_POINT('',(-2.2,1.43,0.625));
#3984 = LINE('',#3985,#3986);
#3985 = CARTESIAN_POINT('',(-2.2,1.43,0.457393753309));
#3986 = VECTOR('',#3987,1.);
#3987 = DIRECTION('',(0.,0.,1.));
#3988 = ORIENTED_EDGE('',*,*,#1988,.T.);
#3989 = ORIENTED_EDGE('',*,*,#3990,.T.);
#3990 = EDGE_CURVE('',#1981,#3991,#3993,.T.);
#3991 = VERTEX_POINT('',#3992);
#3992 = CARTESIAN_POINT('',(-2.2,1.82,0.625));
#3993 = LINE('',#3994,#3995);
#3994 = CARTESIAN_POINT('',(-2.2,1.82,0.457393753309));
#3995 = VECTOR('',#3996,1.);
#3996 = DIRECTION('',(0.,0.,1.));
#3997 = ORIENTED_EDGE('',*,*,#3998,.F.);
#3998 = EDGE_CURVE('',#3982,#3991,#3999,.T.);
#3999 = LINE('',#4000,#4001);
#4000 = CARTESIAN_POINT('',(-2.2,-2.3,0.625));
#4001 = VECTOR('',#4002,1.);
#4002 = DIRECTION('',(-2.22044604925E-16,1.,0.));
#4003 = PLANE('',#4004);
#4004 = AXIS2_PLACEMENT_3D('',#4005,#4006,#4007);
#4005 = CARTESIAN_POINT('',(-2.2,-2.3,0.625));
#4006 = DIRECTION('',(1.,2.22044604925E-16,0.));
#4007 = DIRECTION('',(-2.22044604925E-16,1.,0.));
#4008 = ADVANCED_FACE('',(#4009),#4034,.F.);
#4009 = FACE_BOUND('',#4010,.F.);
#4010 = EDGE_LOOP('',(#4011,#4019,#4020,#4028));
#4011 = ORIENTED_EDGE('',*,*,#4012,.F.);
#4012 = EDGE_CURVE('',#2061,#4013,#4015,.T.);
#4013 = VERTEX_POINT('',#4014);
#4014 = CARTESIAN_POINT('',(-2.4,-1.43,0.475));
#4015 = LINE('',#4016,#4017);
#4016 = CARTESIAN_POINT('',(-2.1,-1.43,0.475));
#4017 = VECTOR('',#4018,1.);
#4018 = DIRECTION('',(-1.,-9.95799250103E-17,0.));
#4019 = ORIENTED_EDGE('',*,*,#2060,.T.);
#4020 = ORIENTED_EDGE('',*,*,#4021,.T.);
#4021 = EDGE_CURVE('',#2053,#4022,#4024,.T.);
#4022 = VERTEX_POINT('',#4023);
#4023 = CARTESIAN_POINT('',(-2.4,-1.17,0.475));
#4024 = LINE('',#4025,#4026);
#4025 = CARTESIAN_POINT('',(-2.1,-1.17,0.475));
#4026 = VECTOR('',#4027,1.);
#4027 = DIRECTION('',(-1.,-9.95799250103E-17,0.));
#4028 = ORIENTED_EDGE('',*,*,#4029,.F.);
#4029 = EDGE_CURVE('',#4013,#4022,#4030,.T.);
#4030 = LINE('',#4031,#4032);
#4031 = CARTESIAN_POINT('',(-2.4,-1.43,0.475));
#4032 = VECTOR('',#4033,1.);
#4033 = DIRECTION('',(-9.95799250103E-17,1.,0.));
#4034 = PLANE('',#4035);
#4035 = AXIS2_PLACEMENT_3D('',#4036,#4037,#4038);
#4036 = CARTESIAN_POINT('',(-2.1,-1.43,0.475));
#4037 = DIRECTION('',(0.,0.,1.));
#4038 = DIRECTION('',(-1.,-9.95799250103E-17,0.));
#4039 = ADVANCED_FACE('',(#4040),#4065,.F.);
#4040 = FACE_BOUND('',#4041,.F.);
#4041 = EDGE_LOOP('',(#4042,#4050,#4051,#4059));
#4042 = ORIENTED_EDGE('',*,*,#4043,.F.);
#4043 = EDGE_CURVE('',#1997,#4044,#4046,.T.);
#4044 = VERTEX_POINT('',#4045);
#4045 = CARTESIAN_POINT('',(-2.4,1.17,0.475));
#4046 = LINE('',#4047,#4048);
#4047 = CARTESIAN_POINT('',(-2.1,1.17,0.475));
#4048 = VECTOR('',#4049,1.);
#4049 = DIRECTION('',(-1.,-9.95799250103E-17,0.));
#4050 = ORIENTED_EDGE('',*,*,#1996,.T.);
#4051 = ORIENTED_EDGE('',*,*,#4052,.T.);
#4052 = EDGE_CURVE('',#1989,#4053,#4055,.T.);
#4053 = VERTEX_POINT('',#4054);
#4054 = CARTESIAN_POINT('',(-2.4,1.43,0.475));
#4055 = LINE('',#4056,#4057);
#4056 = CARTESIAN_POINT('',(-2.1,1.43,0.475));
#4057 = VECTOR('',#4058,1.);
#4058 = DIRECTION('',(-1.,-9.95799250103E-17,0.));
#4059 = ORIENTED_EDGE('',*,*,#4060,.F.);
#4060 = EDGE_CURVE('',#4044,#4053,#4061,.T.);
#4061 = LINE('',#4062,#4063);
#4062 = CARTESIAN_POINT('',(-2.4,1.17,0.475));
#4063 = VECTOR('',#4064,1.);
#4064 = DIRECTION('',(-9.95799250103E-17,1.,0.));
#4065 = PLANE('',#4066);
#4066 = AXIS2_PLACEMENT_3D('',#4067,#4068,#4069);
#4067 = CARTESIAN_POINT('',(-2.1,1.17,0.475));
#4068 = DIRECTION('',(0.,0.,1.));
#4069 = DIRECTION('',(-1.,-9.95799250103E-17,0.));
#4070 = ADVANCED_FACE('',(#4071),#4096,.F.);
#4071 = FACE_BOUND('',#4072,.F.);
#4072 = EDGE_LOOP('',(#4073,#4081,#4082,#4090));
#4073 = ORIENTED_EDGE('',*,*,#4074,.F.);
#4074 = EDGE_CURVE('',#2053,#4075,#4077,.T.);
#4075 = VERTEX_POINT('',#4076);
#4076 = CARTESIAN_POINT('',(-2.2,-1.17,0.625));
#4077 = LINE('',#4078,#4079);
#4078 = CARTESIAN_POINT('',(-2.2,-1.17,0.457393753309));
#4079 = VECTOR('',#4080,1.);
#4080 = DIRECTION('',(0.,0.,1.));
#4081 = ORIENTED_EDGE('',*,*,#2052,.T.);
#4082 = ORIENTED_EDGE('',*,*,#4083,.T.);
#4083 = EDGE_CURVE('',#2045,#4084,#4086,.T.);
#4084 = VERTEX_POINT('',#4085);
#4085 = CARTESIAN_POINT('',(-2.2,-0.78,0.625));
#4086 = LINE('',#4087,#4088);
#4087 = CARTESIAN_POINT('',(-2.2,-0.78,0.457393753309));
#4088 = VECTOR('',#4089,1.);
#4089 = DIRECTION('',(0.,0.,1.));
#4090 = ORIENTED_EDGE('',*,*,#4091,.F.);
#4091 = EDGE_CURVE('',#4075,#4084,#4092,.T.);
#4092 = LINE('',#4093,#4094);
#4093 = CARTESIAN_POINT('',(-2.2,-2.3,0.625));
#4094 = VECTOR('',#4095,1.);
#4095 = DIRECTION('',(-2.22044604925E-16,1.,0.));
#4096 = PLANE('',#4097);
#4097 = AXIS2_PLACEMENT_3D('',#4098,#4099,#4100);
#4098 = CARTESIAN_POINT('',(-2.2,-2.3,0.625));
#4099 = DIRECTION('',(1.,2.22044604925E-16,0.));
#4100 = DIRECTION('',(-2.22044604925E-16,1.,0.));
#4101 = ADVANCED_FACE('',(#4102),#4127,.F.);
#4102 = FACE_BOUND('',#4103,.F.);
#4103 = EDGE_LOOP('',(#4104,#4112,#4113,#4121));
#4104 = ORIENTED_EDGE('',*,*,#4105,.F.);
#4105 = EDGE_CURVE('',#2005,#4106,#4108,.T.);
#4106 = VERTEX_POINT('',#4107);
#4107 = CARTESIAN_POINT('',(-2.2,0.78,0.625));
#4108 = LINE('',#4109,#4110);
#4109 = CARTESIAN_POINT('',(-2.2,0.78,0.457393753309));
#4110 = VECTOR('',#4111,1.);
#4111 = DIRECTION('',(0.,0.,1.));
#4112 = ORIENTED_EDGE('',*,*,#2004,.T.);
#4113 = ORIENTED_EDGE('',*,*,#4114,.T.);
#4114 = EDGE_CURVE('',#1997,#4115,#4117,.T.);
#4115 = VERTEX_POINT('',#4116);
#4116 = CARTESIAN_POINT('',(-2.2,1.17,0.625));
#4117 = LINE('',#4118,#4119);
#4118 = CARTESIAN_POINT('',(-2.2,1.17,0.457393753309));
#4119 = VECTOR('',#4120,1.);
#4120 = DIRECTION('',(0.,0.,1.));
#4121 = ORIENTED_EDGE('',*,*,#4122,.F.);
#4122 = EDGE_CURVE('',#4106,#4115,#4123,.T.);
#4123 = LINE('',#4124,#4125);
#4124 = CARTESIAN_POINT('',(-2.2,-2.3,0.625));
#4125 = VECTOR('',#4126,1.);
#4126 = DIRECTION('',(-2.22044604925E-16,1.,0.));
#4127 = PLANE('',#4128);
#4128 = AXIS2_PLACEMENT_3D('',#4129,#4130,#4131);
#4129 = CARTESIAN_POINT('',(-2.2,-2.3,0.625));
#4130 = DIRECTION('',(1.,2.22044604925E-16,0.));
#4131 = DIRECTION('',(-2.22044604925E-16,1.,0.));
#4132 = ADVANCED_FACE('',(#4133),#4158,.F.);
#4133 = FACE_BOUND('',#4134,.F.);
#4134 = EDGE_LOOP('',(#4135,#4143,#4144,#4152));
#4135 = ORIENTED_EDGE('',*,*,#4136,.F.);
#4136 = EDGE_CURVE('',#2045,#4137,#4139,.T.);
#4137 = VERTEX_POINT('',#4138);
#4138 = CARTESIAN_POINT('',(-2.4,-0.78,0.475));
#4139 = LINE('',#4140,#4141);
#4140 = CARTESIAN_POINT('',(-2.1,-0.78,0.475));
#4141 = VECTOR('',#4142,1.);
#4142 = DIRECTION('',(-1.,-9.95799250103E-17,0.));
#4143 = ORIENTED_EDGE('',*,*,#2044,.T.);
#4144 = ORIENTED_EDGE('',*,*,#4145,.T.);
#4145 = EDGE_CURVE('',#2037,#4146,#4148,.T.);
#4146 = VERTEX_POINT('',#4147);
#4147 = CARTESIAN_POINT('',(-2.4,-0.52,0.475));
#4148 = LINE('',#4149,#4150);
#4149 = CARTESIAN_POINT('',(-2.1,-0.52,0.475));
#4150 = VECTOR('',#4151,1.);
#4151 = DIRECTION('',(-1.,-9.95799250103E-17,0.));
#4152 = ORIENTED_EDGE('',*,*,#4153,.F.);
#4153 = EDGE_CURVE('',#4137,#4146,#4154,.T.);
#4154 = LINE('',#4155,#4156);
#4155 = CARTESIAN_POINT('',(-2.4,-0.78,0.475));
#4156 = VECTOR('',#4157,1.);
#4157 = DIRECTION('',(-9.95799250103E-17,1.,0.));
#4158 = PLANE('',#4159);
#4159 = AXIS2_PLACEMENT_3D('',#4160,#4161,#4162);
#4160 = CARTESIAN_POINT('',(-2.1,-0.78,0.475));
#4161 = DIRECTION('',(0.,0.,1.));
#4162 = DIRECTION('',(-1.,-9.95799250103E-17,0.));
#4163 = ADVANCED_FACE('',(#4164),#4189,.F.);
#4164 = FACE_BOUND('',#4165,.F.);
#4165 = EDGE_LOOP('',(#4166,#4174,#4175,#4183));
#4166 = ORIENTED_EDGE('',*,*,#4167,.F.);
#4167 = EDGE_CURVE('',#2013,#4168,#4170,.T.);
#4168 = VERTEX_POINT('',#4169);
#4169 = CARTESIAN_POINT('',(-2.4,0.52,0.475));
#4170 = LINE('',#4171,#4172);
#4171 = CARTESIAN_POINT('',(-2.1,0.52,0.475));
#4172 = VECTOR('',#4173,1.);
#4173 = DIRECTION('',(-1.,-9.95799250103E-17,0.));
#4174 = ORIENTED_EDGE('',*,*,#2012,.T.);
#4175 = ORIENTED_EDGE('',*,*,#4176,.T.);
#4176 = EDGE_CURVE('',#2005,#4177,#4179,.T.);
#4177 = VERTEX_POINT('',#4178);
#4178 = CARTESIAN_POINT('',(-2.4,0.78,0.475));
#4179 = LINE('',#4180,#4181);
#4180 = CARTESIAN_POINT('',(-2.1,0.78,0.475));
#4181 = VECTOR('',#4182,1.);
#4182 = DIRECTION('',(-1.,-9.95799250103E-17,0.));
#4183 = ORIENTED_EDGE('',*,*,#4184,.F.);
#4184 = EDGE_CURVE('',#4168,#4177,#4185,.T.);
#4185 = LINE('',#4186,#4187);
#4186 = CARTESIAN_POINT('',(-2.4,0.52,0.475));
#4187 = VECTOR('',#4188,1.);
#4188 = DIRECTION('',(-9.95799250103E-17,1.,0.));
#4189 = PLANE('',#4190);
#4190 = AXIS2_PLACEMENT_3D('',#4191,#4192,#4193);
#4191 = CARTESIAN_POINT('',(-2.1,0.52,0.475));
#4192 = DIRECTION('',(0.,0.,1.));
#4193 = DIRECTION('',(-1.,-9.95799250103E-17,0.));
#4194 = ADVANCED_FACE('',(#4195),#4220,.F.);
#4195 = FACE_BOUND('',#4196,.F.);
#4196 = EDGE_LOOP('',(#4197,#4205,#4206,#4214));
#4197 = ORIENTED_EDGE('',*,*,#4198,.F.);
#4198 = EDGE_CURVE('',#2037,#4199,#4201,.T.);
#4199 = VERTEX_POINT('',#4200);
#4200 = CARTESIAN_POINT('',(-2.2,-0.52,0.625));
#4201 = LINE('',#4202,#4203);
#4202 = CARTESIAN_POINT('',(-2.2,-0.52,0.457393753309));
#4203 = VECTOR('',#4204,1.);
#4204 = DIRECTION('',(0.,0.,1.));
#4205 = ORIENTED_EDGE('',*,*,#2036,.T.);
#4206 = ORIENTED_EDGE('',*,*,#4207,.T.);
#4207 = EDGE_CURVE('',#2029,#4208,#4210,.T.);
#4208 = VERTEX_POINT('',#4209);
#4209 = CARTESIAN_POINT('',(-2.2,-0.13,0.625));
#4210 = LINE('',#4211,#4212);
#4211 = CARTESIAN_POINT('',(-2.2,-0.13,0.457393753309));
#4212 = VECTOR('',#4213,1.);
#4213 = DIRECTION('',(0.,0.,1.));
#4214 = ORIENTED_EDGE('',*,*,#4215,.F.);
#4215 = EDGE_CURVE('',#4199,#4208,#4216,.T.);
#4216 = LINE('',#4217,#4218);
#4217 = CARTESIAN_POINT('',(-2.2,-2.3,0.625));
#4218 = VECTOR('',#4219,1.);
#4219 = DIRECTION('',(-2.22044604925E-16,1.,0.));
#4220 = PLANE('',#4221);
#4221 = AXIS2_PLACEMENT_3D('',#4222,#4223,#4224);
#4222 = CARTESIAN_POINT('',(-2.2,-2.3,0.625));
#4223 = DIRECTION('',(1.,2.22044604925E-16,0.));
#4224 = DIRECTION('',(-2.22044604925E-16,1.,0.));
#4225 = ADVANCED_FACE('',(#4226),#4251,.F.);
#4226 = FACE_BOUND('',#4227,.F.);
#4227 = EDGE_LOOP('',(#4228,#4236,#4237,#4245));
#4228 = ORIENTED_EDGE('',*,*,#4229,.F.);
#4229 = EDGE_CURVE('',#2021,#4230,#4232,.T.);
#4230 = VERTEX_POINT('',#4231);
#4231 = CARTESIAN_POINT('',(-2.2,0.13,0.625));
#4232 = LINE('',#4233,#4234);
#4233 = CARTESIAN_POINT('',(-2.2,0.13,0.457393753309));
#4234 = VECTOR('',#4235,1.);
#4235 = DIRECTION('',(0.,0.,1.));
#4236 = ORIENTED_EDGE('',*,*,#2020,.T.);
#4237 = ORIENTED_EDGE('',*,*,#4238,.T.);
#4238 = EDGE_CURVE('',#2013,#4239,#4241,.T.);
#4239 = VERTEX_POINT('',#4240);
#4240 = CARTESIAN_POINT('',(-2.2,0.52,0.625));
#4241 = LINE('',#4242,#4243);
#4242 = CARTESIAN_POINT('',(-2.2,0.52,0.457393753309));
#4243 = VECTOR('',#4244,1.);
#4244 = DIRECTION('',(0.,0.,1.));
#4245 = ORIENTED_EDGE('',*,*,#4246,.F.);
#4246 = EDGE_CURVE('',#4230,#4239,#4247,.T.);
#4247 = LINE('',#4248,#4249);
#4248 = CARTESIAN_POINT('',(-2.2,-2.3,0.625));
#4249 = VECTOR('',#4250,1.);
#4250 = DIRECTION('',(-2.22044604925E-16,1.,0.));
#4251 = PLANE('',#4252);
#4252 = AXIS2_PLACEMENT_3D('',#4253,#4254,#4255);
#4253 = CARTESIAN_POINT('',(-2.2,-2.3,0.625));
#4254 = DIRECTION('',(1.,2.22044604925E-16,0.));
#4255 = DIRECTION('',(-2.22044604925E-16,1.,0.));
#4256 = ADVANCED_FACE('',(#4257),#4282,.F.);
#4257 = FACE_BOUND('',#4258,.F.);
#4258 = EDGE_LOOP('',(#4259,#4267,#4268,#4276));
#4259 = ORIENTED_EDGE('',*,*,#4260,.F.);
#4260 = EDGE_CURVE('',#2029,#4261,#4263,.T.);
#4261 = VERTEX_POINT('',#4262);
#4262 = CARTESIAN_POINT('',(-2.4,-0.13,0.475));
#4263 = LINE('',#4264,#4265);
#4264 = CARTESIAN_POINT('',(-2.1,-0.13,0.475));
#4265 = VECTOR('',#4266,1.);
#4266 = DIRECTION('',(-1.,-9.95799250103E-17,0.));
#4267 = ORIENTED_EDGE('',*,*,#2028,.T.);
#4268 = ORIENTED_EDGE('',*,*,#4269,.T.);
#4269 = EDGE_CURVE('',#2021,#4270,#4272,.T.);
#4270 = VERTEX_POINT('',#4271);
#4271 = CARTESIAN_POINT('',(-2.4,0.13,0.475));
#4272 = LINE('',#4273,#4274);
#4273 = CARTESIAN_POINT('',(-2.1,0.13,0.475));
#4274 = VECTOR('',#4275,1.);
#4275 = DIRECTION('',(-1.,-9.95799250103E-17,0.));
#4276 = ORIENTED_EDGE('',*,*,#4277,.F.);
#4277 = EDGE_CURVE('',#4261,#4270,#4278,.T.);
#4278 = LINE('',#4279,#4280);
#4279 = CARTESIAN_POINT('',(-2.4,-0.13,0.475));
#4280 = VECTOR('',#4281,1.);
#4281 = DIRECTION('',(-9.95799250103E-17,1.,0.));
#4282 = PLANE('',#4283);
#4283 = AXIS2_PLACEMENT_3D('',#4284,#4285,#4286);
#4284 = CARTESIAN_POINT('',(-2.1,-0.13,0.475));
#4285 = DIRECTION('',(0.,0.,1.));
#4286 = DIRECTION('',(-1.,-9.95799250103E-17,0.));
#4287 = ADVANCED_FACE('',(#4288),#4299,.F.);
#4288 = FACE_BOUND('',#4289,.F.);
#4289 = EDGE_LOOP('',(#4290,#4291,#4292,#4298));
#4290 = ORIENTED_EDGE('',*,*,#2101,.T.);
#4291 = ORIENTED_EDGE('',*,*,#3417,.T.);
#4292 = ORIENTED_EDGE('',*,*,#4293,.F.);
#4293 = EDGE_CURVE('',#3868,#3410,#4294,.T.);
#4294 = LINE('',#4295,#4296);
#4295 = CARTESIAN_POINT('',(-2.2,2.3,0.625));
#4296 = VECTOR('',#4297,1.);
#4297 = DIRECTION('',(0.707106781187,0.707106781187,0.));
#4298 = ORIENTED_EDGE('',*,*,#3867,.F.);
#4299 = PLANE('',#4300);
#4300 = AXIS2_PLACEMENT_3D('',#4301,#4302,#4303);
#4301 = CARTESIAN_POINT('',(-2.2,2.3,0.625));
#4302 = DIRECTION('',(0.707106781187,-0.707106781187,0.));
#4303 = DIRECTION('',(0.707106781187,0.707106781187,0.));
#4304 = ADVANCED_FACE('',(#4305),#4315,.F.);
#4305 = FACE_BOUND('',#4306,.F.);
#4306 = EDGE_LOOP('',(#4307,#4308,#4313,#4314));
#4307 = ORIENTED_EDGE('',*,*,#2124,.T.);
#4308 = ORIENTED_EDGE('',*,*,#4309,.T.);
#4309 = EDGE_CURVE('',#2118,#3521,#4310,.T.);
#4310 = B_SPLINE_CURVE_WITH_KNOTS('',1,(#4311,#4312),.UNSPECIFIED.,.F.,
  .F.,(2,2),(0.,1.),.PIECEWISE_BEZIER_KNOTS.);
#4311 = CARTESIAN_POINT('',(2.,-2.5,0.625));
#4312 = CARTESIAN_POINT('',(1.975,-2.45,0.625));
#4313 = ORIENTED_EDGE('',*,*,#3520,.F.);
#4314 = ORIENTED_EDGE('',*,*,#2238,.F.);
#4315 = B_SPLINE_SURFACE_WITH_KNOTS('',1,1,(
    (#4316,#4317)
    ,(#4318,#4319
    )),.UNSPECIFIED.,.F.,.F.,.F.,(2,2),(2,2),(0.,0.282842712475),(0.,1.)
  ,.PIECEWISE_BEZIER_KNOTS.);
#4316 = CARTESIAN_POINT('',(2.2,-2.3,0.625));
#4317 = CARTESIAN_POINT('',(2.15,-2.275,0.625));
#4318 = CARTESIAN_POINT('',(2.,-2.5,0.625));
#4319 = CARTESIAN_POINT('',(1.975,-2.45,0.625));
#4320 = ADVANCED_FACE('',(#4321),#4332,.T.);
#4321 = FACE_BOUND('',#4322,.T.);
#4322 = EDGE_LOOP('',(#4323,#4324,#4325,#4326));
#4323 = ORIENTED_EDGE('',*,*,#2321,.T.);
#4324 = ORIENTED_EDGE('',*,*,#3563,.T.);
#4325 = ORIENTED_EDGE('',*,*,#2208,.F.);
#4326 = ORIENTED_EDGE('',*,*,#4327,.F.);
#4327 = EDGE_CURVE('',#2314,#2201,#4328,.T.);
#4328 = LINE('',#4329,#4330);
#4329 = CARTESIAN_POINT('',(2.65,-1.82,0.375));
#4330 = VECTOR('',#4331,1.);
#4331 = DIRECTION('',(2.22044604925E-16,-1.,0.));
#4332 = CYLINDRICAL_SURFACE('',#4333,0.25);
#4333 = AXIS2_PLACEMENT_3D('',#4334,#4335,#4336);
#4334 = CARTESIAN_POINT('',(2.4,-1.82,0.375));
#4335 = DIRECTION('',(-2.22044604925E-16,1.,0.));
#4336 = DIRECTION('',(1.,2.22044604925E-16,2.6645352591E-15));
#4337 = ADVANCED_FACE('',(#4338),#4349,.F.);
#4338 = FACE_BOUND('',#4339,.F.);
#4339 = EDGE_LOOP('',(#4340,#4346,#4347,#4348));
#4340 = ORIENTED_EDGE('',*,*,#4341,.T.);
#4341 = EDGE_CURVE('',#2305,#2192,#4342,.T.);
#4342 = LINE('',#4343,#4344);
#4343 = CARTESIAN_POINT('',(2.65,-1.82,0.25));
#4344 = VECTOR('',#4345,1.);
#4345 = DIRECTION('',(2.22044604925E-16,-1.,0.));
#4346 = ORIENTED_EDGE('',*,*,#2200,.T.);
#4347 = ORIENTED_EDGE('',*,*,#4327,.F.);
#4348 = ORIENTED_EDGE('',*,*,#2313,.F.);
#4349 = PLANE('',#4350);
#4350 = AXIS2_PLACEMENT_3D('',#4351,#4352,#4353);
#4351 = CARTESIAN_POINT('',(2.65,-1.82,0.25));
#4352 = DIRECTION('',(-1.,-2.22044604925E-16,0.));
#4353 = DIRECTION('',(0.,0.,1.));
#4354 = ADVANCED_FACE('',(#4355),#4366,.F.);
#4355 = FACE_BOUND('',#4356,.F.);
#4356 = EDGE_LOOP('',(#4357,#4363,#4364,#4365));
#4357 = ORIENTED_EDGE('',*,*,#4358,.T.);
#4358 = EDGE_CURVE('',#2297,#2184,#4359,.T.);
#4359 = LINE('',#4360,#4361);
#4360 = CARTESIAN_POINT('',(2.75,-1.82,0.15));
#4361 = VECTOR('',#4362,1.);
#4362 = DIRECTION('',(2.22044604925E-16,-1.,0.));
#4363 = ORIENTED_EDGE('',*,*,#2191,.T.);
#4364 = ORIENTED_EDGE('',*,*,#4341,.F.);
#4365 = ORIENTED_EDGE('',*,*,#2304,.F.);
#4366 = CYLINDRICAL_SURFACE('',#4367,0.1);
#4367 = AXIS2_PLACEMENT_3D('',#4368,#4369,#4370);
#4368 = CARTESIAN_POINT('',(2.75,-1.82,0.25));
#4369 = DIRECTION('',(-2.22044604925E-16,1.,0.));
#4370 = DIRECTION('',(0.,0.,-1.));
#4371 = ADVANCED_FACE('',(#4372),#4383,.F.);
#4372 = FACE_BOUND('',#4373,.F.);
#4373 = EDGE_LOOP('',(#4374,#4380,#4381,#4382));
#4374 = ORIENTED_EDGE('',*,*,#4375,.T.);
#4375 = EDGE_CURVE('',#2289,#2176,#4376,.T.);
#4376 = LINE('',#4377,#4378);
#4377 = CARTESIAN_POINT('',(3.2,-1.82,0.15));
#4378 = VECTOR('',#4379,1.);
#4379 = DIRECTION('',(2.22044604925E-16,-1.,0.));
#4380 = ORIENTED_EDGE('',*,*,#2183,.T.);
#4381 = ORIENTED_EDGE('',*,*,#4358,.F.);
#4382 = ORIENTED_EDGE('',*,*,#2296,.F.);
#4383 = PLANE('',#4384);
#4384 = AXIS2_PLACEMENT_3D('',#4385,#4386,#4387);
#4385 = CARTESIAN_POINT('',(3.2,-1.82,0.15));
#4386 = DIRECTION('',(0.,0.,-1.));
#4387 = DIRECTION('',(-1.,-2.22044604925E-16,-0.));
#4388 = ADVANCED_FACE('',(#4389),#4400,.F.);
#4389 = FACE_BOUND('',#4390,.F.);
#4390 = EDGE_LOOP('',(#4391,#4397,#4398,#4399));
#4391 = ORIENTED_EDGE('',*,*,#4392,.T.);
#4392 = EDGE_CURVE('',#2281,#2168,#4393,.T.);
#4393 = LINE('',#4394,#4395);
#4394 = CARTESIAN_POINT('',(3.2,-1.82,1.110223024625E-16));
#4395 = VECTOR('',#4396,1.);
#4396 = DIRECTION('',(2.22044604925E-16,-1.,0.));
#4397 = ORIENTED_EDGE('',*,*,#2175,.T.);
#4398 = ORIENTED_EDGE('',*,*,#4375,.F.);
#4399 = ORIENTED_EDGE('',*,*,#2288,.F.);
#4400 = PLANE('',#4401);
#4401 = AXIS2_PLACEMENT_3D('',#4402,#4403,#4404);
#4402 = CARTESIAN_POINT('',(3.2,-1.82,1.110223024625E-16));
#4403 = DIRECTION('',(-1.,-2.22044604925E-16,0.));
#4404 = DIRECTION('',(0.,0.,1.));
#4405 = ADVANCED_FACE('',(#4406),#4417,.F.);
#4406 = FACE_BOUND('',#4407,.F.);
#4407 = EDGE_LOOP('',(#4408,#4414,#4415,#4416));
#4408 = ORIENTED_EDGE('',*,*,#4409,.T.);
#4409 = EDGE_CURVE('',#2272,#2159,#4410,.T.);
#4410 = LINE('',#4411,#4412);
#4411 = CARTESIAN_POINT('',(2.75,-1.82,1.110223024625E-16));
#4412 = VECTOR('',#4413,1.);
#4413 = DIRECTION('',(2.22044604925E-16,-1.,0.));
#4414 = ORIENTED_EDGE('',*,*,#2167,.T.);
#4415 = ORIENTED_EDGE('',*,*,#4392,.F.);
#4416 = ORIENTED_EDGE('',*,*,#2280,.F.);
#4417 = PLANE('',#4418);
#4418 = AXIS2_PLACEMENT_3D('',#4419,#4420,#4421);
#4419 = CARTESIAN_POINT('',(2.75,-1.82,1.110223024625E-16));
#4420 = DIRECTION('',(0.,0.,1.));
#4421 = DIRECTION('',(1.,2.22044604925E-16,0.));
#4422 = ADVANCED_FACE('',(#4423),#4434,.T.);
#4423 = FACE_BOUND('',#4424,.T.);
#4424 = EDGE_LOOP('',(#4425,#4426,#4427,#4428));
#4425 = ORIENTED_EDGE('',*,*,#2271,.T.);
#4426 = ORIENTED_EDGE('',*,*,#4409,.T.);
#4427 = ORIENTED_EDGE('',*,*,#2158,.F.);
#4428 = ORIENTED_EDGE('',*,*,#4429,.F.);
#4429 = EDGE_CURVE('',#2264,#2151,#4430,.T.);
#4430 = LINE('',#4431,#4432);
#4431 = CARTESIAN_POINT('',(2.5,-1.82,0.25));
#4432 = VECTOR('',#4433,1.);
#4433 = DIRECTION('',(2.22044604925E-16,-1.,0.));
#4434 = CYLINDRICAL_SURFACE('',#4435,0.25);
#4435 = AXIS2_PLACEMENT_3D('',#4436,#4437,#4438);
#4436 = CARTESIAN_POINT('',(2.75,-1.82,0.25));
#4437 = DIRECTION('',(-2.22044604925E-16,1.,0.));
#4438 = DIRECTION('',(-1.,-2.22044604925E-16,-2.442490654175E-15));
#4439 = ADVANCED_FACE('',(#4440),#4446,.F.);
#4440 = FACE_BOUND('',#4441,.F.);
#4441 = EDGE_LOOP('',(#4442,#4443,#4444,#4445));
#4442 = ORIENTED_EDGE('',*,*,#2346,.T.);
#4443 = ORIENTED_EDGE('',*,*,#2150,.T.);
#4444 = ORIENTED_EDGE('',*,*,#4429,.F.);
#4445 = ORIENTED_EDGE('',*,*,#2263,.F.);
#4446 = PLANE('',#4447);
#4447 = AXIS2_PLACEMENT_3D('',#4448,#4449,#4450);
#4448 = CARTESIAN_POINT('',(2.5,-1.82,0.375));
#4449 = DIRECTION('',(1.,2.22044604925E-16,0.));
#4450 = DIRECTION('',(0.,0.,-1.));
#4451 = ADVANCED_FACE('',(#4452),#4463,.T.);
#4452 = FACE_BOUND('',#4453,.T.);
#4453 = EDGE_LOOP('',(#4454,#4455,#4456,#4457));
#4454 = ORIENTED_EDGE('',*,*,#2653,.T.);
#4455 = ORIENTED_EDGE('',*,*,#3601,.T.);
#4456 = ORIENTED_EDGE('',*,*,#2430,.F.);
#4457 = ORIENTED_EDGE('',*,*,#4458,.F.);
#4458 = EDGE_CURVE('',#2646,#2423,#4459,.T.);
#4459 = LINE('',#4460,#4461);
#4460 = CARTESIAN_POINT('',(2.65,-1.17,0.375));
#4461 = VECTOR('',#4462,1.);
#4462 = DIRECTION('',(2.22044604925E-16,-1.,0.));
#4463 = CYLINDRICAL_SURFACE('',#4464,0.25);
#4464 = AXIS2_PLACEMENT_3D('',#4465,#4466,#4467);
#4465 = CARTESIAN_POINT('',(2.4,-1.17,0.375));
#4466 = DIRECTION('',(-2.22044604925E-16,1.,0.));
#4467 = DIRECTION('',(1.,2.22044604925E-16,2.6645352591E-15));
#4468 = ADVANCED_FACE('',(#4469),#4480,.F.);
#4469 = FACE_BOUND('',#4470,.F.);
#4470 = EDGE_LOOP('',(#4471,#4477,#4478,#4479));
#4471 = ORIENTED_EDGE('',*,*,#4472,.T.);
#4472 = EDGE_CURVE('',#2637,#2414,#4473,.T.);
#4473 = LINE('',#4474,#4475);
#4474 = CARTESIAN_POINT('',(2.65,-1.17,0.25));
#4475 = VECTOR('',#4476,1.);
#4476 = DIRECTION('',(2.22044604925E-16,-1.,0.));
#4477 = ORIENTED_EDGE('',*,*,#2422,.T.);
#4478 = ORIENTED_EDGE('',*,*,#4458,.F.);
#4479 = ORIENTED_EDGE('',*,*,#2645,.F.);
#4480 = PLANE('',#4481);
#4481 = AXIS2_PLACEMENT_3D('',#4482,#4483,#4484);
#4482 = CARTESIAN_POINT('',(2.65,-1.17,0.25));
#4483 = DIRECTION('',(-1.,-2.22044604925E-16,0.));
#4484 = DIRECTION('',(0.,0.,1.));
#4485 = ADVANCED_FACE('',(#4486),#4497,.F.);
#4486 = FACE_BOUND('',#4487,.F.);
#4487 = EDGE_LOOP('',(#4488,#4494,#4495,#4496));
#4488 = ORIENTED_EDGE('',*,*,#4489,.T.);
#4489 = EDGE_CURVE('',#2629,#2406,#4490,.T.);
#4490 = LINE('',#4491,#4492);
#4491 = CARTESIAN_POINT('',(2.75,-1.17,0.15));
#4492 = VECTOR('',#4493,1.);
#4493 = DIRECTION('',(2.22044604925E-16,-1.,0.));
#4494 = ORIENTED_EDGE('',*,*,#2413,.T.);
#4495 = ORIENTED_EDGE('',*,*,#4472,.F.);
#4496 = ORIENTED_EDGE('',*,*,#2636,.F.);
#4497 = CYLINDRICAL_SURFACE('',#4498,0.1);
#4498 = AXIS2_PLACEMENT_3D('',#4499,#4500,#4501);
#4499 = CARTESIAN_POINT('',(2.75,-1.17,0.25));
#4500 = DIRECTION('',(-2.22044604925E-16,1.,0.));
#4501 = DIRECTION('',(0.,0.,-1.));
#4502 = ADVANCED_FACE('',(#4503),#4514,.F.);
#4503 = FACE_BOUND('',#4504,.F.);
#4504 = EDGE_LOOP('',(#4505,#4511,#4512,#4513));
#4505 = ORIENTED_EDGE('',*,*,#4506,.T.);
#4506 = EDGE_CURVE('',#2621,#2398,#4507,.T.);
#4507 = LINE('',#4508,#4509);
#4508 = CARTESIAN_POINT('',(3.2,-1.17,0.15));
#4509 = VECTOR('',#4510,1.);
#4510 = DIRECTION('',(2.22044604925E-16,-1.,0.));
#4511 = ORIENTED_EDGE('',*,*,#2405,.T.);
#4512 = ORIENTED_EDGE('',*,*,#4489,.F.);
#4513 = ORIENTED_EDGE('',*,*,#2628,.F.);
#4514 = PLANE('',#4515);
#4515 = AXIS2_PLACEMENT_3D('',#4516,#4517,#4518);
#4516 = CARTESIAN_POINT('',(3.2,-1.17,0.15));
#4517 = DIRECTION('',(0.,0.,-1.));
#4518 = DIRECTION('',(-1.,-2.22044604925E-16,-0.));
#4519 = ADVANCED_FACE('',(#4520),#4531,.F.);
#4520 = FACE_BOUND('',#4521,.F.);
#4521 = EDGE_LOOP('',(#4522,#4528,#4529,#4530));
#4522 = ORIENTED_EDGE('',*,*,#4523,.T.);
#4523 = EDGE_CURVE('',#2613,#2390,#4524,.T.);
#4524 = LINE('',#4525,#4526);
#4525 = CARTESIAN_POINT('',(3.2,-1.17,1.110223024625E-16));
#4526 = VECTOR('',#4527,1.);
#4527 = DIRECTION('',(2.22044604925E-16,-1.,0.));
#4528 = ORIENTED_EDGE('',*,*,#2397,.T.);
#4529 = ORIENTED_EDGE('',*,*,#4506,.F.);
#4530 = ORIENTED_EDGE('',*,*,#2620,.F.);
#4531 = PLANE('',#4532);
#4532 = AXIS2_PLACEMENT_3D('',#4533,#4534,#4535);
#4533 = CARTESIAN_POINT('',(3.2,-1.17,1.110223024625E-16));
#4534 = DIRECTION('',(-1.,-2.22044604925E-16,0.));
#4535 = DIRECTION('',(0.,0.,1.));
#4536 = ADVANCED_FACE('',(#4537),#4548,.F.);
#4537 = FACE_BOUND('',#4538,.F.);
#4538 = EDGE_LOOP('',(#4539,#4545,#4546,#4547));
#4539 = ORIENTED_EDGE('',*,*,#4540,.T.);
#4540 = EDGE_CURVE('',#2604,#2381,#4541,.T.);
#4541 = LINE('',#4542,#4543);
#4542 = CARTESIAN_POINT('',(2.75,-1.17,1.110223024625E-16));
#4543 = VECTOR('',#4544,1.);
#4544 = DIRECTION('',(2.22044604925E-16,-1.,0.));
#4545 = ORIENTED_EDGE('',*,*,#2389,.T.);
#4546 = ORIENTED_EDGE('',*,*,#4523,.F.);
#4547 = ORIENTED_EDGE('',*,*,#2612,.F.);
#4548 = PLANE('',#4549);
#4549 = AXIS2_PLACEMENT_3D('',#4550,#4551,#4552);
#4550 = CARTESIAN_POINT('',(2.75,-1.17,1.110223024625E-16));
#4551 = DIRECTION('',(0.,0.,1.));
#4552 = DIRECTION('',(1.,2.22044604925E-16,0.));
#4553 = ADVANCED_FACE('',(#4554),#4565,.T.);
#4554 = FACE_BOUND('',#4555,.T.);
#4555 = EDGE_LOOP('',(#4556,#4557,#4558,#4559));
#4556 = ORIENTED_EDGE('',*,*,#2603,.T.);
#4557 = ORIENTED_EDGE('',*,*,#4540,.T.);
#4558 = ORIENTED_EDGE('',*,*,#2380,.F.);
#4559 = ORIENTED_EDGE('',*,*,#4560,.F.);
#4560 = EDGE_CURVE('',#2596,#2373,#4561,.T.);
#4561 = LINE('',#4562,#4563);
#4562 = CARTESIAN_POINT('',(2.5,-1.17,0.25));
#4563 = VECTOR('',#4564,1.);
#4564 = DIRECTION('',(2.22044604925E-16,-1.,0.));
#4565 = CYLINDRICAL_SURFACE('',#4566,0.25);
#4566 = AXIS2_PLACEMENT_3D('',#4567,#4568,#4569);
#4567 = CARTESIAN_POINT('',(2.75,-1.17,0.25));
#4568 = DIRECTION('',(-2.22044604925E-16,1.,0.));
#4569 = DIRECTION('',(-1.,-2.22044604925E-16,-2.442490654175E-15));
#4570 = ADVANCED_FACE('',(#4571),#4577,.F.);
#4571 = FACE_BOUND('',#4572,.F.);
#4572 = EDGE_LOOP('',(#4573,#4574,#4575,#4576));
#4573 = ORIENTED_EDGE('',*,*,#2678,.T.);
#4574 = ORIENTED_EDGE('',*,*,#2372,.T.);
#4575 = ORIENTED_EDGE('',*,*,#4560,.F.);
#4576 = ORIENTED_EDGE('',*,*,#2595,.F.);
#4577 = PLANE('',#4578);
#4578 = AXIS2_PLACEMENT_3D('',#4579,#4580,#4581);
#4579 = CARTESIAN_POINT('',(2.5,-1.17,0.375));
#4580 = DIRECTION('',(1.,2.22044604925E-16,0.));
#4581 = DIRECTION('',(0.,0.,-1.));
#4582 = ADVANCED_FACE('',(#4583),#4594,.T.);
#4583 = FACE_BOUND('',#4584,.T.);
#4584 = EDGE_LOOP('',(#4585,#4586,#4587,#4588));
#4585 = ORIENTED_EDGE('',*,*,#2784,.T.);
#4586 = ORIENTED_EDGE('',*,*,#3582,.T.);
#4587 = ORIENTED_EDGE('',*,*,#3007,.F.);
#4588 = ORIENTED_EDGE('',*,*,#4589,.F.);
#4589 = EDGE_CURVE('',#2777,#3000,#4590,.T.);
#4590 = LINE('',#4591,#4592);
#4591 = CARTESIAN_POINT('',(2.65,0.78,0.375));
#4592 = VECTOR('',#4593,1.);
#4593 = DIRECTION('',(2.22044604925E-16,-1.,0.));
#4594 = CYLINDRICAL_SURFACE('',#4595,0.25);
#4595 = AXIS2_PLACEMENT_3D('',#4596,#4597,#4598);
#4596 = CARTESIAN_POINT('',(2.4,0.78,0.375));
#4597 = DIRECTION('',(-2.22044604925E-16,1.,0.));
#4598 = DIRECTION('',(1.,2.22044604925E-16,2.6645352591E-15));
#4599 = ADVANCED_FACE('',(#4600),#4611,.F.);
#4600 = FACE_BOUND('',#4601,.F.);
#4601 = EDGE_LOOP('',(#4602,#4608,#4609,#4610));
#4602 = ORIENTED_EDGE('',*,*,#4603,.T.);
#4603 = EDGE_CURVE('',#2768,#2991,#4604,.T.);
#4604 = LINE('',#4605,#4606);
#4605 = CARTESIAN_POINT('',(2.65,0.78,0.25));
#4606 = VECTOR('',#4607,1.);
#4607 = DIRECTION('',(2.22044604925E-16,-1.,0.));
#4608 = ORIENTED_EDGE('',*,*,#2999,.T.);
#4609 = ORIENTED_EDGE('',*,*,#4589,.F.);
#4610 = ORIENTED_EDGE('',*,*,#2776,.F.);
#4611 = PLANE('',#4612);
#4612 = AXIS2_PLACEMENT_3D('',#4613,#4614,#4615);
#4613 = CARTESIAN_POINT('',(2.65,0.78,0.25));
#4614 = DIRECTION('',(-1.,-2.22044604925E-16,0.));
#4615 = DIRECTION('',(0.,0.,1.));
#4616 = ADVANCED_FACE('',(#4617),#4628,.F.);
#4617 = FACE_BOUND('',#4618,.F.);
#4618 = EDGE_LOOP('',(#4619,#4625,#4626,#4627));
#4619 = ORIENTED_EDGE('',*,*,#4620,.T.);
#4620 = EDGE_CURVE('',#2760,#2983,#4621,.T.);
#4621 = LINE('',#4622,#4623);
#4622 = CARTESIAN_POINT('',(2.75,0.78,0.15));
#4623 = VECTOR('',#4624,1.);
#4624 = DIRECTION('',(2.22044604925E-16,-1.,0.));
#4625 = ORIENTED_EDGE('',*,*,#2990,.T.);
#4626 = ORIENTED_EDGE('',*,*,#4603,.F.);
#4627 = ORIENTED_EDGE('',*,*,#2767,.F.);
#4628 = CYLINDRICAL_SURFACE('',#4629,0.1);
#4629 = AXIS2_PLACEMENT_3D('',#4630,#4631,#4632);
#4630 = CARTESIAN_POINT('',(2.75,0.78,0.25));
#4631 = DIRECTION('',(-2.22044604925E-16,1.,0.));
#4632 = DIRECTION('',(0.,0.,-1.));
#4633 = ADVANCED_FACE('',(#4634),#4645,.F.);
#4634 = FACE_BOUND('',#4635,.F.);
#4635 = EDGE_LOOP('',(#4636,#4642,#4643,#4644));
#4636 = ORIENTED_EDGE('',*,*,#4637,.T.);
#4637 = EDGE_CURVE('',#2752,#2975,#4638,.T.);
#4638 = LINE('',#4639,#4640);
#4639 = CARTESIAN_POINT('',(3.2,0.78,0.15));
#4640 = VECTOR('',#4641,1.);
#4641 = DIRECTION('',(2.22044604925E-16,-1.,0.));
#4642 = ORIENTED_EDGE('',*,*,#2982,.T.);
#4643 = ORIENTED_EDGE('',*,*,#4620,.F.);
#4644 = ORIENTED_EDGE('',*,*,#2759,.F.);
#4645 = PLANE('',#4646);
#4646 = AXIS2_PLACEMENT_3D('',#4647,#4648,#4649);
#4647 = CARTESIAN_POINT('',(3.2,0.78,0.15));
#4648 = DIRECTION('',(0.,0.,-1.));
#4649 = DIRECTION('',(-1.,-2.22044604925E-16,-0.));
#4650 = ADVANCED_FACE('',(#4651),#4662,.F.);
#4651 = FACE_BOUND('',#4652,.F.);
#4652 = EDGE_LOOP('',(#4653,#4659,#4660,#4661));
#4653 = ORIENTED_EDGE('',*,*,#4654,.T.);
#4654 = EDGE_CURVE('',#2744,#2967,#4655,.T.);
#4655 = LINE('',#4656,#4657);
#4656 = CARTESIAN_POINT('',(3.2,0.78,1.110223024625E-16));
#4657 = VECTOR('',#4658,1.);
#4658 = DIRECTION('',(2.22044604925E-16,-1.,0.));
#4659 = ORIENTED_EDGE('',*,*,#2974,.T.);
#4660 = ORIENTED_EDGE('',*,*,#4637,.F.);
#4661 = ORIENTED_EDGE('',*,*,#2751,.F.);
#4662 = PLANE('',#4663);
#4663 = AXIS2_PLACEMENT_3D('',#4664,#4665,#4666);
#4664 = CARTESIAN_POINT('',(3.2,0.78,1.110223024625E-16));
#4665 = DIRECTION('',(-1.,-2.22044604925E-16,0.));
#4666 = DIRECTION('',(0.,0.,1.));
#4667 = ADVANCED_FACE('',(#4668),#4679,.F.);
#4668 = FACE_BOUND('',#4669,.F.);
#4669 = EDGE_LOOP('',(#4670,#4676,#4677,#4678));
#4670 = ORIENTED_EDGE('',*,*,#4671,.T.);
#4671 = EDGE_CURVE('',#2735,#2958,#4672,.T.);
#4672 = LINE('',#4673,#4674);
#4673 = CARTESIAN_POINT('',(2.75,0.78,1.110223024625E-16));
#4674 = VECTOR('',#4675,1.);
#4675 = DIRECTION('',(2.22044604925E-16,-1.,0.));
#4676 = ORIENTED_EDGE('',*,*,#2966,.T.);
#4677 = ORIENTED_EDGE('',*,*,#4654,.F.);
#4678 = ORIENTED_EDGE('',*,*,#2743,.F.);
#4679 = PLANE('',#4680);
#4680 = AXIS2_PLACEMENT_3D('',#4681,#4682,#4683);
#4681 = CARTESIAN_POINT('',(2.75,0.78,1.110223024625E-16));
#4682 = DIRECTION('',(0.,0.,1.));
#4683 = DIRECTION('',(1.,2.22044604925E-16,0.));
#4684 = ADVANCED_FACE('',(#4685),#4696,.T.);
#4685 = FACE_BOUND('',#4686,.T.);
#4686 = EDGE_LOOP('',(#4687,#4688,#4689,#4690));
#4687 = ORIENTED_EDGE('',*,*,#2734,.T.);
#4688 = ORIENTED_EDGE('',*,*,#4671,.T.);
#4689 = ORIENTED_EDGE('',*,*,#2957,.F.);
#4690 = ORIENTED_EDGE('',*,*,#4691,.F.);
#4691 = EDGE_CURVE('',#2727,#2950,#4692,.T.);
#4692 = LINE('',#4693,#4694);
#4693 = CARTESIAN_POINT('',(2.5,0.78,0.25));
#4694 = VECTOR('',#4695,1.);
#4695 = DIRECTION('',(2.22044604925E-16,-1.,0.));
#4696 = CYLINDRICAL_SURFACE('',#4697,0.25);
#4697 = AXIS2_PLACEMENT_3D('',#4698,#4699,#4700);
#4698 = CARTESIAN_POINT('',(2.75,0.78,0.25));
#4699 = DIRECTION('',(-2.22044604925E-16,1.,0.));
#4700 = DIRECTION('',(-1.,-2.22044604925E-16,-2.442490654175E-15));
#4701 = ADVANCED_FACE('',(#4702),#4708,.F.);
#4702 = FACE_BOUND('',#4703,.F.);
#4703 = EDGE_LOOP('',(#4704,#4705,#4706,#4707));
#4704 = ORIENTED_EDGE('',*,*,#2931,.T.);
#4705 = ORIENTED_EDGE('',*,*,#2949,.T.);
#4706 = ORIENTED_EDGE('',*,*,#4691,.F.);
#4707 = ORIENTED_EDGE('',*,*,#2726,.F.);
#4708 = PLANE('',#4709);
#4709 = AXIS2_PLACEMENT_3D('',#4710,#4711,#4712);
#4710 = CARTESIAN_POINT('',(2.5,0.78,0.375));
#4711 = DIRECTION('',(1.,2.22044604925E-16,0.));
#4712 = DIRECTION('',(0.,0.,-1.));
#4713 = ADVANCED_FACE('',(#4714),#4725,.T.);
#4714 = FACE_BOUND('',#4715,.T.);
#4715 = EDGE_LOOP('',(#4716,#4717,#4718,#4719));
#4716 = ORIENTED_EDGE('',*,*,#3099,.T.);
#4717 = ORIENTED_EDGE('',*,*,#3639,.T.);
#4718 = ORIENTED_EDGE('',*,*,#2876,.F.);
#4719 = ORIENTED_EDGE('',*,*,#4720,.F.);
#4720 = EDGE_CURVE('',#3092,#2869,#4721,.T.);
#4721 = LINE('',#4722,#4723);
#4722 = CARTESIAN_POINT('',(2.65,-0.52,0.375));
#4723 = VECTOR('',#4724,1.);
#4724 = DIRECTION('',(2.22044604925E-16,-1.,0.));
#4725 = CYLINDRICAL_SURFACE('',#4726,0.25);
#4726 = AXIS2_PLACEMENT_3D('',#4727,#4728,#4729);
#4727 = CARTESIAN_POINT('',(2.4,-0.52,0.375));
#4728 = DIRECTION('',(-2.22044604925E-16,1.,0.));
#4729 = DIRECTION('',(1.,2.22044604925E-16,2.6645352591E-15));
#4730 = ADVANCED_FACE('',(#4731),#4742,.F.);
#4731 = FACE_BOUND('',#4732,.F.);
#4732 = EDGE_LOOP('',(#4733,#4739,#4740,#4741));
#4733 = ORIENTED_EDGE('',*,*,#4734,.T.);
#4734 = EDGE_CURVE('',#3083,#2860,#4735,.T.);
#4735 = LINE('',#4736,#4737);
#4736 = CARTESIAN_POINT('',(2.65,-0.52,0.25));
#4737 = VECTOR('',#4738,1.);
#4738 = DIRECTION('',(2.22044604925E-16,-1.,0.));
#4739 = ORIENTED_EDGE('',*,*,#2868,.T.);
#4740 = ORIENTED_EDGE('',*,*,#4720,.F.);
#4741 = ORIENTED_EDGE('',*,*,#3091,.F.);
#4742 = PLANE('',#4743);
#4743 = AXIS2_PLACEMENT_3D('',#4744,#4745,#4746);
#4744 = CARTESIAN_POINT('',(2.65,-0.52,0.25));
#4745 = DIRECTION('',(-1.,-2.22044604925E-16,0.));
#4746 = DIRECTION('',(0.,0.,1.));
#4747 = ADVANCED_FACE('',(#4748),#4759,.F.);
#4748 = FACE_BOUND('',#4749,.F.);
#4749 = EDGE_LOOP('',(#4750,#4756,#4757,#4758));
#4750 = ORIENTED_EDGE('',*,*,#4751,.T.);
#4751 = EDGE_CURVE('',#3075,#2852,#4752,.T.);
#4752 = LINE('',#4753,#4754);
#4753 = CARTESIAN_POINT('',(2.75,-0.52,0.15));
#4754 = VECTOR('',#4755,1.);
#4755 = DIRECTION('',(2.22044604925E-16,-1.,0.));
#4756 = ORIENTED_EDGE('',*,*,#2859,.T.);
#4757 = ORIENTED_EDGE('',*,*,#4734,.F.);
#4758 = ORIENTED_EDGE('',*,*,#3082,.F.);
#4759 = CYLINDRICAL_SURFACE('',#4760,0.1);
#4760 = AXIS2_PLACEMENT_3D('',#4761,#4762,#4763);
#4761 = CARTESIAN_POINT('',(2.75,-0.52,0.25));
#4762 = DIRECTION('',(-2.22044604925E-16,1.,0.));
#4763 = DIRECTION('',(0.,0.,-1.));
#4764 = ADVANCED_FACE('',(#4765),#4776,.F.);
#4765 = FACE_BOUND('',#4766,.F.);
#4766 = EDGE_LOOP('',(#4767,#4773,#4774,#4775));
#4767 = ORIENTED_EDGE('',*,*,#4768,.T.);
#4768 = EDGE_CURVE('',#3067,#2844,#4769,.T.);
#4769 = LINE('',#4770,#4771);
#4770 = CARTESIAN_POINT('',(3.2,-0.52,0.15));
#4771 = VECTOR('',#4772,1.);
#4772 = DIRECTION('',(2.22044604925E-16,-1.,0.));
#4773 = ORIENTED_EDGE('',*,*,#2851,.T.);
#4774 = ORIENTED_EDGE('',*,*,#4751,.F.);
#4775 = ORIENTED_EDGE('',*,*,#3074,.F.);
#4776 = PLANE('',#4777);
#4777 = AXIS2_PLACEMENT_3D('',#4778,#4779,#4780);
#4778 = CARTESIAN_POINT('',(3.2,-0.52,0.15));
#4779 = DIRECTION('',(0.,0.,-1.));
#4780 = DIRECTION('',(-1.,-2.22044604925E-16,-0.));
#4781 = ADVANCED_FACE('',(#4782),#4793,.F.);
#4782 = FACE_BOUND('',#4783,.F.);
#4783 = EDGE_LOOP('',(#4784,#4790,#4791,#4792));
#4784 = ORIENTED_EDGE('',*,*,#4785,.T.);
#4785 = EDGE_CURVE('',#3059,#2836,#4786,.T.);
#4786 = LINE('',#4787,#4788);
#4787 = CARTESIAN_POINT('',(3.2,-0.52,1.110223024625E-16));
#4788 = VECTOR('',#4789,1.);
#4789 = DIRECTION('',(2.22044604925E-16,-1.,0.));
#4790 = ORIENTED_EDGE('',*,*,#2843,.T.);
#4791 = ORIENTED_EDGE('',*,*,#4768,.F.);
#4792 = ORIENTED_EDGE('',*,*,#3066,.F.);
#4793 = PLANE('',#4794);
#4794 = AXIS2_PLACEMENT_3D('',#4795,#4796,#4797);
#4795 = CARTESIAN_POINT('',(3.2,-0.52,1.110223024625E-16));
#4796 = DIRECTION('',(-1.,-2.22044604925E-16,0.));
#4797 = DIRECTION('',(0.,0.,1.));
#4798 = ADVANCED_FACE('',(#4799),#4810,.F.);
#4799 = FACE_BOUND('',#4800,.F.);
#4800 = EDGE_LOOP('',(#4801,#4807,#4808,#4809));
#4801 = ORIENTED_EDGE('',*,*,#4802,.T.);
#4802 = EDGE_CURVE('',#3050,#2827,#4803,.T.);
#4803 = LINE('',#4804,#4805);
#4804 = CARTESIAN_POINT('',(2.75,-0.52,1.110223024625E-16));
#4805 = VECTOR('',#4806,1.);
#4806 = DIRECTION('',(2.22044604925E-16,-1.,0.));
#4807 = ORIENTED_EDGE('',*,*,#2835,.T.);
#4808 = ORIENTED_EDGE('',*,*,#4785,.F.);
#4809 = ORIENTED_EDGE('',*,*,#3058,.F.);
#4810 = PLANE('',#4811);
#4811 = AXIS2_PLACEMENT_3D('',#4812,#4813,#4814);
#4812 = CARTESIAN_POINT('',(2.75,-0.52,1.110223024625E-16));
#4813 = DIRECTION('',(0.,0.,1.));
#4814 = DIRECTION('',(1.,2.22044604925E-16,0.));
#4815 = ADVANCED_FACE('',(#4816),#4827,.T.);
#4816 = FACE_BOUND('',#4817,.T.);
#4817 = EDGE_LOOP('',(#4818,#4819,#4820,#4821));
#4818 = ORIENTED_EDGE('',*,*,#3049,.T.);
#4819 = ORIENTED_EDGE('',*,*,#4802,.T.);
#4820 = ORIENTED_EDGE('',*,*,#2826,.F.);
#4821 = ORIENTED_EDGE('',*,*,#4822,.F.);
#4822 = EDGE_CURVE('',#3042,#2819,#4823,.T.);
#4823 = LINE('',#4824,#4825);
#4824 = CARTESIAN_POINT('',(2.5,-0.52,0.25));
#4825 = VECTOR('',#4826,1.);
#4826 = DIRECTION('',(2.22044604925E-16,-1.,0.));
#4827 = CYLINDRICAL_SURFACE('',#4828,0.25);
#4828 = AXIS2_PLACEMENT_3D('',#4829,#4830,#4831);
#4829 = CARTESIAN_POINT('',(2.75,-0.52,0.25));
#4830 = DIRECTION('',(-2.22044604925E-16,1.,0.));
#4831 = DIRECTION('',(-1.,-2.22044604925E-16,-2.442490654175E-15));
#4832 = ADVANCED_FACE('',(#4833),#4839,.F.);
#4833 = FACE_BOUND('',#4834,.F.);
#4834 = EDGE_LOOP('',(#4835,#4836,#4837,#4838));
#4835 = ORIENTED_EDGE('',*,*,#3124,.T.);
#4836 = ORIENTED_EDGE('',*,*,#2818,.T.);
#4837 = ORIENTED_EDGE('',*,*,#4822,.F.);
#4838 = ORIENTED_EDGE('',*,*,#3041,.F.);
#4839 = PLANE('',#4840);
#4840 = AXIS2_PLACEMENT_3D('',#4841,#4842,#4843);
#4841 = CARTESIAN_POINT('',(2.5,-0.52,0.375));
#4842 = DIRECTION('',(1.,2.22044604925E-16,0.));
#4843 = DIRECTION('',(0.,0.,-1.));
#4844 = ADVANCED_FACE('',(#4845),#4856,.T.);
#4845 = FACE_BOUND('',#4846,.T.);
#4846 = EDGE_LOOP('',(#4847,#4848,#4849,#4850));
#4847 = ORIENTED_EDGE('',*,*,#3230,.T.);
#4848 = ORIENTED_EDGE('',*,*,#3620,.T.);
#4849 = ORIENTED_EDGE('',*,*,#3322,.F.);
#4850 = ORIENTED_EDGE('',*,*,#4851,.F.);
#4851 = EDGE_CURVE('',#3223,#3315,#4852,.T.);
#4852 = LINE('',#4853,#4854);
#4853 = CARTESIAN_POINT('',(2.65,0.13,0.375));
#4854 = VECTOR('',#4855,1.);
#4855 = DIRECTION('',(2.22044604925E-16,-1.,0.));
#4856 = CYLINDRICAL_SURFACE('',#4857,0.25);
#4857 = AXIS2_PLACEMENT_3D('',#4858,#4859,#4860);
#4858 = CARTESIAN_POINT('',(2.4,0.13,0.375));
#4859 = DIRECTION('',(-2.22044604925E-16,1.,0.));
#4860 = DIRECTION('',(1.,2.22044604925E-16,2.6645352591E-15));
#4861 = ADVANCED_FACE('',(#4862),#4873,.F.);
#4862 = FACE_BOUND('',#4863,.F.);
#4863 = EDGE_LOOP('',(#4864,#4870,#4871,#4872));
#4864 = ORIENTED_EDGE('',*,*,#4865,.T.);
#4865 = EDGE_CURVE('',#3214,#3306,#4866,.T.);
#4866 = LINE('',#4867,#4868);
#4867 = CARTESIAN_POINT('',(2.65,0.13,0.25));
#4868 = VECTOR('',#4869,1.);
#4869 = DIRECTION('',(2.22044604925E-16,-1.,0.));
#4870 = ORIENTED_EDGE('',*,*,#3314,.T.);
#4871 = ORIENTED_EDGE('',*,*,#4851,.F.);
#4872 = ORIENTED_EDGE('',*,*,#3222,.F.);
#4873 = PLANE('',#4874);
#4874 = AXIS2_PLACEMENT_3D('',#4875,#4876,#4877);
#4875 = CARTESIAN_POINT('',(2.65,0.13,0.25));
#4876 = DIRECTION('',(-1.,-2.22044604925E-16,0.));
#4877 = DIRECTION('',(0.,0.,1.));
#4878 = ADVANCED_FACE('',(#4879),#4890,.F.);
#4879 = FACE_BOUND('',#4880,.F.);
#4880 = EDGE_LOOP('',(#4881,#4887,#4888,#4889));
#4881 = ORIENTED_EDGE('',*,*,#4882,.T.);
#4882 = EDGE_CURVE('',#3206,#3298,#4883,.T.);
#4883 = LINE('',#4884,#4885);
#4884 = CARTESIAN_POINT('',(2.75,0.13,0.15));
#4885 = VECTOR('',#4886,1.);
#4886 = DIRECTION('',(2.22044604925E-16,-1.,0.));
#4887 = ORIENTED_EDGE('',*,*,#3305,.T.);
#4888 = ORIENTED_EDGE('',*,*,#4865,.F.);
#4889 = ORIENTED_EDGE('',*,*,#3213,.F.);
#4890 = CYLINDRICAL_SURFACE('',#4891,0.1);
#4891 = AXIS2_PLACEMENT_3D('',#4892,#4893,#4894);
#4892 = CARTESIAN_POINT('',(2.75,0.13,0.25));
#4893 = DIRECTION('',(-2.22044604925E-16,1.,0.));
#4894 = DIRECTION('',(0.,0.,-1.));
#4895 = ADVANCED_FACE('',(#4896),#4907,.F.);
#4896 = FACE_BOUND('',#4897,.F.);
#4897 = EDGE_LOOP('',(#4898,#4904,#4905,#4906));
#4898 = ORIENTED_EDGE('',*,*,#4899,.T.);
#4899 = EDGE_CURVE('',#3198,#3290,#4900,.T.);
#4900 = LINE('',#4901,#4902);
#4901 = CARTESIAN_POINT('',(3.2,0.13,0.15));
#4902 = VECTOR('',#4903,1.);
#4903 = DIRECTION('',(2.22044604925E-16,-1.,0.));
#4904 = ORIENTED_EDGE('',*,*,#3297,.T.);
#4905 = ORIENTED_EDGE('',*,*,#4882,.F.);
#4906 = ORIENTED_EDGE('',*,*,#3205,.F.);
#4907 = PLANE('',#4908);
#4908 = AXIS2_PLACEMENT_3D('',#4909,#4910,#4911);
#4909 = CARTESIAN_POINT('',(3.2,0.13,0.15));
#4910 = DIRECTION('',(0.,0.,-1.));
#4911 = DIRECTION('',(-1.,-2.22044604925E-16,-0.));
#4912 = ADVANCED_FACE('',(#4913),#4924,.F.);
#4913 = FACE_BOUND('',#4914,.F.);
#4914 = EDGE_LOOP('',(#4915,#4921,#4922,#4923));
#4915 = ORIENTED_EDGE('',*,*,#4916,.T.);
#4916 = EDGE_CURVE('',#3190,#3282,#4917,.T.);
#4917 = LINE('',#4918,#4919);
#4918 = CARTESIAN_POINT('',(3.2,0.13,1.110223024625E-16));
#4919 = VECTOR('',#4920,1.);
#4920 = DIRECTION('',(2.22044604925E-16,-1.,0.));
#4921 = ORIENTED_EDGE('',*,*,#3289,.T.);
#4922 = ORIENTED_EDGE('',*,*,#4899,.F.);
#4923 = ORIENTED_EDGE('',*,*,#3197,.F.);
#4924 = PLANE('',#4925);
#4925 = AXIS2_PLACEMENT_3D('',#4926,#4927,#4928);
#4926 = CARTESIAN_POINT('',(3.2,0.13,1.110223024625E-16));
#4927 = DIRECTION('',(-1.,-2.22044604925E-16,0.));
#4928 = DIRECTION('',(0.,0.,1.));
#4929 = ADVANCED_FACE('',(#4930),#4941,.F.);
#4930 = FACE_BOUND('',#4931,.F.);
#4931 = EDGE_LOOP('',(#4932,#4938,#4939,#4940));
#4932 = ORIENTED_EDGE('',*,*,#4933,.T.);
#4933 = EDGE_CURVE('',#3181,#3273,#4934,.T.);
#4934 = LINE('',#4935,#4936);
#4935 = CARTESIAN_POINT('',(2.75,0.13,1.110223024625E-16));
#4936 = VECTOR('',#4937,1.);
#4937 = DIRECTION('',(2.22044604925E-16,-1.,0.));
#4938 = ORIENTED_EDGE('',*,*,#3281,.T.);
#4939 = ORIENTED_EDGE('',*,*,#4916,.F.);
#4940 = ORIENTED_EDGE('',*,*,#3189,.F.);
#4941 = PLANE('',#4942);
#4942 = AXIS2_PLACEMENT_3D('',#4943,#4944,#4945);
#4943 = CARTESIAN_POINT('',(2.75,0.13,1.110223024625E-16));
#4944 = DIRECTION('',(0.,0.,1.));
#4945 = DIRECTION('',(1.,2.22044604925E-16,0.));
#4946 = ADVANCED_FACE('',(#4947),#4958,.T.);
#4947 = FACE_BOUND('',#4948,.T.);
#4948 = EDGE_LOOP('',(#4949,#4950,#4951,#4952));
#4949 = ORIENTED_EDGE('',*,*,#3180,.T.);
#4950 = ORIENTED_EDGE('',*,*,#4933,.T.);
#4951 = ORIENTED_EDGE('',*,*,#3272,.F.);
#4952 = ORIENTED_EDGE('',*,*,#4953,.F.);
#4953 = EDGE_CURVE('',#3173,#3265,#4954,.T.);
#4954 = LINE('',#4955,#4956);
#4955 = CARTESIAN_POINT('',(2.5,0.13,0.25));
#4956 = VECTOR('',#4957,1.);
#4957 = DIRECTION('',(2.22044604925E-16,-1.,0.));
#4958 = CYLINDRICAL_SURFACE('',#4959,0.25);
#4959 = AXIS2_PLACEMENT_3D('',#4960,#4961,#4962);
#4960 = CARTESIAN_POINT('',(2.75,0.13,0.25));
#4961 = DIRECTION('',(-2.22044604925E-16,1.,0.));
#4962 = DIRECTION('',(-1.,-2.22044604925E-16,-2.442490654175E-15));
#4963 = ADVANCED_FACE('',(#4964),#4970,.F.);
#4964 = FACE_BOUND('',#4965,.F.);
#4965 = EDGE_LOOP('',(#4966,#4967,#4968,#4969));
#4966 = ORIENTED_EDGE('',*,*,#3369,.T.);
#4967 = ORIENTED_EDGE('',*,*,#3264,.T.);
#4968 = ORIENTED_EDGE('',*,*,#4953,.F.);
#4969 = ORIENTED_EDGE('',*,*,#3172,.F.);
#4970 = PLANE('',#4971);
#4971 = AXIS2_PLACEMENT_3D('',#4972,#4973,#4974);
#4972 = CARTESIAN_POINT('',(2.5,0.13,0.375));
#4973 = DIRECTION('',(1.,2.22044604925E-16,0.));
#4974 = DIRECTION('',(0.,0.,-1.));
#4975 = ADVANCED_FACE('',(#4976),#4993,.F.);
#4976 = FACE_BOUND('',#4977,.F.);
#4977 = EDGE_LOOP('',(#4978,#4979,#4980,#4988));
#4978 = ORIENTED_EDGE('',*,*,#3409,.T.);
#4979 = ORIENTED_EDGE('',*,*,#3394,.T.);
#4980 = ORIENTED_EDGE('',*,*,#4981,.F.);
#4981 = EDGE_CURVE('',#4982,#3387,#4984,.T.);
#4982 = VERTEX_POINT('',#4983);
#4983 = CARTESIAN_POINT('',(-1.975,2.45,0.625));
#4984 = LINE('',#4985,#4986);
#4985 = CARTESIAN_POINT('',(-1.975,2.45,0.625));
#4986 = VECTOR('',#4987,1.);
#4987 = DIRECTION('',(1.,2.22044604925E-16,0.));
#4988 = ORIENTED_EDGE('',*,*,#4989,.F.);
#4989 = EDGE_CURVE('',#3410,#4982,#4990,.T.);
#4990 = B_SPLINE_CURVE_WITH_KNOTS('',1,(#4991,#4992),.UNSPECIFIED.,.F.,
  .F.,(2,2),(0.,1.),.PIECEWISE_BEZIER_KNOTS.);
#4991 = CARTESIAN_POINT('',(-2.,2.5,0.625));
#4992 = CARTESIAN_POINT('',(-1.975,2.45,0.625));
#4993 = B_SPLINE_SURFACE_WITH_KNOTS('',1,1,(
    (#4994,#4995)
    ,(#4996,#4997
    )),.UNSPECIFIED.,.F.,.F.,.F.,(2,2),(2,2),(0.,4.),(0.,1.),
  .PIECEWISE_BEZIER_KNOTS.);
#4994 = CARTESIAN_POINT('',(-2.,2.5,0.625));
#4995 = CARTESIAN_POINT('',(-1.975,2.45,0.625));
#4996 = CARTESIAN_POINT('',(2.,2.5,0.625));
#4997 = CARTESIAN_POINT('',(1.975,2.45,0.625));
#4998 = ADVANCED_FACE('',(#4999),#5009,.F.);
#4999 = FACE_BOUND('',#5000,.F.);
#5000 = EDGE_LOOP('',(#5001,#5002,#5003,#5004));
#5001 = ORIENTED_EDGE('',*,*,#4981,.T.);
#5002 = ORIENTED_EDGE('',*,*,#3440,.T.);
#5003 = ORIENTED_EDGE('',*,*,#3453,.F.);
#5004 = ORIENTED_EDGE('',*,*,#5005,.F.);
#5005 = EDGE_CURVE('',#4982,#3454,#5006,.T.);
#5006 = B_SPLINE_CURVE_WITH_KNOTS('',1,(#5007,#5008),.UNSPECIFIED.,.F.,
  .F.,(2,2),(0.,1.),.PIECEWISE_BEZIER_KNOTS.);
#5007 = CARTESIAN_POINT('',(-1.975,2.45,0.625));
#5008 = CARTESIAN_POINT('',(-1.935145644687,2.370291289374,1.));
#5009 = B_SPLINE_SURFACE_WITH_KNOTS('',1,1,(
    (#5010,#5011)
    ,(#5012,#5013
    )),.UNSPECIFIED.,.F.,.F.,.F.,(2,2),(2,2),(0.,3.95),(0.,1.),
  .PIECEWISE_BEZIER_KNOTS.);
#5010 = CARTESIAN_POINT('',(-1.975,2.45,0.625));
#5011 = CARTESIAN_POINT('',(-1.935145644687,2.370291289374,1.));
#5012 = CARTESIAN_POINT('',(1.975,2.45,0.625));
#5013 = CARTESIAN_POINT('',(1.935145644687,2.370291289374,1.));
#5014 = ADVANCED_FACE('',(#5015),#5032,.F.);
#5015 = FACE_BOUND('',#5016,.F.);
#5016 = EDGE_LOOP('',(#5017,#5025,#5026,#5027));
#5017 = ORIENTED_EDGE('',*,*,#5018,.T.);
#5018 = EDGE_CURVE('',#5019,#4982,#5021,.T.);
#5019 = VERTEX_POINT('',#5020);
#5020 = CARTESIAN_POINT('',(-2.15,2.275,0.625));
#5021 = LINE('',#5022,#5023);
#5022 = CARTESIAN_POINT('',(-2.15,2.275,0.625));
#5023 = VECTOR('',#5024,1.);
#5024 = DIRECTION('',(0.707106781187,0.707106781187,0.));
#5025 = ORIENTED_EDGE('',*,*,#5005,.T.);
#5026 = ORIENTED_EDGE('',*,*,#3461,.F.);
#5027 = ORIENTED_EDGE('',*,*,#5028,.F.);
#5028 = EDGE_CURVE('',#5019,#3462,#5029,.T.);
#5029 = B_SPLINE_CURVE_WITH_KNOTS('',1,(#5030,#5031),.UNSPECIFIED.,.F.,
  .F.,(2,2),(0.,1.),.PIECEWISE_BEZIER_KNOTS.);
#5030 = CARTESIAN_POINT('',(-2.15,2.275,0.625));
#5031 = CARTESIAN_POINT('',(-2.070291289374,2.235145644687,1.));
#5032 = B_SPLINE_SURFACE_WITH_KNOTS('',1,1,(
    (#5033,#5034)
    ,(#5035,#5036
    )),.UNSPECIFIED.,.F.,.F.,.F.,(2,2),(2,2),(0.,0.247487373415),(0.,1.)
  ,.PIECEWISE_BEZIER_KNOTS.);
#5033 = CARTESIAN_POINT('',(-2.15,2.275,0.625));
#5034 = CARTESIAN_POINT('',(-2.070291289374,2.235145644687,1.));
#5035 = CARTESIAN_POINT('',(-1.975,2.45,0.625));
#5036 = CARTESIAN_POINT('',(-1.935145644687,2.370291289374,1.));
#5037 = ADVANCED_FACE('',(#5038),#5167,.F.);
#5038 = FACE_BOUND('',#5039,.F.);
#5039 = EDGE_LOOP('',(#5040,#5050,#5058,#5066,#5074,#5082,#5090,#5098,
    #5106,#5114,#5122,#5130,#5138,#5146,#5154,#5160,#5161,#5162));
#5040 = ORIENTED_EDGE('',*,*,#5041,.T.);
#5041 = EDGE_CURVE('',#5042,#5044,#5046,.T.);
#5042 = VERTEX_POINT('',#5043);
#5043 = CARTESIAN_POINT('',(-2.15,-2.275,0.625));
#5044 = VERTEX_POINT('',#5045);
#5045 = CARTESIAN_POINT('',(-2.15,-2.08,0.625));
#5046 = LINE('',#5047,#5048);
#5047 = CARTESIAN_POINT('',(-2.15,-2.275,0.625));
#5048 = VECTOR('',#5049,1.);
#5049 = DIRECTION('',(-2.22044604925E-16,1.,0.));
#5050 = ORIENTED_EDGE('',*,*,#5051,.T.);
#5051 = EDGE_CURVE('',#5044,#5052,#5054,.T.);
#5052 = VERTEX_POINT('',#5053);
#5053 = CARTESIAN_POINT('',(-2.15,-1.82,0.625));
#5054 = LINE('',#5055,#5056);
#5055 = CARTESIAN_POINT('',(-2.15,-2.275,0.625));
#5056 = VECTOR('',#5057,1.);
#5057 = DIRECTION('',(-2.22044604925E-16,1.,0.));
#5058 = ORIENTED_EDGE('',*,*,#5059,.T.);
#5059 = EDGE_CURVE('',#5052,#5060,#5062,.T.);
#5060 = VERTEX_POINT('',#5061);
#5061 = CARTESIAN_POINT('',(-2.15,-1.43,0.625));
#5062 = LINE('',#5063,#5064);
#5063 = CARTESIAN_POINT('',(-2.15,-2.275,0.625));
#5064 = VECTOR('',#5065,1.);
#5065 = DIRECTION('',(-2.22044604925E-16,1.,0.));
#5066 = ORIENTED_EDGE('',*,*,#5067,.T.);
#5067 = EDGE_CURVE('',#5060,#5068,#5070,.T.);
#5068 = VERTEX_POINT('',#5069);
#5069 = CARTESIAN_POINT('',(-2.15,-1.17,0.625));
#5070 = LINE('',#5071,#5072);
#5071 = CARTESIAN_POINT('',(-2.15,-2.275,0.625));
#5072 = VECTOR('',#5073,1.);
#5073 = DIRECTION('',(-2.22044604925E-16,1.,0.));
#5074 = ORIENTED_EDGE('',*,*,#5075,.T.);
#5075 = EDGE_CURVE('',#5068,#5076,#5078,.T.);
#5076 = VERTEX_POINT('',#5077);
#5077 = CARTESIAN_POINT('',(-2.15,-0.78,0.625));
#5078 = LINE('',#5079,#5080);
#5079 = CARTESIAN_POINT('',(-2.15,-2.275,0.625));
#5080 = VECTOR('',#5081,1.);
#5081 = DIRECTION('',(-2.22044604925E-16,1.,0.));
#5082 = ORIENTED_EDGE('',*,*,#5083,.T.);
#5083 = EDGE_CURVE('',#5076,#5084,#5086,.T.);
#5084 = VERTEX_POINT('',#5085);
#5085 = CARTESIAN_POINT('',(-2.15,-0.52,0.625));
#5086 = LINE('',#5087,#5088);
#5087 = CARTESIAN_POINT('',(-2.15,-2.275,0.625));
#5088 = VECTOR('',#5089,1.);
#5089 = DIRECTION('',(-2.22044604925E-16,1.,0.));
#5090 = ORIENTED_EDGE('',*,*,#5091,.T.);
#5091 = EDGE_CURVE('',#5084,#5092,#5094,.T.);
#5092 = VERTEX_POINT('',#5093);
#5093 = CARTESIAN_POINT('',(-2.15,-0.13,0.625));
#5094 = LINE('',#5095,#5096);
#5095 = CARTESIAN_POINT('',(-2.15,-2.275,0.625));
#5096 = VECTOR('',#5097,1.);
#5097 = DIRECTION('',(-2.22044604925E-16,1.,0.));
#5098 = ORIENTED_EDGE('',*,*,#5099,.T.);
#5099 = EDGE_CURVE('',#5092,#5100,#5102,.T.);
#5100 = VERTEX_POINT('',#5101);
#5101 = CARTESIAN_POINT('',(-2.15,0.13,0.625));
#5102 = LINE('',#5103,#5104);
#5103 = CARTESIAN_POINT('',(-2.15,-2.275,0.625));
#5104 = VECTOR('',#5105,1.);
#5105 = DIRECTION('',(-2.22044604925E-16,1.,0.));
#5106 = ORIENTED_EDGE('',*,*,#5107,.T.);
#5107 = EDGE_CURVE('',#5100,#5108,#5110,.T.);
#5108 = VERTEX_POINT('',#5109);
#5109 = CARTESIAN_POINT('',(-2.15,0.52,0.625));
#5110 = LINE('',#5111,#5112);
#5111 = CARTESIAN_POINT('',(-2.15,-2.275,0.625));
#5112 = VECTOR('',#5113,1.);
#5113 = DIRECTION('',(-2.22044604925E-16,1.,0.));
#5114 = ORIENTED_EDGE('',*,*,#5115,.T.);
#5115 = EDGE_CURVE('',#5108,#5116,#5118,.T.);
#5116 = VERTEX_POINT('',#5117);
#5117 = CARTESIAN_POINT('',(-2.15,0.78,0.625));
#5118 = LINE('',#5119,#5120);
#5119 = CARTESIAN_POINT('',(-2.15,-2.275,0.625));
#5120 = VECTOR('',#5121,1.);
#5121 = DIRECTION('',(-2.22044604925E-16,1.,0.));
#5122 = ORIENTED_EDGE('',*,*,#5123,.T.);
#5123 = EDGE_CURVE('',#5116,#5124,#5126,.T.);
#5124 = VERTEX_POINT('',#5125);
#5125 = CARTESIAN_POINT('',(-2.15,1.17,0.625));
#5126 = LINE('',#5127,#5128);
#5127 = CARTESIAN_POINT('',(-2.15,-2.275,0.625));
#5128 = VECTOR('',#5129,1.);
#5129 = DIRECTION('',(-2.22044604925E-16,1.,0.));
#5130 = ORIENTED_EDGE('',*,*,#5131,.T.);
#5131 = EDGE_CURVE('',#5124,#5132,#5134,.T.);
#5132 = VERTEX_POINT('',#5133);
#5133 = CARTESIAN_POINT('',(-2.15,1.43,0.625));
#5134 = LINE('',#5135,#5136);
#5135 = CARTESIAN_POINT('',(-2.15,-2.275,0.625));
#5136 = VECTOR('',#5137,1.);
#5137 = DIRECTION('',(-2.22044604925E-16,1.,0.));
#5138 = ORIENTED_EDGE('',*,*,#5139,.T.);
#5139 = EDGE_CURVE('',#5132,#5140,#5142,.T.);
#5140 = VERTEX_POINT('',#5141);
#5141 = CARTESIAN_POINT('',(-2.15,1.82,0.625));
#5142 = LINE('',#5143,#5144);
#5143 = CARTESIAN_POINT('',(-2.15,-2.275,0.625));
#5144 = VECTOR('',#5145,1.);
#5145 = DIRECTION('',(-2.22044604925E-16,1.,0.));
#5146 = ORIENTED_EDGE('',*,*,#5147,.T.);
#5147 = EDGE_CURVE('',#5140,#5148,#5150,.T.);
#5148 = VERTEX_POINT('',#5149);
#5149 = CARTESIAN_POINT('',(-2.15,2.08,0.625));
#5150 = LINE('',#5151,#5152);
#5151 = CARTESIAN_POINT('',(-2.15,-2.275,0.625));
#5152 = VECTOR('',#5153,1.);
#5153 = DIRECTION('',(-2.22044604925E-16,1.,0.));
#5154 = ORIENTED_EDGE('',*,*,#5155,.T.);
#5155 = EDGE_CURVE('',#5148,#5019,#5156,.T.);
#5156 = LINE('',#5157,#5158);
#5157 = CARTESIAN_POINT('',(-2.15,-2.275,0.625));
#5158 = VECTOR('',#5159,1.);
#5159 = DIRECTION('',(-2.22044604925E-16,1.,0.));
#5160 = ORIENTED_EDGE('',*,*,#5028,.T.);
#5161 = ORIENTED_EDGE('',*,*,#3469,.F.);
#5162 = ORIENTED_EDGE('',*,*,#5163,.F.);
#5163 = EDGE_CURVE('',#5042,#3470,#5164,.T.);
#5164 = B_SPLINE_CURVE_WITH_KNOTS('',1,(#5165,#5166),.UNSPECIFIED.,.F.,
  .F.,(2,2),(0.,1.),.PIECEWISE_BEZIER_KNOTS.);
#5165 = CARTESIAN_POINT('',(-2.15,-2.275,0.625));
#5166 = CARTESIAN_POINT('',(-2.070291289374,-2.235145644687,1.));
#5167 = B_SPLINE_SURFACE_WITH_KNOTS('',1,1,(
    (#5168,#5169)
    ,(#5170,#5171
    )),.UNSPECIFIED.,.F.,.F.,.F.,(2,2),(2,2),(0.,4.55),(0.,1.),
  .PIECEWISE_BEZIER_KNOTS.);
#5168 = CARTESIAN_POINT('',(-2.15,-2.275,0.625));
#5169 = CARTESIAN_POINT('',(-2.070291289374,-2.235145644687,1.));
#5170 = CARTESIAN_POINT('',(-2.15,2.275,0.625));
#5171 = CARTESIAN_POINT('',(-2.070291289374,2.235145644687,1.));
#5172 = ADVANCED_FACE('',(#5173),#5190,.F.);
#5173 = FACE_BOUND('',#5174,.F.);
#5174 = EDGE_LOOP('',(#5175,#5183,#5184,#5185));
#5175 = ORIENTED_EDGE('',*,*,#5176,.T.);
#5176 = EDGE_CURVE('',#5177,#5042,#5179,.T.);
#5177 = VERTEX_POINT('',#5178);
#5178 = CARTESIAN_POINT('',(-1.975,-2.45,0.625));
#5179 = LINE('',#5180,#5181);
#5180 = CARTESIAN_POINT('',(-1.975,-2.45,0.625));
#5181 = VECTOR('',#5182,1.);
#5182 = DIRECTION('',(-0.707106781187,0.707106781187,0.));
#5183 = ORIENTED_EDGE('',*,*,#5163,.T.);
#5184 = ORIENTED_EDGE('',*,*,#3477,.F.);
#5185 = ORIENTED_EDGE('',*,*,#5186,.F.);
#5186 = EDGE_CURVE('',#5177,#3478,#5187,.T.);
#5187 = B_SPLINE_CURVE_WITH_KNOTS('',1,(#5188,#5189),.UNSPECIFIED.,.F.,
  .F.,(2,2),(0.,1.),.PIECEWISE_BEZIER_KNOTS.);
#5188 = CARTESIAN_POINT('',(-1.975,-2.45,0.625));
#5189 = CARTESIAN_POINT('',(-1.935145644687,-2.370291289374,1.));
#5190 = B_SPLINE_SURFACE_WITH_KNOTS('',1,1,(
    (#5191,#5192)
    ,(#5193,#5194
    )),.UNSPECIFIED.,.F.,.F.,.F.,(2,2),(2,2),(0.,0.247487373415),(0.,1.)
  ,.PIECEWISE_BEZIER_KNOTS.);
#5191 = CARTESIAN_POINT('',(-1.975,-2.45,0.625));
#5192 = CARTESIAN_POINT('',(-1.935145644687,-2.370291289374,1.));
#5193 = CARTESIAN_POINT('',(-2.15,-2.275,0.625));
#5194 = CARTESIAN_POINT('',(-2.070291289374,-2.235145644687,1.));
#5195 = ADVANCED_FACE('',(#5196),#5207,.F.);
#5196 = FACE_BOUND('',#5197,.F.);
#5197 = EDGE_LOOP('',(#5198,#5204,#5205,#5206));
#5198 = ORIENTED_EDGE('',*,*,#5199,.T.);
#5199 = EDGE_CURVE('',#3521,#5177,#5200,.T.);
#5200 = LINE('',#5201,#5202);
#5201 = CARTESIAN_POINT('',(1.975,-2.45,0.625));
#5202 = VECTOR('',#5203,1.);
#5203 = DIRECTION('',(-1.,-2.22044604925E-16,0.));
#5204 = ORIENTED_EDGE('',*,*,#5186,.T.);
#5205 = ORIENTED_EDGE('',*,*,#3485,.F.);
#5206 = ORIENTED_EDGE('',*,*,#3528,.F.);
#5207 = B_SPLINE_SURFACE_WITH_KNOTS('',1,1,(
    (#5208,#5209)
    ,(#5210,#5211
    )),.UNSPECIFIED.,.F.,.F.,.F.,(2,2),(2,2),(0.,3.95),(0.,1.),
  .PIECEWISE_BEZIER_KNOTS.);
#5208 = CARTESIAN_POINT('',(1.975,-2.45,0.625));
#5209 = CARTESIAN_POINT('',(1.935145644687,-2.370291289374,1.));
#5210 = CARTESIAN_POINT('',(-1.975,-2.45,0.625));
#5211 = CARTESIAN_POINT('',(-1.935145644687,-2.370291289374,1.));
#5212 = ADVANCED_FACE('',(#5213),#5232,.F.);
#5213 = FACE_BOUND('',#5214,.F.);
#5214 = EDGE_LOOP('',(#5215,#5224,#5230,#5231));
#5215 = ORIENTED_EDGE('',*,*,#5216,.T.);
#5216 = EDGE_CURVE('',#5217,#5217,#5219,.T.);
#5217 = VERTEX_POINT('',#5218);
#5218 = CARTESIAN_POINT('',(-1.370291289374,1.420291289374,0.9));
#5219 = CIRCLE('',#5220,0.25);
#5220 = AXIS2_PLACEMENT_3D('',#5221,#5222,#5223);
#5221 = CARTESIAN_POINT('',(-1.370291289374,1.670291289374,0.9));
#5222 = DIRECTION('',(-0.,0.,1.));
#5223 = DIRECTION('',(2.22044604925E-16,-1.,0.));
#5224 = ORIENTED_EDGE('',*,*,#5225,.F.);
#5225 = EDGE_CURVE('',#3504,#5217,#5226,.T.);
#5226 = LINE('',#5227,#5228);
#5227 = CARTESIAN_POINT('',(-1.370291289374,1.420291289374,1.));
#5228 = VECTOR('',#5229,1.);
#5229 = DIRECTION('',(0.,0.,-1.));
#5230 = ORIENTED_EDGE('',*,*,#3503,.F.);
#5231 = ORIENTED_EDGE('',*,*,#5225,.T.);
#5232 = CYLINDRICAL_SURFACE('',#5233,0.25);
#5233 = AXIS2_PLACEMENT_3D('',#5234,#5235,#5236);
#5234 = CARTESIAN_POINT('',(-1.370291289374,1.670291289374,1.));
#5235 = DIRECTION('',(0.,0.,-1.));
#5236 = DIRECTION('',(2.22044604925E-16,-1.,0.));
#5237 = ADVANCED_FACE('',(#5238),#5248,.F.);
#5238 = FACE_BOUND('',#5239,.F.);
#5239 = EDGE_LOOP('',(#5240,#5241,#5246,#5247));
#5240 = ORIENTED_EDGE('',*,*,#3796,.T.);
#5241 = ORIENTED_EDGE('',*,*,#5242,.T.);
#5242 = EDGE_CURVE('',#3790,#5177,#5243,.T.);
#5243 = B_SPLINE_CURVE_WITH_KNOTS('',1,(#5244,#5245),.UNSPECIFIED.,.F.,
  .F.,(2,2),(0.,1.),.PIECEWISE_BEZIER_KNOTS.);
#5244 = CARTESIAN_POINT('',(-2.,-2.5,0.625));
#5245 = CARTESIAN_POINT('',(-1.975,-2.45,0.625));
#5246 = ORIENTED_EDGE('',*,*,#5199,.F.);
#5247 = ORIENTED_EDGE('',*,*,#4309,.F.);
#5248 = B_SPLINE_SURFACE_WITH_KNOTS('',1,1,(
    (#5249,#5250)
    ,(#5251,#5252
    )),.UNSPECIFIED.,.F.,.F.,.F.,(2,2),(2,2),(0.,4.),(0.,1.),
  .PIECEWISE_BEZIER_KNOTS.);
#5249 = CARTESIAN_POINT('',(2.,-2.5,0.625));
#5250 = CARTESIAN_POINT('',(1.975,-2.45,0.625));
#5251 = CARTESIAN_POINT('',(-2.,-2.5,0.625));
#5252 = CARTESIAN_POINT('',(-1.975,-2.45,0.625));
#5253 = ADVANCED_FACE('',(#5254),#5264,.F.);
#5254 = FACE_BOUND('',#5255,.F.);
#5255 = EDGE_LOOP('',(#5256,#5257,#5262,#5263));
#5256 = ORIENTED_EDGE('',*,*,#3819,.T.);
#5257 = ORIENTED_EDGE('',*,*,#5258,.T.);
#5258 = EDGE_CURVE('',#3813,#5042,#5259,.T.);
#5259 = B_SPLINE_CURVE_WITH_KNOTS('',1,(#5260,#5261),.UNSPECIFIED.,.F.,
  .F.,(2,2),(0.,1.),.PIECEWISE_BEZIER_KNOTS.);
#5260 = CARTESIAN_POINT('',(-2.2,-2.3,0.625));
#5261 = CARTESIAN_POINT('',(-2.15,-2.275,0.625));
#5262 = ORIENTED_EDGE('',*,*,#5176,.F.);
#5263 = ORIENTED_EDGE('',*,*,#5242,.F.);
#5264 = B_SPLINE_SURFACE_WITH_KNOTS('',1,1,(
    (#5265,#5266)
    ,(#5267,#5268
    )),.UNSPECIFIED.,.F.,.F.,.F.,(2,2),(2,2),(0.,0.282842712475),(0.,1.)
  ,.PIECEWISE_BEZIER_KNOTS.);
#5265 = CARTESIAN_POINT('',(-2.,-2.5,0.625));
#5266 = CARTESIAN_POINT('',(-1.975,-2.45,0.625));
#5267 = CARTESIAN_POINT('',(-2.2,-2.3,0.625));
#5268 = CARTESIAN_POINT('',(-2.15,-2.275,0.625));
#5269 = ADVANCED_FACE('',(#5270),#5281,.F.);
#5270 = FACE_BOUND('',#5271,.F.);
#5271 = EDGE_LOOP('',(#5272,#5273,#5274,#5280));
#5272 = ORIENTED_EDGE('',*,*,#5258,.F.);
#5273 = ORIENTED_EDGE('',*,*,#3844,.T.);
#5274 = ORIENTED_EDGE('',*,*,#5275,.T.);
#5275 = EDGE_CURVE('',#3837,#5044,#5276,.T.);
#5276 = LINE('',#5277,#5278);
#5277 = CARTESIAN_POINT('',(-2.4,-2.08,0.625));
#5278 = VECTOR('',#5279,1.);
#5279 = DIRECTION('',(1.,9.95799250103E-17,0.));
#5280 = ORIENTED_EDGE('',*,*,#5041,.F.);
#5281 = B_SPLINE_SURFACE_WITH_KNOTS('',1,1,(
    (#5282,#5283)
    ,(#5284,#5285
    )),.UNSPECIFIED.,.F.,.F.,.F.,(2,2),(2,2),(0.,4.6),(0.,1.),
  .PIECEWISE_BEZIER_KNOTS.);
#5282 = CARTESIAN_POINT('',(-2.2,-2.3,0.625));
#5283 = CARTESIAN_POINT('',(-2.15,-2.275,0.625));
#5284 = CARTESIAN_POINT('',(-2.2,2.3,0.625));
#5285 = CARTESIAN_POINT('',(-2.15,2.275,0.625));
#5286 = ADVANCED_FACE('',(#5287),#5373,.F.);
#5287 = FACE_BOUND('',#5288,.F.);
#5288 = EDGE_LOOP('',(#5289,#5290,#5291,#5300,#5308,#5317,#5325,#5333,
    #5341,#5350,#5358,#5367));
#5289 = ORIENTED_EDGE('',*,*,#3836,.F.);
#5290 = ORIENTED_EDGE('',*,*,#3888,.T.);
#5291 = ORIENTED_EDGE('',*,*,#5292,.T.);
#5292 = EDGE_CURVE('',#3889,#5293,#5295,.T.);
#5293 = VERTEX_POINT('',#5294);
#5294 = CARTESIAN_POINT('',(-2.5,-2.08,0.375));
#5295 = CIRCLE('',#5296,0.1);
#5296 = AXIS2_PLACEMENT_3D('',#5297,#5298,#5299);
#5297 = CARTESIAN_POINT('',(-2.4,-2.08,0.375));
#5298 = DIRECTION('',(9.95799250103E-17,-1.,0.));
#5299 = DIRECTION('',(0.,0.,1.));
#5300 = ORIENTED_EDGE('',*,*,#5301,.T.);
#5301 = EDGE_CURVE('',#5293,#5302,#5304,.T.);
#5302 = VERTEX_POINT('',#5303);
#5303 = CARTESIAN_POINT('',(-2.5,-2.08,0.25));
#5304 = LINE('',#5305,#5306);
#5305 = CARTESIAN_POINT('',(-2.5,-2.08,0.375));
#5306 = VECTOR('',#5307,1.);
#5307 = DIRECTION('',(0.,0.,-1.));
#5308 = ORIENTED_EDGE('',*,*,#5309,.T.);
#5309 = EDGE_CURVE('',#5302,#5310,#5312,.T.);
#5310 = VERTEX_POINT('',#5311);
#5311 = CARTESIAN_POINT('',(-2.75,-2.08,1.110223024625E-16));
#5312 = CIRCLE('',#5313,0.25);
#5313 = AXIS2_PLACEMENT_3D('',#5314,#5315,#5316);
#5314 = CARTESIAN_POINT('',(-2.75,-2.08,0.25));
#5315 = DIRECTION('',(-9.95799250103E-17,1.,0.));
#5316 = DIRECTION('',(1.,9.95799250103E-17,-2.442490654175E-15));
#5317 = ORIENTED_EDGE('',*,*,#5318,.T.);
#5318 = EDGE_CURVE('',#5310,#5319,#5321,.T.);
#5319 = VERTEX_POINT('',#5320);
#5320 = CARTESIAN_POINT('',(-3.2,-2.08,1.110223024625E-16));
#5321 = LINE('',#5322,#5323);
#5322 = CARTESIAN_POINT('',(-2.75,-2.08,1.110223024625E-16));
#5323 = VECTOR('',#5324,1.);
#5324 = DIRECTION('',(-1.,-9.95799250103E-17,0.));
#5325 = ORIENTED_EDGE('',*,*,#5326,.T.);
#5326 = EDGE_CURVE('',#5319,#5327,#5329,.T.);
#5327 = VERTEX_POINT('',#5328);
#5328 = CARTESIAN_POINT('',(-3.2,-2.08,0.15));
#5329 = LINE('',#5330,#5331);
#5330 = CARTESIAN_POINT('',(-3.2,-2.08,1.110223024625E-16));
#5331 = VECTOR('',#5332,1.);
#5332 = DIRECTION('',(0.,0.,1.));
#5333 = ORIENTED_EDGE('',*,*,#5334,.T.);
#5334 = EDGE_CURVE('',#5327,#5335,#5337,.T.);
#5335 = VERTEX_POINT('',#5336);
#5336 = CARTESIAN_POINT('',(-2.75,-2.08,0.15));
#5337 = LINE('',#5338,#5339);
#5338 = CARTESIAN_POINT('',(-3.2,-2.08,0.15));
#5339 = VECTOR('',#5340,1.);
#5340 = DIRECTION('',(1.,9.95799250103E-17,0.));
#5341 = ORIENTED_EDGE('',*,*,#5342,.T.);
#5342 = EDGE_CURVE('',#5335,#5343,#5345,.T.);
#5343 = VERTEX_POINT('',#5344);
#5344 = CARTESIAN_POINT('',(-2.65,-2.08,0.25));
#5345 = CIRCLE('',#5346,0.1);
#5346 = AXIS2_PLACEMENT_3D('',#5347,#5348,#5349);
#5347 = CARTESIAN_POINT('',(-2.75,-2.08,0.25));
#5348 = DIRECTION('',(9.95799250103E-17,-1.,0.));
#5349 = DIRECTION('',(0.,0.,-1.));
#5350 = ORIENTED_EDGE('',*,*,#5351,.T.);
#5351 = EDGE_CURVE('',#5343,#5352,#5354,.T.);
#5352 = VERTEX_POINT('',#5353);
#5353 = CARTESIAN_POINT('',(-2.65,-2.08,0.375));
#5354 = LINE('',#5355,#5356);
#5355 = CARTESIAN_POINT('',(-2.65,-2.08,0.25));
#5356 = VECTOR('',#5357,1.);
#5357 = DIRECTION('',(0.,0.,1.));
#5358 = ORIENTED_EDGE('',*,*,#5359,.T.);
#5359 = EDGE_CURVE('',#5352,#5360,#5362,.T.);
#5360 = VERTEX_POINT('',#5361);
#5361 = CARTESIAN_POINT('',(-2.4,-2.08,0.625));
#5362 = CIRCLE('',#5363,0.25);
#5363 = AXIS2_PLACEMENT_3D('',#5364,#5365,#5366);
#5364 = CARTESIAN_POINT('',(-2.4,-2.08,0.375));
#5365 = DIRECTION('',(-9.95799250103E-17,1.,0.));
#5366 = DIRECTION('',(-1.,-9.95799250103E-17,2.6645352591E-15));
#5367 = ORIENTED_EDGE('',*,*,#5368,.T.);
#5368 = EDGE_CURVE('',#5360,#3837,#5369,.T.);
#5369 = LINE('',#5370,#5371);
#5370 = CARTESIAN_POINT('',(-2.4,-2.08,0.625));
#5371 = VECTOR('',#5372,1.);
#5372 = DIRECTION('',(1.,9.95799250103E-17,0.));
#5373 = PLANE('',#5374);
#5374 = AXIS2_PLACEMENT_3D('',#5375,#5376,#5377);
#5375 = CARTESIAN_POINT('',(-2.634769719427,-2.08,0.289787506618));
#5376 = DIRECTION('',(-9.95799250103E-17,1.,0.));
#5377 = DIRECTION('',(0.,0.,1.));
#5378 = ADVANCED_FACE('',(#5379),#5465,.T.);
#5379 = FACE_BOUND('',#5380,.T.);
#5380 = EDGE_LOOP('',(#5381,#5382,#5383,#5392,#5400,#5409,#5417,#5425,
    #5433,#5442,#5450,#5459));
#5381 = ORIENTED_EDGE('',*,*,#3858,.F.);
#5382 = ORIENTED_EDGE('',*,*,#3928,.T.);
#5383 = ORIENTED_EDGE('',*,*,#5384,.T.);
#5384 = EDGE_CURVE('',#3929,#5385,#5387,.T.);
#5385 = VERTEX_POINT('',#5386);
#5386 = CARTESIAN_POINT('',(-2.5,2.08,0.375));
#5387 = CIRCLE('',#5388,0.1);
#5388 = AXIS2_PLACEMENT_3D('',#5389,#5390,#5391);
#5389 = CARTESIAN_POINT('',(-2.4,2.08,0.375));
#5390 = DIRECTION('',(9.95799250103E-17,-1.,0.));
#5391 = DIRECTION('',(0.,0.,1.));
#5392 = ORIENTED_EDGE('',*,*,#5393,.T.);
#5393 = EDGE_CURVE('',#5385,#5394,#5396,.T.);
#5394 = VERTEX_POINT('',#5395);
#5395 = CARTESIAN_POINT('',(-2.5,2.08,0.25));
#5396 = LINE('',#5397,#5398);
#5397 = CARTESIAN_POINT('',(-2.5,2.08,0.375));
#5398 = VECTOR('',#5399,1.);
#5399 = DIRECTION('',(0.,0.,-1.));
#5400 = ORIENTED_EDGE('',*,*,#5401,.T.);
#5401 = EDGE_CURVE('',#5394,#5402,#5404,.T.);
#5402 = VERTEX_POINT('',#5403);
#5403 = CARTESIAN_POINT('',(-2.75,2.08,1.110223024625E-16));
#5404 = CIRCLE('',#5405,0.25);
#5405 = AXIS2_PLACEMENT_3D('',#5406,#5407,#5408);
#5406 = CARTESIAN_POINT('',(-2.75,2.08,0.25));
#5407 = DIRECTION('',(-9.95799250103E-17,1.,0.));
#5408 = DIRECTION('',(1.,9.95799250103E-17,-2.442490654175E-15));
#5409 = ORIENTED_EDGE('',*,*,#5410,.T.);
#5410 = EDGE_CURVE('',#5402,#5411,#5413,.T.);
#5411 = VERTEX_POINT('',#5412);
#5412 = CARTESIAN_POINT('',(-3.2,2.08,1.110223024625E-16));
#5413 = LINE('',#5414,#5415);
#5414 = CARTESIAN_POINT('',(-2.75,2.08,1.110223024625E-16));
#5415 = VECTOR('',#5416,1.);
#5416 = DIRECTION('',(-1.,-9.95799250103E-17,0.));
#5417 = ORIENTED_EDGE('',*,*,#5418,.T.);
#5418 = EDGE_CURVE('',#5411,#5419,#5421,.T.);
#5419 = VERTEX_POINT('',#5420);
#5420 = CARTESIAN_POINT('',(-3.2,2.08,0.15));
#5421 = LINE('',#5422,#5423);
#5422 = CARTESIAN_POINT('',(-3.2,2.08,1.110223024625E-16));
#5423 = VECTOR('',#5424,1.);
#5424 = DIRECTION('',(0.,0.,1.));
#5425 = ORIENTED_EDGE('',*,*,#5426,.T.);
#5426 = EDGE_CURVE('',#5419,#5427,#5429,.T.);
#5427 = VERTEX_POINT('',#5428);
#5428 = CARTESIAN_POINT('',(-2.75,2.08,0.15));
#5429 = LINE('',#5430,#5431);
#5430 = CARTESIAN_POINT('',(-3.2,2.08,0.15));
#5431 = VECTOR('',#5432,1.);
#5432 = DIRECTION('',(1.,9.95799250103E-17,0.));
#5433 = ORIENTED_EDGE('',*,*,#5434,.T.);
#5434 = EDGE_CURVE('',#5427,#5435,#5437,.T.);
#5435 = VERTEX_POINT('',#5436);
#5436 = CARTESIAN_POINT('',(-2.65,2.08,0.25));
#5437 = CIRCLE('',#5438,0.1);
#5438 = AXIS2_PLACEMENT_3D('',#5439,#5440,#5441);
#5439 = CARTESIAN_POINT('',(-2.75,2.08,0.25));
#5440 = DIRECTION('',(9.95799250103E-17,-1.,0.));
#5441 = DIRECTION('',(0.,0.,-1.));
#5442 = ORIENTED_EDGE('',*,*,#5443,.T.);
#5443 = EDGE_CURVE('',#5435,#5444,#5446,.T.);
#5444 = VERTEX_POINT('',#5445);
#5445 = CARTESIAN_POINT('',(-2.65,2.08,0.375));
#5446 = LINE('',#5447,#5448);
#5447 = CARTESIAN_POINT('',(-2.65,2.08,0.25));
#5448 = VECTOR('',#5449,1.);
#5449 = DIRECTION('',(0.,0.,1.));
#5450 = ORIENTED_EDGE('',*,*,#5451,.T.);
#5451 = EDGE_CURVE('',#5444,#5452,#5454,.T.);
#5452 = VERTEX_POINT('',#5453);
#5453 = CARTESIAN_POINT('',(-2.4,2.08,0.625));
#5454 = CIRCLE('',#5455,0.25);
#5455 = AXIS2_PLACEMENT_3D('',#5456,#5457,#5458);
#5456 = CARTESIAN_POINT('',(-2.4,2.08,0.375));
#5457 = DIRECTION('',(-9.95799250103E-17,1.,0.));
#5458 = DIRECTION('',(-1.,-9.95799250103E-17,2.6645352591E-15));
#5459 = ORIENTED_EDGE('',*,*,#5460,.T.);
#5460 = EDGE_CURVE('',#5452,#3859,#5461,.T.);
#5461 = LINE('',#5462,#5463);
#5462 = CARTESIAN_POINT('',(-2.4,2.08,0.625));
#5463 = VECTOR('',#5464,1.);
#5464 = DIRECTION('',(1.,9.95799250103E-17,0.));
#5465 = PLANE('',#5466);
#5466 = AXIS2_PLACEMENT_3D('',#5467,#5468,#5469);
#5467 = CARTESIAN_POINT('',(-2.634769719427,2.08,0.289787506618));
#5468 = DIRECTION('',(-9.95799250103E-17,1.,0.));
#5469 = DIRECTION('',(0.,0.,1.));
#5470 = ADVANCED_FACE('',(#5471),#5486,.F.);
#5471 = FACE_BOUND('',#5472,.F.);
#5472 = EDGE_LOOP('',(#5473,#5479,#5480,#5485));
#5473 = ORIENTED_EDGE('',*,*,#5474,.F.);
#5474 = EDGE_CURVE('',#3859,#5148,#5475,.T.);
#5475 = LINE('',#5476,#5477);
#5476 = CARTESIAN_POINT('',(-2.4,2.08,0.625));
#5477 = VECTOR('',#5478,1.);
#5478 = DIRECTION('',(1.,9.95799250103E-17,0.));
#5479 = ORIENTED_EDGE('',*,*,#3874,.T.);
#5480 = ORIENTED_EDGE('',*,*,#5481,.T.);
#5481 = EDGE_CURVE('',#3868,#5019,#5482,.T.);
#5482 = B_SPLINE_CURVE_WITH_KNOTS('',1,(#5483,#5484),.UNSPECIFIED.,.F.,
  .F.,(2,2),(0.,1.),.PIECEWISE_BEZIER_KNOTS.);
#5483 = CARTESIAN_POINT('',(-2.2,2.3,0.625));
#5484 = CARTESIAN_POINT('',(-2.15,2.275,0.625));
#5485 = ORIENTED_EDGE('',*,*,#5155,.F.);
#5486 = B_SPLINE_SURFACE_WITH_KNOTS('',1,1,(
    (#5487,#5488)
    ,(#5489,#5490
    )),.UNSPECIFIED.,.F.,.F.,.F.,(2,2),(2,2),(0.,4.6),(0.,1.),
  .PIECEWISE_BEZIER_KNOTS.);
#5487 = CARTESIAN_POINT('',(-2.2,-2.3,0.625));
#5488 = CARTESIAN_POINT('',(-2.15,-2.275,0.625));
#5489 = CARTESIAN_POINT('',(-2.2,2.3,0.625));
#5490 = CARTESIAN_POINT('',(-2.15,2.275,0.625));
#5491 = ADVANCED_FACE('',(#5492),#5511,.F.);
#5492 = FACE_BOUND('',#5493,.F.);
#5493 = EDGE_LOOP('',(#5494,#5495,#5504,#5510));
#5494 = ORIENTED_EDGE('',*,*,#3905,.T.);
#5495 = ORIENTED_EDGE('',*,*,#5496,.T.);
#5496 = EDGE_CURVE('',#3898,#5497,#5499,.T.);
#5497 = VERTEX_POINT('',#5498);
#5498 = CARTESIAN_POINT('',(-2.5,-1.82,0.375));
#5499 = CIRCLE('',#5500,0.1);
#5500 = AXIS2_PLACEMENT_3D('',#5501,#5502,#5503);
#5501 = CARTESIAN_POINT('',(-2.4,-1.82,0.375));
#5502 = DIRECTION('',(9.95799250103E-17,-1.,0.));
#5503 = DIRECTION('',(0.,0.,1.));
#5504 = ORIENTED_EDGE('',*,*,#5505,.F.);
#5505 = EDGE_CURVE('',#5293,#5497,#5506,.T.);
#5506 = LINE('',#5507,#5508);
#5507 = CARTESIAN_POINT('',(-2.5,-2.08,0.375));
#5508 = VECTOR('',#5509,1.);
#5509 = DIRECTION('',(-9.95799250103E-17,1.,0.));
#5510 = ORIENTED_EDGE('',*,*,#5292,.F.);
#5511 = CYLINDRICAL_SURFACE('',#5512,0.1);
#5512 = AXIS2_PLACEMENT_3D('',#5513,#5514,#5515);
#5513 = CARTESIAN_POINT('',(-2.4,-2.08,0.375));
#5514 = DIRECTION('',(9.95799250103E-17,-1.,0.));
#5515 = DIRECTION('',(0.,0.,1.));
#5516 = ADVANCED_FACE('',(#5517),#5595,.T.);
#5517 = FACE_BOUND('',#5518,.T.);
#5518 = EDGE_LOOP('',(#5519,#5520,#5521,#5522,#5530,#5539,#5547,#5555,
    #5563,#5572,#5580,#5589));
#5519 = ORIENTED_EDGE('',*,*,#3950,.F.);
#5520 = ORIENTED_EDGE('',*,*,#3897,.T.);
#5521 = ORIENTED_EDGE('',*,*,#5496,.T.);
#5522 = ORIENTED_EDGE('',*,*,#5523,.T.);
#5523 = EDGE_CURVE('',#5497,#5524,#5526,.T.);
#5524 = VERTEX_POINT('',#5525);
#5525 = CARTESIAN_POINT('',(-2.5,-1.82,0.25));
#5526 = LINE('',#5527,#5528);
#5527 = CARTESIAN_POINT('',(-2.5,-1.82,0.375));
#5528 = VECTOR('',#5529,1.);
#5529 = DIRECTION('',(0.,0.,-1.));
#5530 = ORIENTED_EDGE('',*,*,#5531,.T.);
#5531 = EDGE_CURVE('',#5524,#5532,#5534,.T.);
#5532 = VERTEX_POINT('',#5533);
#5533 = CARTESIAN_POINT('',(-2.75,-1.82,1.110223024625E-16));
#5534 = CIRCLE('',#5535,0.25);
#5535 = AXIS2_PLACEMENT_3D('',#5536,#5537,#5538);
#5536 = CARTESIAN_POINT('',(-2.75,-1.82,0.25));
#5537 = DIRECTION('',(-9.95799250103E-17,1.,0.));
#5538 = DIRECTION('',(1.,9.95799250103E-17,-2.442490654175E-15));
#5539 = ORIENTED_EDGE('',*,*,#5540,.T.);
#5540 = EDGE_CURVE('',#5532,#5541,#5543,.T.);
#5541 = VERTEX_POINT('',#5542);
#5542 = CARTESIAN_POINT('',(-3.2,-1.82,1.110223024625E-16));
#5543 = LINE('',#5544,#5545);
#5544 = CARTESIAN_POINT('',(-2.75,-1.82,1.110223024625E-16));
#5545 = VECTOR('',#5546,1.);
#5546 = DIRECTION('',(-1.,-9.95799250103E-17,0.));
#5547 = ORIENTED_EDGE('',*,*,#5548,.T.);
#5548 = EDGE_CURVE('',#5541,#5549,#5551,.T.);
#5549 = VERTEX_POINT('',#5550);
#5550 = CARTESIAN_POINT('',(-3.2,-1.82,0.15));
#5551 = LINE('',#5552,#5553);
#5552 = CARTESIAN_POINT('',(-3.2,-1.82,1.110223024625E-16));
#5553 = VECTOR('',#5554,1.);
#5554 = DIRECTION('',(0.,0.,1.));
#5555 = ORIENTED_EDGE('',*,*,#5556,.T.);
#5556 = EDGE_CURVE('',#5549,#5557,#5559,.T.);
#5557 = VERTEX_POINT('',#5558);
#5558 = CARTESIAN_POINT('',(-2.75,-1.82,0.15));
#5559 = LINE('',#5560,#5561);
#5560 = CARTESIAN_POINT('',(-3.2,-1.82,0.15));
#5561 = VECTOR('',#5562,1.);
#5562 = DIRECTION('',(1.,9.95799250103E-17,0.));
#5563 = ORIENTED_EDGE('',*,*,#5564,.T.);
#5564 = EDGE_CURVE('',#5557,#5565,#5567,.T.);
#5565 = VERTEX_POINT('',#5566);
#5566 = CARTESIAN_POINT('',(-2.65,-1.82,0.25));
#5567 = CIRCLE('',#5568,0.1);
#5568 = AXIS2_PLACEMENT_3D('',#5569,#5570,#5571);
#5569 = CARTESIAN_POINT('',(-2.75,-1.82,0.25));
#5570 = DIRECTION('',(9.95799250103E-17,-1.,0.));
#5571 = DIRECTION('',(0.,0.,-1.));
#5572 = ORIENTED_EDGE('',*,*,#5573,.T.);
#5573 = EDGE_CURVE('',#5565,#5574,#5576,.T.);
#5574 = VERTEX_POINT('',#5575);
#5575 = CARTESIAN_POINT('',(-2.65,-1.82,0.375));
#5576 = LINE('',#5577,#5578);
#5577 = CARTESIAN_POINT('',(-2.65,-1.82,0.25));
#5578 = VECTOR('',#5579,1.);
#5579 = DIRECTION('',(0.,0.,1.));
#5580 = ORIENTED_EDGE('',*,*,#5581,.T.);
#5581 = EDGE_CURVE('',#5574,#5582,#5584,.T.);
#5582 = VERTEX_POINT('',#5583);
#5583 = CARTESIAN_POINT('',(-2.4,-1.82,0.625));
#5584 = CIRCLE('',#5585,0.25);
#5585 = AXIS2_PLACEMENT_3D('',#5586,#5587,#5588);
#5586 = CARTESIAN_POINT('',(-2.4,-1.82,0.375));
#5587 = DIRECTION('',(-9.95799250103E-17,1.,0.));
#5588 = DIRECTION('',(-1.,-9.95799250103E-17,2.6645352591E-15));
#5589 = ORIENTED_EDGE('',*,*,#5590,.T.);
#5590 = EDGE_CURVE('',#5582,#3951,#5591,.T.);
#5591 = LINE('',#5592,#5593);
#5592 = CARTESIAN_POINT('',(-2.4,-1.82,0.625));
#5593 = VECTOR('',#5594,1.);
#5594 = DIRECTION('',(1.,9.95799250103E-17,0.));
#5595 = PLANE('',#5596);
#5596 = AXIS2_PLACEMENT_3D('',#5597,#5598,#5599);
#5597 = CARTESIAN_POINT('',(-2.634769719427,-1.82,0.289787506618));
#5598 = DIRECTION('',(-9.95799250103E-17,1.,0.));
#5599 = DIRECTION('',(0.,0.,1.));
#5600 = ADVANCED_FACE('',(#5601),#5687,.F.);
#5601 = FACE_BOUND('',#5602,.F.);
#5602 = EDGE_LOOP('',(#5603,#5604,#5605,#5614,#5622,#5631,#5639,#5647,
    #5655,#5664,#5672,#5681));
#5603 = ORIENTED_EDGE('',*,*,#3990,.F.);
#5604 = ORIENTED_EDGE('',*,*,#3919,.T.);
#5605 = ORIENTED_EDGE('',*,*,#5606,.T.);
#5606 = EDGE_CURVE('',#3920,#5607,#5609,.T.);
#5607 = VERTEX_POINT('',#5608);
#5608 = CARTESIAN_POINT('',(-2.5,1.82,0.375));
#5609 = CIRCLE('',#5610,0.1);
#5610 = AXIS2_PLACEMENT_3D('',#5611,#5612,#5613);
#5611 = CARTESIAN_POINT('',(-2.4,1.82,0.375));
#5612 = DIRECTION('',(9.95799250103E-17,-1.,0.));
#5613 = DIRECTION('',(0.,0.,1.));
#5614 = ORIENTED_EDGE('',*,*,#5615,.T.);
#5615 = EDGE_CURVE('',#5607,#5616,#5618,.T.);
#5616 = VERTEX_POINT('',#5617);
#5617 = CARTESIAN_POINT('',(-2.5,1.82,0.25));
#5618 = LINE('',#5619,#5620);
#5619 = CARTESIAN_POINT('',(-2.5,1.82,0.375));
#5620 = VECTOR('',#5621,1.);
#5621 = DIRECTION('',(0.,0.,-1.));
#5622 = ORIENTED_EDGE('',*,*,#5623,.T.);
#5623 = EDGE_CURVE('',#5616,#5624,#5626,.T.);
#5624 = VERTEX_POINT('',#5625);
#5625 = CARTESIAN_POINT('',(-2.75,1.82,1.110223024625E-16));
#5626 = CIRCLE('',#5627,0.25);
#5627 = AXIS2_PLACEMENT_3D('',#5628,#5629,#5630);
#5628 = CARTESIAN_POINT('',(-2.75,1.82,0.25));
#5629 = DIRECTION('',(-9.95799250103E-17,1.,0.));
#5630 = DIRECTION('',(1.,9.95799250103E-17,-2.442490654175E-15));
#5631 = ORIENTED_EDGE('',*,*,#5632,.T.);
#5632 = EDGE_CURVE('',#5624,#5633,#5635,.T.);
#5633 = VERTEX_POINT('',#5634);
#5634 = CARTESIAN_POINT('',(-3.2,1.82,1.110223024625E-16));
#5635 = LINE('',#5636,#5637);
#5636 = CARTESIAN_POINT('',(-2.75,1.82,1.110223024625E-16));
#5637 = VECTOR('',#5638,1.);
#5638 = DIRECTION('',(-1.,-9.95799250103E-17,0.));
#5639 = ORIENTED_EDGE('',*,*,#5640,.T.);
#5640 = EDGE_CURVE('',#5633,#5641,#5643,.T.);
#5641 = VERTEX_POINT('',#5642);
#5642 = CARTESIAN_POINT('',(-3.2,1.82,0.15));
#5643 = LINE('',#5644,#5645);
#5644 = CARTESIAN_POINT('',(-3.2,1.82,1.110223024625E-16));
#5645 = VECTOR('',#5646,1.);
#5646 = DIRECTION('',(0.,0.,1.));
#5647 = ORIENTED_EDGE('',*,*,#5648,.T.);
#5648 = EDGE_CURVE('',#5641,#5649,#5651,.T.);
#5649 = VERTEX_POINT('',#5650);
#5650 = CARTESIAN_POINT('',(-2.75,1.82,0.15));
#5651 = LINE('',#5652,#5653);
#5652 = CARTESIAN_POINT('',(-3.2,1.82,0.15));
#5653 = VECTOR('',#5654,1.);
#5654 = DIRECTION('',(1.,9.95799250103E-17,0.));
#5655 = ORIENTED_EDGE('',*,*,#5656,.T.);
#5656 = EDGE_CURVE('',#5649,#5657,#5659,.T.);
#5657 = VERTEX_POINT('',#5658);
#5658 = CARTESIAN_POINT('',(-2.65,1.82,0.25));
#5659 = CIRCLE('',#5660,0.1);
#5660 = AXIS2_PLACEMENT_3D('',#5661,#5662,#5663);
#5661 = CARTESIAN_POINT('',(-2.75,1.82,0.25));
#5662 = DIRECTION('',(9.95799250103E-17,-1.,0.));
#5663 = DIRECTION('',(0.,0.,-1.));
#5664 = ORIENTED_EDGE('',*,*,#5665,.T.);
#5665 = EDGE_CURVE('',#5657,#5666,#5668,.T.);
#5666 = VERTEX_POINT('',#5667);
#5667 = CARTESIAN_POINT('',(-2.65,1.82,0.375));
#5668 = LINE('',#5669,#5670);
#5669 = CARTESIAN_POINT('',(-2.65,1.82,0.25));
#5670 = VECTOR('',#5671,1.);
#5671 = DIRECTION('',(0.,0.,1.));
#5672 = ORIENTED_EDGE('',*,*,#5673,.T.);
#5673 = EDGE_CURVE('',#5666,#5674,#5676,.T.);
#5674 = VERTEX_POINT('',#5675);
#5675 = CARTESIAN_POINT('',(-2.4,1.82,0.625));
#5676 = CIRCLE('',#5677,0.25);
#5677 = AXIS2_PLACEMENT_3D('',#5678,#5679,#5680);
#5678 = CARTESIAN_POINT('',(-2.4,1.82,0.375));
#5679 = DIRECTION('',(-9.95799250103E-17,1.,0.));
#5680 = DIRECTION('',(-1.,-9.95799250103E-17,2.6645352591E-15));
#5681 = ORIENTED_EDGE('',*,*,#5682,.T.);
#5682 = EDGE_CURVE('',#5674,#3991,#5683,.T.);
#5683 = LINE('',#5684,#5685);
#5684 = CARTESIAN_POINT('',(-2.4,1.82,0.625));
#5685 = VECTOR('',#5686,1.);
#5686 = DIRECTION('',(1.,9.95799250103E-17,0.));
#5687 = PLANE('',#5688);
#5688 = AXIS2_PLACEMENT_3D('',#5689,#5690,#5691);
#5689 = CARTESIAN_POINT('',(-2.634769719427,1.82,0.289787506618));
#5690 = DIRECTION('',(-9.95799250103E-17,1.,0.));
#5691 = DIRECTION('',(0.,0.,1.));
#5692 = ADVANCED_FACE('',(#5693),#5704,.F.);
#5693 = FACE_BOUND('',#5694,.F.);
#5694 = EDGE_LOOP('',(#5695,#5696,#5697,#5703));
#5695 = ORIENTED_EDGE('',*,*,#3936,.T.);
#5696 = ORIENTED_EDGE('',*,*,#5384,.T.);
#5697 = ORIENTED_EDGE('',*,*,#5698,.F.);
#5698 = EDGE_CURVE('',#5607,#5385,#5699,.T.);
#5699 = LINE('',#5700,#5701);
#5700 = CARTESIAN_POINT('',(-2.5,1.82,0.375));
#5701 = VECTOR('',#5702,1.);
#5702 = DIRECTION('',(-9.95799250103E-17,1.,0.));
#5703 = ORIENTED_EDGE('',*,*,#5606,.F.);
#5704 = CYLINDRICAL_SURFACE('',#5705,0.1);
#5705 = AXIS2_PLACEMENT_3D('',#5706,#5707,#5708);
#5706 = CARTESIAN_POINT('',(-2.4,1.82,0.375));
#5707 = DIRECTION('',(9.95799250103E-17,-1.,0.));
#5708 = DIRECTION('',(0.,0.,1.));
#5709 = ADVANCED_FACE('',(#5710),#5726,.F.);
#5710 = FACE_BOUND('',#5711,.F.);
#5711 = EDGE_LOOP('',(#5712,#5718,#5719,#5725));
#5712 = ORIENTED_EDGE('',*,*,#5713,.F.);
#5713 = EDGE_CURVE('',#3951,#5052,#5714,.T.);
#5714 = LINE('',#5715,#5716);
#5715 = CARTESIAN_POINT('',(-2.4,-1.82,0.625));
#5716 = VECTOR('',#5717,1.);
#5717 = DIRECTION('',(1.,9.95799250103E-17,0.));
#5718 = ORIENTED_EDGE('',*,*,#3967,.T.);
#5719 = ORIENTED_EDGE('',*,*,#5720,.T.);
#5720 = EDGE_CURVE('',#3960,#5060,#5721,.T.);
#5721 = LINE('',#5722,#5723);
#5722 = CARTESIAN_POINT('',(-2.4,-1.43,0.625));
#5723 = VECTOR('',#5724,1.);
#5724 = DIRECTION('',(1.,9.95799250103E-17,0.));
#5725 = ORIENTED_EDGE('',*,*,#5059,.F.);
#5726 = B_SPLINE_SURFACE_WITH_KNOTS('',1,1,(
    (#5727,#5728)
    ,(#5729,#5730
    )),.UNSPECIFIED.,.F.,.F.,.F.,(2,2),(2,2),(0.,4.6),(0.,1.),
  .PIECEWISE_BEZIER_KNOTS.);
#5727 = CARTESIAN_POINT('',(-2.2,-2.3,0.625));
#5728 = CARTESIAN_POINT('',(-2.15,-2.275,0.625));
#5729 = CARTESIAN_POINT('',(-2.2,2.3,0.625));
#5730 = CARTESIAN_POINT('',(-2.15,2.275,0.625));
#5731 = ADVANCED_FACE('',(#5732),#5818,.F.);
#5732 = FACE_BOUND('',#5733,.F.);
#5733 = EDGE_LOOP('',(#5734,#5735,#5736,#5745,#5753,#5762,#5770,#5778,
    #5786,#5795,#5803,#5812));
#5734 = ORIENTED_EDGE('',*,*,#3959,.F.);
#5735 = ORIENTED_EDGE('',*,*,#4012,.T.);
#5736 = ORIENTED_EDGE('',*,*,#5737,.T.);
#5737 = EDGE_CURVE('',#4013,#5738,#5740,.T.);
#5738 = VERTEX_POINT('',#5739);
#5739 = CARTESIAN_POINT('',(-2.5,-1.43,0.375));
#5740 = CIRCLE('',#5741,0.1);
#5741 = AXIS2_PLACEMENT_3D('',#5742,#5743,#5744);
#5742 = CARTESIAN_POINT('',(-2.4,-1.43,0.375));
#5743 = DIRECTION('',(9.95799250103E-17,-1.,0.));
#5744 = DIRECTION('',(0.,0.,1.));
#5745 = ORIENTED_EDGE('',*,*,#5746,.T.);
#5746 = EDGE_CURVE('',#5738,#5747,#5749,.T.);
#5747 = VERTEX_POINT('',#5748);
#5748 = CARTESIAN_POINT('',(-2.5,-1.43,0.25));
#5749 = LINE('',#5750,#5751);
#5750 = CARTESIAN_POINT('',(-2.5,-1.43,0.375));
#5751 = VECTOR('',#5752,1.);
#5752 = DIRECTION('',(0.,0.,-1.));
#5753 = ORIENTED_EDGE('',*,*,#5754,.T.);
#5754 = EDGE_CURVE('',#5747,#5755,#5757,.T.);
#5755 = VERTEX_POINT('',#5756);
#5756 = CARTESIAN_POINT('',(-2.75,-1.43,1.110223024625E-16));
#5757 = CIRCLE('',#5758,0.25);
#5758 = AXIS2_PLACEMENT_3D('',#5759,#5760,#5761);
#5759 = CARTESIAN_POINT('',(-2.75,-1.43,0.25));
#5760 = DIRECTION('',(-9.95799250103E-17,1.,0.));
#5761 = DIRECTION('',(1.,9.95799250103E-17,-2.442490654175E-15));
#5762 = ORIENTED_EDGE('',*,*,#5763,.T.);
#5763 = EDGE_CURVE('',#5755,#5764,#5766,.T.);
#5764 = VERTEX_POINT('',#5765);
#5765 = CARTESIAN_POINT('',(-3.2,-1.43,1.110223024625E-16));
#5766 = LINE('',#5767,#5768);
#5767 = CARTESIAN_POINT('',(-2.75,-1.43,1.110223024625E-16));
#5768 = VECTOR('',#5769,1.);
#5769 = DIRECTION('',(-1.,-9.95799250103E-17,0.));
#5770 = ORIENTED_EDGE('',*,*,#5771,.T.);
#5771 = EDGE_CURVE('',#5764,#5772,#5774,.T.);
#5772 = VERTEX_POINT('',#5773);
#5773 = CARTESIAN_POINT('',(-3.2,-1.43,0.15));
#5774 = LINE('',#5775,#5776);
#5775 = CARTESIAN_POINT('',(-3.2,-1.43,1.110223024625E-16));
#5776 = VECTOR('',#5777,1.);
#5777 = DIRECTION('',(0.,0.,1.));
#5778 = ORIENTED_EDGE('',*,*,#5779,.T.);
#5779 = EDGE_CURVE('',#5772,#5780,#5782,.T.);
#5780 = VERTEX_POINT('',#5781);
#5781 = CARTESIAN_POINT('',(-2.75,-1.43,0.15));
#5782 = LINE('',#5783,#5784);
#5783 = CARTESIAN_POINT('',(-3.2,-1.43,0.15));
#5784 = VECTOR('',#5785,1.);
#5785 = DIRECTION('',(1.,9.95799250103E-17,0.));
#5786 = ORIENTED_EDGE('',*,*,#5787,.T.);
#5787 = EDGE_CURVE('',#5780,#5788,#5790,.T.);
#5788 = VERTEX_POINT('',#5789);
#5789 = CARTESIAN_POINT('',(-2.65,-1.43,0.25));
#5790 = CIRCLE('',#5791,0.1);
#5791 = AXIS2_PLACEMENT_3D('',#5792,#5793,#5794);
#5792 = CARTESIAN_POINT('',(-2.75,-1.43,0.25));
#5793 = DIRECTION('',(9.95799250103E-17,-1.,0.));
#5794 = DIRECTION('',(0.,0.,-1.));
#5795 = ORIENTED_EDGE('',*,*,#5796,.T.);
#5796 = EDGE_CURVE('',#5788,#5797,#5799,.T.);
#5797 = VERTEX_POINT('',#5798);
#5798 = CARTESIAN_POINT('',(-2.65,-1.43,0.375));
#5799 = LINE('',#5800,#5801);
#5800 = CARTESIAN_POINT('',(-2.65,-1.43,0.25));
#5801 = VECTOR('',#5802,1.);
#5802 = DIRECTION('',(0.,0.,1.));
#5803 = ORIENTED_EDGE('',*,*,#5804,.T.);
#5804 = EDGE_CURVE('',#5797,#5805,#5807,.T.);
#5805 = VERTEX_POINT('',#5806);
#5806 = CARTESIAN_POINT('',(-2.4,-1.43,0.625));
#5807 = CIRCLE('',#5808,0.25);
#5808 = AXIS2_PLACEMENT_3D('',#5809,#5810,#5811);
#5809 = CARTESIAN_POINT('',(-2.4,-1.43,0.375));
#5810 = DIRECTION('',(-9.95799250103E-17,1.,0.));
#5811 = DIRECTION('',(-1.,-9.95799250103E-17,2.6645352591E-15));
#5812 = ORIENTED_EDGE('',*,*,#5813,.T.);
#5813 = EDGE_CURVE('',#5805,#3960,#5814,.T.);
#5814 = LINE('',#5815,#5816);
#5815 = CARTESIAN_POINT('',(-2.4,-1.43,0.625));
#5816 = VECTOR('',#5817,1.);
#5817 = DIRECTION('',(1.,9.95799250103E-17,0.));
#5818 = PLANE('',#5819);
#5819 = AXIS2_PLACEMENT_3D('',#5820,#5821,#5822);
#5820 = CARTESIAN_POINT('',(-2.634769719427,-1.43,0.289787506618));
#5821 = DIRECTION('',(-9.95799250103E-17,1.,0.));
#5822 = DIRECTION('',(0.,0.,1.));
#5823 = ADVANCED_FACE('',(#5824),#5910,.T.);
#5824 = FACE_BOUND('',#5825,.T.);
#5825 = EDGE_LOOP('',(#5826,#5827,#5828,#5837,#5845,#5854,#5862,#5870,
    #5878,#5887,#5895,#5904));
#5826 = ORIENTED_EDGE('',*,*,#3981,.F.);
#5827 = ORIENTED_EDGE('',*,*,#4052,.T.);
#5828 = ORIENTED_EDGE('',*,*,#5829,.T.);
#5829 = EDGE_CURVE('',#4053,#5830,#5832,.T.);
#5830 = VERTEX_POINT('',#5831);
#5831 = CARTESIAN_POINT('',(-2.5,1.43,0.375));
#5832 = CIRCLE('',#5833,0.1);
#5833 = AXIS2_PLACEMENT_3D('',#5834,#5835,#5836);
#5834 = CARTESIAN_POINT('',(-2.4,1.43,0.375));
#5835 = DIRECTION('',(9.95799250103E-17,-1.,0.));
#5836 = DIRECTION('',(0.,0.,1.));
#5837 = ORIENTED_EDGE('',*,*,#5838,.T.);
#5838 = EDGE_CURVE('',#5830,#5839,#5841,.T.);
#5839 = VERTEX_POINT('',#5840);
#5840 = CARTESIAN_POINT('',(-2.5,1.43,0.25));
#5841 = LINE('',#5842,#5843);
#5842 = CARTESIAN_POINT('',(-2.5,1.43,0.375));
#5843 = VECTOR('',#5844,1.);
#5844 = DIRECTION('',(0.,0.,-1.));
#5845 = ORIENTED_EDGE('',*,*,#5846,.T.);
#5846 = EDGE_CURVE('',#5839,#5847,#5849,.T.);
#5847 = VERTEX_POINT('',#5848);
#5848 = CARTESIAN_POINT('',(-2.75,1.43,1.110223024625E-16));
#5849 = CIRCLE('',#5850,0.25);
#5850 = AXIS2_PLACEMENT_3D('',#5851,#5852,#5853);
#5851 = CARTESIAN_POINT('',(-2.75,1.43,0.25));
#5852 = DIRECTION('',(-9.95799250103E-17,1.,0.));
#5853 = DIRECTION('',(1.,9.95799250103E-17,-2.442490654175E-15));
#5854 = ORIENTED_EDGE('',*,*,#5855,.T.);
#5855 = EDGE_CURVE('',#5847,#5856,#5858,.T.);
#5856 = VERTEX_POINT('',#5857);
#5857 = CARTESIAN_POINT('',(-3.2,1.43,1.110223024625E-16));
#5858 = LINE('',#5859,#5860);
#5859 = CARTESIAN_POINT('',(-2.75,1.43,1.110223024625E-16));
#5860 = VECTOR('',#5861,1.);
#5861 = DIRECTION('',(-1.,-9.95799250103E-17,0.));
#5862 = ORIENTED_EDGE('',*,*,#5863,.T.);
#5863 = EDGE_CURVE('',#5856,#5864,#5866,.T.);
#5864 = VERTEX_POINT('',#5865);
#5865 = CARTESIAN_POINT('',(-3.2,1.43,0.15));
#5866 = LINE('',#5867,#5868);
#5867 = CARTESIAN_POINT('',(-3.2,1.43,1.110223024625E-16));
#5868 = VECTOR('',#5869,1.);
#5869 = DIRECTION('',(0.,0.,1.));
#5870 = ORIENTED_EDGE('',*,*,#5871,.T.);
#5871 = EDGE_CURVE('',#5864,#5872,#5874,.T.);
#5872 = VERTEX_POINT('',#5873);
#5873 = CARTESIAN_POINT('',(-2.75,1.43,0.15));
#5874 = LINE('',#5875,#5876);
#5875 = CARTESIAN_POINT('',(-3.2,1.43,0.15));
#5876 = VECTOR('',#5877,1.);
#5877 = DIRECTION('',(1.,9.95799250103E-17,0.));
#5878 = ORIENTED_EDGE('',*,*,#5879,.T.);
#5879 = EDGE_CURVE('',#5872,#5880,#5882,.T.);
#5880 = VERTEX_POINT('',#5881);
#5881 = CARTESIAN_POINT('',(-2.65,1.43,0.25));
#5882 = CIRCLE('',#5883,0.1);
#5883 = AXIS2_PLACEMENT_3D('',#5884,#5885,#5886);
#5884 = CARTESIAN_POINT('',(-2.75,1.43,0.25));
#5885 = DIRECTION('',(9.95799250103E-17,-1.,0.));
#5886 = DIRECTION('',(0.,0.,-1.));
#5887 = ORIENTED_EDGE('',*,*,#5888,.T.);
#5888 = EDGE_CURVE('',#5880,#5889,#5891,.T.);
#5889 = VERTEX_POINT('',#5890);
#5890 = CARTESIAN_POINT('',(-2.65,1.43,0.375));
#5891 = LINE('',#5892,#5893);
#5892 = CARTESIAN_POINT('',(-2.65,1.43,0.25));
#5893 = VECTOR('',#5894,1.);
#5894 = DIRECTION('',(0.,0.,1.));
#5895 = ORIENTED_EDGE('',*,*,#5896,.T.);
#5896 = EDGE_CURVE('',#5889,#5897,#5899,.T.);
#5897 = VERTEX_POINT('',#5898);
#5898 = CARTESIAN_POINT('',(-2.4,1.43,0.625));
#5899 = CIRCLE('',#5900,0.25);
#5900 = AXIS2_PLACEMENT_3D('',#5901,#5902,#5903);
#5901 = CARTESIAN_POINT('',(-2.4,1.43,0.375));
#5902 = DIRECTION('',(-9.95799250103E-17,1.,0.));
#5903 = DIRECTION('',(-1.,-9.95799250103E-17,2.6645352591E-15));
#5904 = ORIENTED_EDGE('',*,*,#5905,.T.);
#5905 = EDGE_CURVE('',#5897,#3982,#5906,.T.);
#5906 = LINE('',#5907,#5908);
#5907 = CARTESIAN_POINT('',(-2.4,1.43,0.625));
#5908 = VECTOR('',#5909,1.);
#5909 = DIRECTION('',(1.,9.95799250103E-17,0.));
#5910 = PLANE('',#5911);
#5911 = AXIS2_PLACEMENT_3D('',#5912,#5913,#5914);
#5912 = CARTESIAN_POINT('',(-2.634769719427,1.43,0.289787506618));
#5913 = DIRECTION('',(-9.95799250103E-17,1.,0.));
#5914 = DIRECTION('',(0.,0.,1.));
#5915 = ADVANCED_FACE('',(#5916),#5932,.F.);
#5916 = FACE_BOUND('',#5917,.F.);
#5917 = EDGE_LOOP('',(#5918,#5924,#5925,#5931));
#5918 = ORIENTED_EDGE('',*,*,#5919,.F.);
#5919 = EDGE_CURVE('',#3982,#5132,#5920,.T.);
#5920 = LINE('',#5921,#5922);
#5921 = CARTESIAN_POINT('',(-2.4,1.43,0.625));
#5922 = VECTOR('',#5923,1.);
#5923 = DIRECTION('',(1.,9.95799250103E-17,0.));
#5924 = ORIENTED_EDGE('',*,*,#3998,.T.);
#5925 = ORIENTED_EDGE('',*,*,#5926,.T.);
#5926 = EDGE_CURVE('',#3991,#5140,#5927,.T.);
#5927 = LINE('',#5928,#5929);
#5928 = CARTESIAN_POINT('',(-2.4,1.82,0.625));
#5929 = VECTOR('',#5930,1.);
#5930 = DIRECTION('',(1.,9.95799250103E-17,0.));
#5931 = ORIENTED_EDGE('',*,*,#5139,.F.);
#5932 = B_SPLINE_SURFACE_WITH_KNOTS('',1,1,(
    (#5933,#5934)
    ,(#5935,#5936
    )),.UNSPECIFIED.,.F.,.F.,.F.,(2,2),(2,2),(0.,4.6),(0.,1.),
  .PIECEWISE_BEZIER_KNOTS.);
#5933 = CARTESIAN_POINT('',(-2.2,-2.3,0.625));
#5934 = CARTESIAN_POINT('',(-2.15,-2.275,0.625));
#5935 = CARTESIAN_POINT('',(-2.2,2.3,0.625));
#5936 = CARTESIAN_POINT('',(-2.15,2.275,0.625));
#5937 = ADVANCED_FACE('',(#5938),#5957,.F.);
#5938 = FACE_BOUND('',#5939,.F.);
#5939 = EDGE_LOOP('',(#5940,#5941,#5950,#5956));
#5940 = ORIENTED_EDGE('',*,*,#4029,.T.);
#5941 = ORIENTED_EDGE('',*,*,#5942,.T.);
#5942 = EDGE_CURVE('',#4022,#5943,#5945,.T.);
#5943 = VERTEX_POINT('',#5944);
#5944 = CARTESIAN_POINT('',(-2.5,-1.17,0.375));
#5945 = CIRCLE('',#5946,0.1);
#5946 = AXIS2_PLACEMENT_3D('',#5947,#5948,#5949);
#5947 = CARTESIAN_POINT('',(-2.4,-1.17,0.375));
#5948 = DIRECTION('',(9.95799250103E-17,-1.,0.));
#5949 = DIRECTION('',(0.,0.,1.));
#5950 = ORIENTED_EDGE('',*,*,#5951,.F.);
#5951 = EDGE_CURVE('',#5738,#5943,#5952,.T.);
#5952 = LINE('',#5953,#5954);
#5953 = CARTESIAN_POINT('',(-2.5,-1.43,0.375));
#5954 = VECTOR('',#5955,1.);
#5955 = DIRECTION('',(-9.95799250103E-17,1.,0.));
#5956 = ORIENTED_EDGE('',*,*,#5737,.F.);
#5957 = CYLINDRICAL_SURFACE('',#5958,0.1);
#5958 = AXIS2_PLACEMENT_3D('',#5959,#5960,#5961);
#5959 = CARTESIAN_POINT('',(-2.4,-1.43,0.375));
#5960 = DIRECTION('',(9.95799250103E-17,-1.,0.));
#5961 = DIRECTION('',(0.,0.,1.));
#5962 = ADVANCED_FACE('',(#5963),#6041,.T.);
#5963 = FACE_BOUND('',#5964,.T.);
#5964 = EDGE_LOOP('',(#5965,#5966,#5967,#5968,#5976,#5985,#5993,#6001,
    #6009,#6018,#6026,#6035));
#5965 = ORIENTED_EDGE('',*,*,#4074,.F.);
#5966 = ORIENTED_EDGE('',*,*,#4021,.T.);
#5967 = ORIENTED_EDGE('',*,*,#5942,.T.);
#5968 = ORIENTED_EDGE('',*,*,#5969,.T.);
#5969 = EDGE_CURVE('',#5943,#5970,#5972,.T.);
#5970 = VERTEX_POINT('',#5971);
#5971 = CARTESIAN_POINT('',(-2.5,-1.17,0.25));
#5972 = LINE('',#5973,#5974);
#5973 = CARTESIAN_POINT('',(-2.5,-1.17,0.375));
#5974 = VECTOR('',#5975,1.);
#5975 = DIRECTION('',(0.,0.,-1.));
#5976 = ORIENTED_EDGE('',*,*,#5977,.T.);
#5977 = EDGE_CURVE('',#5970,#5978,#5980,.T.);
#5978 = VERTEX_POINT('',#5979);
#5979 = CARTESIAN_POINT('',(-2.75,-1.17,1.110223024625E-16));
#5980 = CIRCLE('',#5981,0.25);
#5981 = AXIS2_PLACEMENT_3D('',#5982,#5983,#5984);
#5982 = CARTESIAN_POINT('',(-2.75,-1.17,0.25));
#5983 = DIRECTION('',(-9.95799250103E-17,1.,0.));
#5984 = DIRECTION('',(1.,9.95799250103E-17,-2.442490654175E-15));
#5985 = ORIENTED_EDGE('',*,*,#5986,.T.);
#5986 = EDGE_CURVE('',#5978,#5987,#5989,.T.);
#5987 = VERTEX_POINT('',#5988);
#5988 = CARTESIAN_POINT('',(-3.2,-1.17,1.110223024625E-16));
#5989 = LINE('',#5990,#5991);
#5990 = CARTESIAN_POINT('',(-2.75,-1.17,1.110223024625E-16));
#5991 = VECTOR('',#5992,1.);
#5992 = DIRECTION('',(-1.,-9.95799250103E-17,0.));
#5993 = ORIENTED_EDGE('',*,*,#5994,.T.);
#5994 = EDGE_CURVE('',#5987,#5995,#5997,.T.);
#5995 = VERTEX_POINT('',#5996);
#5996 = CARTESIAN_POINT('',(-3.2,-1.17,0.15));
#5997 = LINE('',#5998,#5999);
#5998 = CARTESIAN_POINT('',(-3.2,-1.17,1.110223024625E-16));
#5999 = VECTOR('',#6000,1.);
#6000 = DIRECTION('',(0.,0.,1.));
#6001 = ORIENTED_EDGE('',*,*,#6002,.T.);
#6002 = EDGE_CURVE('',#5995,#6003,#6005,.T.);
#6003 = VERTEX_POINT('',#6004);
#6004 = CARTESIAN_POINT('',(-2.75,-1.17,0.15));
#6005 = LINE('',#6006,#6007);
#6006 = CARTESIAN_POINT('',(-3.2,-1.17,0.15));
#6007 = VECTOR('',#6008,1.);
#6008 = DIRECTION('',(1.,9.95799250103E-17,0.));
#6009 = ORIENTED_EDGE('',*,*,#6010,.T.);
#6010 = EDGE_CURVE('',#6003,#6011,#6013,.T.);
#6011 = VERTEX_POINT('',#6012);
#6012 = CARTESIAN_POINT('',(-2.65,-1.17,0.25));
#6013 = CIRCLE('',#6014,0.1);
#6014 = AXIS2_PLACEMENT_3D('',#6015,#6016,#6017);
#6015 = CARTESIAN_POINT('',(-2.75,-1.17,0.25));
#6016 = DIRECTION('',(9.95799250103E-17,-1.,0.));
#6017 = DIRECTION('',(0.,0.,-1.));
#6018 = ORIENTED_EDGE('',*,*,#6019,.T.);
#6019 = EDGE_CURVE('',#6011,#6020,#6022,.T.);
#6020 = VERTEX_POINT('',#6021);
#6021 = CARTESIAN_POINT('',(-2.65,-1.17,0.375));
#6022 = LINE('',#6023,#6024);
#6023 = CARTESIAN_POINT('',(-2.65,-1.17,0.25));
#6024 = VECTOR('',#6025,1.);
#6025 = DIRECTION('',(0.,0.,1.));
#6026 = ORIENTED_EDGE('',*,*,#6027,.T.);
#6027 = EDGE_CURVE('',#6020,#6028,#6030,.T.);
#6028 = VERTEX_POINT('',#6029);
#6029 = CARTESIAN_POINT('',(-2.4,-1.17,0.625));
#6030 = CIRCLE('',#6031,0.25);
#6031 = AXIS2_PLACEMENT_3D('',#6032,#6033,#6034);
#6032 = CARTESIAN_POINT('',(-2.4,-1.17,0.375));
#6033 = DIRECTION('',(-9.95799250103E-17,1.,0.));
#6034 = DIRECTION('',(-1.,-9.95799250103E-17,2.6645352591E-15));
#6035 = ORIENTED_EDGE('',*,*,#6036,.T.);
#6036 = EDGE_CURVE('',#6028,#4075,#6037,.T.);
#6037 = LINE('',#6038,#6039);
#6038 = CARTESIAN_POINT('',(-2.4,-1.17,0.625));
#6039 = VECTOR('',#6040,1.);
#6040 = DIRECTION('',(1.,9.95799250103E-17,0.));
#6041 = PLANE('',#6042);
#6042 = AXIS2_PLACEMENT_3D('',#6043,#6044,#6045);
#6043 = CARTESIAN_POINT('',(-2.634769719427,-1.17,0.289787506618));
#6044 = DIRECTION('',(-9.95799250103E-17,1.,0.));
#6045 = DIRECTION('',(0.,0.,1.));
#6046 = ADVANCED_FACE('',(#6047),#6133,.F.);
#6047 = FACE_BOUND('',#6048,.F.);
#6048 = EDGE_LOOP('',(#6049,#6050,#6051,#6060,#6068,#6077,#6085,#6093,
    #6101,#6110,#6118,#6127));
#6049 = ORIENTED_EDGE('',*,*,#4114,.F.);
#6050 = ORIENTED_EDGE('',*,*,#4043,.T.);
#6051 = ORIENTED_EDGE('',*,*,#6052,.T.);
#6052 = EDGE_CURVE('',#4044,#6053,#6055,.T.);
#6053 = VERTEX_POINT('',#6054);
#6054 = CARTESIAN_POINT('',(-2.5,1.17,0.375));
#6055 = CIRCLE('',#6056,0.1);
#6056 = AXIS2_PLACEMENT_3D('',#6057,#6058,#6059);
#6057 = CARTESIAN_POINT('',(-2.4,1.17,0.375));
#6058 = DIRECTION('',(9.95799250103E-17,-1.,0.));
#6059 = DIRECTION('',(0.,0.,1.));
#6060 = ORIENTED_EDGE('',*,*,#6061,.T.);
#6061 = EDGE_CURVE('',#6053,#6062,#6064,.T.);
#6062 = VERTEX_POINT('',#6063);
#6063 = CARTESIAN_POINT('',(-2.5,1.17,0.25));
#6064 = LINE('',#6065,#6066);
#6065 = CARTESIAN_POINT('',(-2.5,1.17,0.375));
#6066 = VECTOR('',#6067,1.);
#6067 = DIRECTION('',(0.,0.,-1.));
#6068 = ORIENTED_EDGE('',*,*,#6069,.T.);
#6069 = EDGE_CURVE('',#6062,#6070,#6072,.T.);
#6070 = VERTEX_POINT('',#6071);
#6071 = CARTESIAN_POINT('',(-2.75,1.17,1.110223024625E-16));
#6072 = CIRCLE('',#6073,0.25);
#6073 = AXIS2_PLACEMENT_3D('',#6074,#6075,#6076);
#6074 = CARTESIAN_POINT('',(-2.75,1.17,0.25));
#6075 = DIRECTION('',(-9.95799250103E-17,1.,0.));
#6076 = DIRECTION('',(1.,9.95799250103E-17,-2.442490654175E-15));
#6077 = ORIENTED_EDGE('',*,*,#6078,.T.);
#6078 = EDGE_CURVE('',#6070,#6079,#6081,.T.);
#6079 = VERTEX_POINT('',#6080);
#6080 = CARTESIAN_POINT('',(-3.2,1.17,1.110223024625E-16));
#6081 = LINE('',#6082,#6083);
#6082 = CARTESIAN_POINT('',(-2.75,1.17,1.110223024625E-16));
#6083 = VECTOR('',#6084,1.);
#6084 = DIRECTION('',(-1.,-9.95799250103E-17,0.));
#6085 = ORIENTED_EDGE('',*,*,#6086,.T.);
#6086 = EDGE_CURVE('',#6079,#6087,#6089,.T.);
#6087 = VERTEX_POINT('',#6088);
#6088 = CARTESIAN_POINT('',(-3.2,1.17,0.15));
#6089 = LINE('',#6090,#6091);
#6090 = CARTESIAN_POINT('',(-3.2,1.17,1.110223024625E-16));
#6091 = VECTOR('',#6092,1.);
#6092 = DIRECTION('',(0.,0.,1.));
#6093 = ORIENTED_EDGE('',*,*,#6094,.T.);
#6094 = EDGE_CURVE('',#6087,#6095,#6097,.T.);
#6095 = VERTEX_POINT('',#6096);
#6096 = CARTESIAN_POINT('',(-2.75,1.17,0.15));
#6097 = LINE('',#6098,#6099);
#6098 = CARTESIAN_POINT('',(-3.2,1.17,0.15));
#6099 = VECTOR('',#6100,1.);
#6100 = DIRECTION('',(1.,9.95799250103E-17,0.));
#6101 = ORIENTED_EDGE('',*,*,#6102,.T.);
#6102 = EDGE_CURVE('',#6095,#6103,#6105,.T.);
#6103 = VERTEX_POINT('',#6104);
#6104 = CARTESIAN_POINT('',(-2.65,1.17,0.25));
#6105 = CIRCLE('',#6106,0.1);
#6106 = AXIS2_PLACEMENT_3D('',#6107,#6108,#6109);
#6107 = CARTESIAN_POINT('',(-2.75,1.17,0.25));
#6108 = DIRECTION('',(9.95799250103E-17,-1.,0.));
#6109 = DIRECTION('',(0.,0.,-1.));
#6110 = ORIENTED_EDGE('',*,*,#6111,.T.);
#6111 = EDGE_CURVE('',#6103,#6112,#6114,.T.);
#6112 = VERTEX_POINT('',#6113);
#6113 = CARTESIAN_POINT('',(-2.65,1.17,0.375));
#6114 = LINE('',#6115,#6116);
#6115 = CARTESIAN_POINT('',(-2.65,1.17,0.25));
#6116 = VECTOR('',#6117,1.);
#6117 = DIRECTION('',(0.,0.,1.));
#6118 = ORIENTED_EDGE('',*,*,#6119,.T.);
#6119 = EDGE_CURVE('',#6112,#6120,#6122,.T.);
#6120 = VERTEX_POINT('',#6121);
#6121 = CARTESIAN_POINT('',(-2.4,1.17,0.625));
#6122 = CIRCLE('',#6123,0.25);
#6123 = AXIS2_PLACEMENT_3D('',#6124,#6125,#6126);
#6124 = CARTESIAN_POINT('',(-2.4,1.17,0.375));
#6125 = DIRECTION('',(-9.95799250103E-17,1.,0.));
#6126 = DIRECTION('',(-1.,-9.95799250103E-17,2.6645352591E-15));
#6127 = ORIENTED_EDGE('',*,*,#6128,.T.);
#6128 = EDGE_CURVE('',#6120,#4115,#6129,.T.);
#6129 = LINE('',#6130,#6131);
#6130 = CARTESIAN_POINT('',(-2.4,1.17,0.625));
#6131 = VECTOR('',#6132,1.);
#6132 = DIRECTION('',(1.,9.95799250103E-17,0.));
#6133 = PLANE('',#6134);
#6134 = AXIS2_PLACEMENT_3D('',#6135,#6136,#6137);
#6135 = CARTESIAN_POINT('',(-2.634769719427,1.17,0.289787506618));
#6136 = DIRECTION('',(-9.95799250103E-17,1.,0.));
#6137 = DIRECTION('',(0.,0.,1.));
#6138 = ADVANCED_FACE('',(#6139),#6150,.F.);
#6139 = FACE_BOUND('',#6140,.F.);
#6140 = EDGE_LOOP('',(#6141,#6142,#6143,#6149));
#6141 = ORIENTED_EDGE('',*,*,#4060,.T.);
#6142 = ORIENTED_EDGE('',*,*,#5829,.T.);
#6143 = ORIENTED_EDGE('',*,*,#6144,.F.);
#6144 = EDGE_CURVE('',#6053,#5830,#6145,.T.);
#6145 = LINE('',#6146,#6147);
#6146 = CARTESIAN_POINT('',(-2.5,1.17,0.375));
#6147 = VECTOR('',#6148,1.);
#6148 = DIRECTION('',(-9.95799250103E-17,1.,0.));
#6149 = ORIENTED_EDGE('',*,*,#6052,.F.);
#6150 = CYLINDRICAL_SURFACE('',#6151,0.1);
#6151 = AXIS2_PLACEMENT_3D('',#6152,#6153,#6154);
#6152 = CARTESIAN_POINT('',(-2.4,1.17,0.375));
#6153 = DIRECTION('',(9.95799250103E-17,-1.,0.));
#6154 = DIRECTION('',(0.,0.,1.));
#6155 = ADVANCED_FACE('',(#6156),#6172,.F.);
#6156 = FACE_BOUND('',#6157,.F.);
#6157 = EDGE_LOOP('',(#6158,#6164,#6165,#6171));
#6158 = ORIENTED_EDGE('',*,*,#6159,.F.);
#6159 = EDGE_CURVE('',#4075,#5068,#6160,.T.);
#6160 = LINE('',#6161,#6162);
#6161 = CARTESIAN_POINT('',(-2.4,-1.17,0.625));
#6162 = VECTOR('',#6163,1.);
#6163 = DIRECTION('',(1.,9.95799250103E-17,0.));
#6164 = ORIENTED_EDGE('',*,*,#4091,.T.);
#6165 = ORIENTED_EDGE('',*,*,#6166,.T.);
#6166 = EDGE_CURVE('',#4084,#5076,#6167,.T.);
#6167 = LINE('',#6168,#6169);
#6168 = CARTESIAN_POINT('',(-2.4,-0.78,0.625));
#6169 = VECTOR('',#6170,1.);
#6170 = DIRECTION('',(1.,9.95799250103E-17,0.));
#6171 = ORIENTED_EDGE('',*,*,#5075,.F.);
#6172 = B_SPLINE_SURFACE_WITH_KNOTS('',1,1,(
    (#6173,#6174)
    ,(#6175,#6176
    )),.UNSPECIFIED.,.F.,.F.,.F.,(2,2),(2,2),(0.,4.6),(0.,1.),
  .PIECEWISE_BEZIER_KNOTS.);
#6173 = CARTESIAN_POINT('',(-2.2,-2.3,0.625));
#6174 = CARTESIAN_POINT('',(-2.15,-2.275,0.625));
#6175 = CARTESIAN_POINT('',(-2.2,2.3,0.625));
#6176 = CARTESIAN_POINT('',(-2.15,2.275,0.625));
#6177 = ADVANCED_FACE('',(#6178),#6264,.F.);
#6178 = FACE_BOUND('',#6179,.F.);
#6179 = EDGE_LOOP('',(#6180,#6181,#6182,#6191,#6199,#6208,#6216,#6224,
    #6232,#6241,#6249,#6258));
#6180 = ORIENTED_EDGE('',*,*,#4083,.F.);
#6181 = ORIENTED_EDGE('',*,*,#4136,.T.);
#6182 = ORIENTED_EDGE('',*,*,#6183,.T.);
#6183 = EDGE_CURVE('',#4137,#6184,#6186,.T.);
#6184 = VERTEX_POINT('',#6185);
#6185 = CARTESIAN_POINT('',(-2.5,-0.78,0.375));
#6186 = CIRCLE('',#6187,0.1);
#6187 = AXIS2_PLACEMENT_3D('',#6188,#6189,#6190);
#6188 = CARTESIAN_POINT('',(-2.4,-0.78,0.375));
#6189 = DIRECTION('',(9.95799250103E-17,-1.,0.));
#6190 = DIRECTION('',(0.,0.,1.));
#6191 = ORIENTED_EDGE('',*,*,#6192,.T.);
#6192 = EDGE_CURVE('',#6184,#6193,#6195,.T.);
#6193 = VERTEX_POINT('',#6194);
#6194 = CARTESIAN_POINT('',(-2.5,-0.78,0.25));
#6195 = LINE('',#6196,#6197);
#6196 = CARTESIAN_POINT('',(-2.5,-0.78,0.375));
#6197 = VECTOR('',#6198,1.);
#6198 = DIRECTION('',(0.,0.,-1.));
#6199 = ORIENTED_EDGE('',*,*,#6200,.T.);
#6200 = EDGE_CURVE('',#6193,#6201,#6203,.T.);
#6201 = VERTEX_POINT('',#6202);
#6202 = CARTESIAN_POINT('',(-2.75,-0.78,1.110223024625E-16));
#6203 = CIRCLE('',#6204,0.25);
#6204 = AXIS2_PLACEMENT_3D('',#6205,#6206,#6207);
#6205 = CARTESIAN_POINT('',(-2.75,-0.78,0.25));
#6206 = DIRECTION('',(-9.95799250103E-17,1.,0.));
#6207 = DIRECTION('',(1.,9.95799250103E-17,-2.442490654175E-15));
#6208 = ORIENTED_EDGE('',*,*,#6209,.T.);
#6209 = EDGE_CURVE('',#6201,#6210,#6212,.T.);
#6210 = VERTEX_POINT('',#6211);
#6211 = CARTESIAN_POINT('',(-3.2,-0.78,1.110223024625E-16));
#6212 = LINE('',#6213,#6214);
#6213 = CARTESIAN_POINT('',(-2.75,-0.78,1.110223024625E-16));
#6214 = VECTOR('',#6215,1.);
#6215 = DIRECTION('',(-1.,-9.95799250103E-17,0.));
#6216 = ORIENTED_EDGE('',*,*,#6217,.T.);
#6217 = EDGE_CURVE('',#6210,#6218,#6220,.T.);
#6218 = VERTEX_POINT('',#6219);
#6219 = CARTESIAN_POINT('',(-3.2,-0.78,0.15));
#6220 = LINE('',#6221,#6222);
#6221 = CARTESIAN_POINT('',(-3.2,-0.78,1.110223024625E-16));
#6222 = VECTOR('',#6223,1.);
#6223 = DIRECTION('',(0.,0.,1.));
#6224 = ORIENTED_EDGE('',*,*,#6225,.T.);
#6225 = EDGE_CURVE('',#6218,#6226,#6228,.T.);
#6226 = VERTEX_POINT('',#6227);
#6227 = CARTESIAN_POINT('',(-2.75,-0.78,0.15));
#6228 = LINE('',#6229,#6230);
#6229 = CARTESIAN_POINT('',(-3.2,-0.78,0.15));
#6230 = VECTOR('',#6231,1.);
#6231 = DIRECTION('',(1.,9.95799250103E-17,0.));
#6232 = ORIENTED_EDGE('',*,*,#6233,.T.);
#6233 = EDGE_CURVE('',#6226,#6234,#6236,.T.);
#6234 = VERTEX_POINT('',#6235);
#6235 = CARTESIAN_POINT('',(-2.65,-0.78,0.25));
#6236 = CIRCLE('',#6237,0.1);
#6237 = AXIS2_PLACEMENT_3D('',#6238,#6239,#6240);
#6238 = CARTESIAN_POINT('',(-2.75,-0.78,0.25));
#6239 = DIRECTION('',(9.95799250103E-17,-1.,0.));
#6240 = DIRECTION('',(0.,0.,-1.));
#6241 = ORIENTED_EDGE('',*,*,#6242,.T.);
#6242 = EDGE_CURVE('',#6234,#6243,#6245,.T.);
#6243 = VERTEX_POINT('',#6244);
#6244 = CARTESIAN_POINT('',(-2.65,-0.78,0.375));
#6245 = LINE('',#6246,#6247);
#6246 = CARTESIAN_POINT('',(-2.65,-0.78,0.25));
#6247 = VECTOR('',#6248,1.);
#6248 = DIRECTION('',(0.,0.,1.));
#6249 = ORIENTED_EDGE('',*,*,#6250,.T.);
#6250 = EDGE_CURVE('',#6243,#6251,#6253,.T.);
#6251 = VERTEX_POINT('',#6252);
#6252 = CARTESIAN_POINT('',(-2.4,-0.78,0.625));
#6253 = CIRCLE('',#6254,0.25);
#6254 = AXIS2_PLACEMENT_3D('',#6255,#6256,#6257);
#6255 = CARTESIAN_POINT('',(-2.4,-0.78,0.375));
#6256 = DIRECTION('',(-9.95799250103E-17,1.,0.));
#6257 = DIRECTION('',(-1.,-9.95799250103E-17,2.6645352591E-15));
#6258 = ORIENTED_EDGE('',*,*,#6259,.T.);
#6259 = EDGE_CURVE('',#6251,#4084,#6260,.T.);
#6260 = LINE('',#6261,#6262);
#6261 = CARTESIAN_POINT('',(-2.4,-0.78,0.625));
#6262 = VECTOR('',#6263,1.);
#6263 = DIRECTION('',(1.,9.95799250103E-17,0.));
#6264 = PLANE('',#6265);
#6265 = AXIS2_PLACEMENT_3D('',#6266,#6267,#6268);
#6266 = CARTESIAN_POINT('',(-2.634769719427,-0.78,0.289787506618));
#6267 = DIRECTION('',(-9.95799250103E-17,1.,0.));
#6268 = DIRECTION('',(0.,0.,1.));
#6269 = ADVANCED_FACE('',(#6270),#6356,.T.);
#6270 = FACE_BOUND('',#6271,.T.);
#6271 = EDGE_LOOP('',(#6272,#6273,#6274,#6283,#6291,#6300,#6308,#6316,
    #6324,#6333,#6341,#6350));
#6272 = ORIENTED_EDGE('',*,*,#4105,.F.);
#6273 = ORIENTED_EDGE('',*,*,#4176,.T.);
#6274 = ORIENTED_EDGE('',*,*,#6275,.T.);
#6275 = EDGE_CURVE('',#4177,#6276,#6278,.T.);
#6276 = VERTEX_POINT('',#6277);
#6277 = CARTESIAN_POINT('',(-2.5,0.78,0.375));
#6278 = CIRCLE('',#6279,0.1);
#6279 = AXIS2_PLACEMENT_3D('',#6280,#6281,#6282);
#6280 = CARTESIAN_POINT('',(-2.4,0.78,0.375));
#6281 = DIRECTION('',(9.95799250103E-17,-1.,0.));
#6282 = DIRECTION('',(0.,0.,1.));
#6283 = ORIENTED_EDGE('',*,*,#6284,.T.);
#6284 = EDGE_CURVE('',#6276,#6285,#6287,.T.);
#6285 = VERTEX_POINT('',#6286);
#6286 = CARTESIAN_POINT('',(-2.5,0.78,0.25));
#6287 = LINE('',#6288,#6289);
#6288 = CARTESIAN_POINT('',(-2.5,0.78,0.375));
#6289 = VECTOR('',#6290,1.);
#6290 = DIRECTION('',(0.,0.,-1.));
#6291 = ORIENTED_EDGE('',*,*,#6292,.T.);
#6292 = EDGE_CURVE('',#6285,#6293,#6295,.T.);
#6293 = VERTEX_POINT('',#6294);
#6294 = CARTESIAN_POINT('',(-2.75,0.78,1.110223024625E-16));
#6295 = CIRCLE('',#6296,0.25);
#6296 = AXIS2_PLACEMENT_3D('',#6297,#6298,#6299);
#6297 = CARTESIAN_POINT('',(-2.75,0.78,0.25));
#6298 = DIRECTION('',(-9.95799250103E-17,1.,0.));
#6299 = DIRECTION('',(1.,9.95799250103E-17,-2.442490654175E-15));
#6300 = ORIENTED_EDGE('',*,*,#6301,.T.);
#6301 = EDGE_CURVE('',#6293,#6302,#6304,.T.);
#6302 = VERTEX_POINT('',#6303);
#6303 = CARTESIAN_POINT('',(-3.2,0.78,1.110223024625E-16));
#6304 = LINE('',#6305,#6306);
#6305 = CARTESIAN_POINT('',(-2.75,0.78,1.110223024625E-16));
#6306 = VECTOR('',#6307,1.);
#6307 = DIRECTION('',(-1.,-9.95799250103E-17,0.));
#6308 = ORIENTED_EDGE('',*,*,#6309,.T.);
#6309 = EDGE_CURVE('',#6302,#6310,#6312,.T.);
#6310 = VERTEX_POINT('',#6311);
#6311 = CARTESIAN_POINT('',(-3.2,0.78,0.15));
#6312 = LINE('',#6313,#6314);
#6313 = CARTESIAN_POINT('',(-3.2,0.78,1.110223024625E-16));
#6314 = VECTOR('',#6315,1.);
#6315 = DIRECTION('',(0.,0.,1.));
#6316 = ORIENTED_EDGE('',*,*,#6317,.T.);
#6317 = EDGE_CURVE('',#6310,#6318,#6320,.T.);
#6318 = VERTEX_POINT('',#6319);
#6319 = CARTESIAN_POINT('',(-2.75,0.78,0.15));
#6320 = LINE('',#6321,#6322);
#6321 = CARTESIAN_POINT('',(-3.2,0.78,0.15));
#6322 = VECTOR('',#6323,1.);
#6323 = DIRECTION('',(1.,9.95799250103E-17,0.));
#6324 = ORIENTED_EDGE('',*,*,#6325,.T.);
#6325 = EDGE_CURVE('',#6318,#6326,#6328,.T.);
#6326 = VERTEX_POINT('',#6327);
#6327 = CARTESIAN_POINT('',(-2.65,0.78,0.25));
#6328 = CIRCLE('',#6329,0.1);
#6329 = AXIS2_PLACEMENT_3D('',#6330,#6331,#6332);
#6330 = CARTESIAN_POINT('',(-2.75,0.78,0.25));
#6331 = DIRECTION('',(9.95799250103E-17,-1.,0.));
#6332 = DIRECTION('',(0.,0.,-1.));
#6333 = ORIENTED_EDGE('',*,*,#6334,.T.);
#6334 = EDGE_CURVE('',#6326,#6335,#6337,.T.);
#6335 = VERTEX_POINT('',#6336);
#6336 = CARTESIAN_POINT('',(-2.65,0.78,0.375));
#6337 = LINE('',#6338,#6339);
#6338 = CARTESIAN_POINT('',(-2.65,0.78,0.25));
#6339 = VECTOR('',#6340,1.);
#6340 = DIRECTION('',(0.,0.,1.));
#6341 = ORIENTED_EDGE('',*,*,#6342,.T.);
#6342 = EDGE_CURVE('',#6335,#6343,#6345,.T.);
#6343 = VERTEX_POINT('',#6344);
#6344 = CARTESIAN_POINT('',(-2.4,0.78,0.625));
#6345 = CIRCLE('',#6346,0.25);
#6346 = AXIS2_PLACEMENT_3D('',#6347,#6348,#6349);
#6347 = CARTESIAN_POINT('',(-2.4,0.78,0.375));
#6348 = DIRECTION('',(-9.95799250103E-17,1.,0.));
#6349 = DIRECTION('',(-1.,-9.95799250103E-17,2.6645352591E-15));
#6350 = ORIENTED_EDGE('',*,*,#6351,.T.);
#6351 = EDGE_CURVE('',#6343,#4106,#6352,.T.);
#6352 = LINE('',#6353,#6354);
#6353 = CARTESIAN_POINT('',(-2.4,0.78,0.625));
#6354 = VECTOR('',#6355,1.);
#6355 = DIRECTION('',(1.,9.95799250103E-17,0.));
#6356 = PLANE('',#6357);
#6357 = AXIS2_PLACEMENT_3D('',#6358,#6359,#6360);
#6358 = CARTESIAN_POINT('',(-2.634769719427,0.78,0.289787506618));
#6359 = DIRECTION('',(-9.95799250103E-17,1.,0.));
#6360 = DIRECTION('',(0.,0.,1.));
#6361 = ADVANCED_FACE('',(#6362),#6378,.F.);
#6362 = FACE_BOUND('',#6363,.F.);
#6363 = EDGE_LOOP('',(#6364,#6370,#6371,#6377));
#6364 = ORIENTED_EDGE('',*,*,#6365,.F.);
#6365 = EDGE_CURVE('',#4106,#5116,#6366,.T.);
#6366 = LINE('',#6367,#6368);
#6367 = CARTESIAN_POINT('',(-2.4,0.78,0.625));
#6368 = VECTOR('',#6369,1.);
#6369 = DIRECTION('',(1.,9.95799250103E-17,0.));
#6370 = ORIENTED_EDGE('',*,*,#4122,.T.);
#6371 = ORIENTED_EDGE('',*,*,#6372,.T.);
#6372 = EDGE_CURVE('',#4115,#5124,#6373,.T.);
#6373 = LINE('',#6374,#6375);
#6374 = CARTESIAN_POINT('',(-2.4,1.17,0.625));
#6375 = VECTOR('',#6376,1.);
#6376 = DIRECTION('',(1.,9.95799250103E-17,0.));
#6377 = ORIENTED_EDGE('',*,*,#5123,.F.);
#6378 = B_SPLINE_SURFACE_WITH_KNOTS('',1,1,(
    (#6379,#6380)
    ,(#6381,#6382
    )),.UNSPECIFIED.,.F.,.F.,.F.,(2,2),(2,2),(0.,4.6),(0.,1.),
  .PIECEWISE_BEZIER_KNOTS.);
#6379 = CARTESIAN_POINT('',(-2.2,-2.3,0.625));
#6380 = CARTESIAN_POINT('',(-2.15,-2.275,0.625));
#6381 = CARTESIAN_POINT('',(-2.2,2.3,0.625));
#6382 = CARTESIAN_POINT('',(-2.15,2.275,0.625));
#6383 = ADVANCED_FACE('',(#6384),#6403,.F.);
#6384 = FACE_BOUND('',#6385,.F.);
#6385 = EDGE_LOOP('',(#6386,#6387,#6396,#6402));
#6386 = ORIENTED_EDGE('',*,*,#4153,.T.);
#6387 = ORIENTED_EDGE('',*,*,#6388,.T.);
#6388 = EDGE_CURVE('',#4146,#6389,#6391,.T.);
#6389 = VERTEX_POINT('',#6390);
#6390 = CARTESIAN_POINT('',(-2.5,-0.52,0.375));
#6391 = CIRCLE('',#6392,0.1);
#6392 = AXIS2_PLACEMENT_3D('',#6393,#6394,#6395);
#6393 = CARTESIAN_POINT('',(-2.4,-0.52,0.375));
#6394 = DIRECTION('',(9.95799250103E-17,-1.,0.));
#6395 = DIRECTION('',(0.,0.,1.));
#6396 = ORIENTED_EDGE('',*,*,#6397,.F.);
#6397 = EDGE_CURVE('',#6184,#6389,#6398,.T.);
#6398 = LINE('',#6399,#6400);
#6399 = CARTESIAN_POINT('',(-2.5,-0.78,0.375));
#6400 = VECTOR('',#6401,1.);
#6401 = DIRECTION('',(-9.95799250103E-17,1.,0.));
#6402 = ORIENTED_EDGE('',*,*,#6183,.F.);
#6403 = CYLINDRICAL_SURFACE('',#6404,0.1);
#6404 = AXIS2_PLACEMENT_3D('',#6405,#6406,#6407);
#6405 = CARTESIAN_POINT('',(-2.4,-0.78,0.375));
#6406 = DIRECTION('',(9.95799250103E-17,-1.,0.));
#6407 = DIRECTION('',(0.,0.,1.));
#6408 = ADVANCED_FACE('',(#6409),#6487,.T.);
#6409 = FACE_BOUND('',#6410,.T.);
#6410 = EDGE_LOOP('',(#6411,#6412,#6413,#6414,#6422,#6431,#6439,#6447,
    #6455,#6464,#6472,#6481));
#6411 = ORIENTED_EDGE('',*,*,#4198,.F.);
#6412 = ORIENTED_EDGE('',*,*,#4145,.T.);
#6413 = ORIENTED_EDGE('',*,*,#6388,.T.);
#6414 = ORIENTED_EDGE('',*,*,#6415,.T.);
#6415 = EDGE_CURVE('',#6389,#6416,#6418,.T.);
#6416 = VERTEX_POINT('',#6417);
#6417 = CARTESIAN_POINT('',(-2.5,-0.52,0.25));
#6418 = LINE('',#6419,#6420);
#6419 = CARTESIAN_POINT('',(-2.5,-0.52,0.375));
#6420 = VECTOR('',#6421,1.);
#6421 = DIRECTION('',(0.,0.,-1.));
#6422 = ORIENTED_EDGE('',*,*,#6423,.T.);
#6423 = EDGE_CURVE('',#6416,#6424,#6426,.T.);
#6424 = VERTEX_POINT('',#6425);
#6425 = CARTESIAN_POINT('',(-2.75,-0.52,1.110223024625E-16));
#6426 = CIRCLE('',#6427,0.25);
#6427 = AXIS2_PLACEMENT_3D('',#6428,#6429,#6430);
#6428 = CARTESIAN_POINT('',(-2.75,-0.52,0.25));
#6429 = DIRECTION('',(-9.95799250103E-17,1.,0.));
#6430 = DIRECTION('',(1.,9.95799250103E-17,-2.442490654175E-15));
#6431 = ORIENTED_EDGE('',*,*,#6432,.T.);
#6432 = EDGE_CURVE('',#6424,#6433,#6435,.T.);
#6433 = VERTEX_POINT('',#6434);
#6434 = CARTESIAN_POINT('',(-3.2,-0.52,1.110223024625E-16));
#6435 = LINE('',#6436,#6437);
#6436 = CARTESIAN_POINT('',(-2.75,-0.52,1.110223024625E-16));
#6437 = VECTOR('',#6438,1.);
#6438 = DIRECTION('',(-1.,-9.95799250103E-17,0.));
#6439 = ORIENTED_EDGE('',*,*,#6440,.T.);
#6440 = EDGE_CURVE('',#6433,#6441,#6443,.T.);
#6441 = VERTEX_POINT('',#6442);
#6442 = CARTESIAN_POINT('',(-3.2,-0.52,0.15));
#6443 = LINE('',#6444,#6445);
#6444 = CARTESIAN_POINT('',(-3.2,-0.52,1.110223024625E-16));
#6445 = VECTOR('',#6446,1.);
#6446 = DIRECTION('',(0.,0.,1.));
#6447 = ORIENTED_EDGE('',*,*,#6448,.T.);
#6448 = EDGE_CURVE('',#6441,#6449,#6451,.T.);
#6449 = VERTEX_POINT('',#6450);
#6450 = CARTESIAN_POINT('',(-2.75,-0.52,0.15));
#6451 = LINE('',#6452,#6453);
#6452 = CARTESIAN_POINT('',(-3.2,-0.52,0.15));
#6453 = VECTOR('',#6454,1.);
#6454 = DIRECTION('',(1.,9.95799250103E-17,0.));
#6455 = ORIENTED_EDGE('',*,*,#6456,.T.);
#6456 = EDGE_CURVE('',#6449,#6457,#6459,.T.);
#6457 = VERTEX_POINT('',#6458);
#6458 = CARTESIAN_POINT('',(-2.65,-0.52,0.25));
#6459 = CIRCLE('',#6460,0.1);
#6460 = AXIS2_PLACEMENT_3D('',#6461,#6462,#6463);
#6461 = CARTESIAN_POINT('',(-2.75,-0.52,0.25));
#6462 = DIRECTION('',(9.95799250103E-17,-1.,0.));
#6463 = DIRECTION('',(0.,0.,-1.));
#6464 = ORIENTED_EDGE('',*,*,#6465,.T.);
#6465 = EDGE_CURVE('',#6457,#6466,#6468,.T.);
#6466 = VERTEX_POINT('',#6467);
#6467 = CARTESIAN_POINT('',(-2.65,-0.52,0.375));
#6468 = LINE('',#6469,#6470);
#6469 = CARTESIAN_POINT('',(-2.65,-0.52,0.25));
#6470 = VECTOR('',#6471,1.);
#6471 = DIRECTION('',(0.,0.,1.));
#6472 = ORIENTED_EDGE('',*,*,#6473,.T.);
#6473 = EDGE_CURVE('',#6466,#6474,#6476,.T.);
#6474 = VERTEX_POINT('',#6475);
#6475 = CARTESIAN_POINT('',(-2.4,-0.52,0.625));
#6476 = CIRCLE('',#6477,0.25);
#6477 = AXIS2_PLACEMENT_3D('',#6478,#6479,#6480);
#6478 = CARTESIAN_POINT('',(-2.4,-0.52,0.375));
#6479 = DIRECTION('',(-9.95799250103E-17,1.,0.));
#6480 = DIRECTION('',(-1.,-9.95799250103E-17,2.6645352591E-15));
#6481 = ORIENTED_EDGE('',*,*,#6482,.T.);
#6482 = EDGE_CURVE('',#6474,#4199,#6483,.T.);
#6483 = LINE('',#6484,#6485);
#6484 = CARTESIAN_POINT('',(-2.4,-0.52,0.625));
#6485 = VECTOR('',#6486,1.);
#6486 = DIRECTION('',(1.,9.95799250103E-17,0.));
#6487 = PLANE('',#6488);
#6488 = AXIS2_PLACEMENT_3D('',#6489,#6490,#6491);
#6489 = CARTESIAN_POINT('',(-2.634769719427,-0.52,0.289787506618));
#6490 = DIRECTION('',(-9.95799250103E-17,1.,0.));
#6491 = DIRECTION('',(0.,0.,1.));
#6492 = ADVANCED_FACE('',(#6493),#6579,.F.);
#6493 = FACE_BOUND('',#6494,.F.);
#6494 = EDGE_LOOP('',(#6495,#6496,#6497,#6506,#6514,#6523,#6531,#6539,
    #6547,#6556,#6564,#6573));
#6495 = ORIENTED_EDGE('',*,*,#4238,.F.);
#6496 = ORIENTED_EDGE('',*,*,#4167,.T.);
#6497 = ORIENTED_EDGE('',*,*,#6498,.T.);
#6498 = EDGE_CURVE('',#4168,#6499,#6501,.T.);
#6499 = VERTEX_POINT('',#6500);
#6500 = CARTESIAN_POINT('',(-2.5,0.52,0.375));
#6501 = CIRCLE('',#6502,0.1);
#6502 = AXIS2_PLACEMENT_3D('',#6503,#6504,#6505);
#6503 = CARTESIAN_POINT('',(-2.4,0.52,0.375));
#6504 = DIRECTION('',(9.95799250103E-17,-1.,0.));
#6505 = DIRECTION('',(0.,0.,1.));
#6506 = ORIENTED_EDGE('',*,*,#6507,.T.);
#6507 = EDGE_CURVE('',#6499,#6508,#6510,.T.);
#6508 = VERTEX_POINT('',#6509);
#6509 = CARTESIAN_POINT('',(-2.5,0.52,0.25));
#6510 = LINE('',#6511,#6512);
#6511 = CARTESIAN_POINT('',(-2.5,0.52,0.375));
#6512 = VECTOR('',#6513,1.);
#6513 = DIRECTION('',(0.,0.,-1.));
#6514 = ORIENTED_EDGE('',*,*,#6515,.T.);
#6515 = EDGE_CURVE('',#6508,#6516,#6518,.T.);
#6516 = VERTEX_POINT('',#6517);
#6517 = CARTESIAN_POINT('',(-2.75,0.52,1.110223024625E-16));
#6518 = CIRCLE('',#6519,0.25);
#6519 = AXIS2_PLACEMENT_3D('',#6520,#6521,#6522);
#6520 = CARTESIAN_POINT('',(-2.75,0.52,0.25));
#6521 = DIRECTION('',(-9.95799250103E-17,1.,0.));
#6522 = DIRECTION('',(1.,9.95799250103E-17,-2.442490654175E-15));
#6523 = ORIENTED_EDGE('',*,*,#6524,.T.);
#6524 = EDGE_CURVE('',#6516,#6525,#6527,.T.);
#6525 = VERTEX_POINT('',#6526);
#6526 = CARTESIAN_POINT('',(-3.2,0.52,1.110223024625E-16));
#6527 = LINE('',#6528,#6529);
#6528 = CARTESIAN_POINT('',(-2.75,0.52,1.110223024625E-16));
#6529 = VECTOR('',#6530,1.);
#6530 = DIRECTION('',(-1.,-9.95799250103E-17,0.));
#6531 = ORIENTED_EDGE('',*,*,#6532,.T.);
#6532 = EDGE_CURVE('',#6525,#6533,#6535,.T.);
#6533 = VERTEX_POINT('',#6534);
#6534 = CARTESIAN_POINT('',(-3.2,0.52,0.15));
#6535 = LINE('',#6536,#6537);
#6536 = CARTESIAN_POINT('',(-3.2,0.52,1.110223024625E-16));
#6537 = VECTOR('',#6538,1.);
#6538 = DIRECTION('',(0.,0.,1.));
#6539 = ORIENTED_EDGE('',*,*,#6540,.T.);
#6540 = EDGE_CURVE('',#6533,#6541,#6543,.T.);
#6541 = VERTEX_POINT('',#6542);
#6542 = CARTESIAN_POINT('',(-2.75,0.52,0.15));
#6543 = LINE('',#6544,#6545);
#6544 = CARTESIAN_POINT('',(-3.2,0.52,0.15));
#6545 = VECTOR('',#6546,1.);
#6546 = DIRECTION('',(1.,9.95799250103E-17,0.));
#6547 = ORIENTED_EDGE('',*,*,#6548,.T.);
#6548 = EDGE_CURVE('',#6541,#6549,#6551,.T.);
#6549 = VERTEX_POINT('',#6550);
#6550 = CARTESIAN_POINT('',(-2.65,0.52,0.25));
#6551 = CIRCLE('',#6552,0.1);
#6552 = AXIS2_PLACEMENT_3D('',#6553,#6554,#6555);
#6553 = CARTESIAN_POINT('',(-2.75,0.52,0.25));
#6554 = DIRECTION('',(9.95799250103E-17,-1.,0.));
#6555 = DIRECTION('',(0.,0.,-1.));
#6556 = ORIENTED_EDGE('',*,*,#6557,.T.);
#6557 = EDGE_CURVE('',#6549,#6558,#6560,.T.);
#6558 = VERTEX_POINT('',#6559);
#6559 = CARTESIAN_POINT('',(-2.65,0.52,0.375));
#6560 = LINE('',#6561,#6562);
#6561 = CARTESIAN_POINT('',(-2.65,0.52,0.25));
#6562 = VECTOR('',#6563,1.);
#6563 = DIRECTION('',(0.,0.,1.));
#6564 = ORIENTED_EDGE('',*,*,#6565,.T.);
#6565 = EDGE_CURVE('',#6558,#6566,#6568,.T.);
#6566 = VERTEX_POINT('',#6567);
#6567 = CARTESIAN_POINT('',(-2.4,0.52,0.625));
#6568 = CIRCLE('',#6569,0.25);
#6569 = AXIS2_PLACEMENT_3D('',#6570,#6571,#6572);
#6570 = CARTESIAN_POINT('',(-2.4,0.52,0.375));
#6571 = DIRECTION('',(-9.95799250103E-17,1.,0.));
#6572 = DIRECTION('',(-1.,-9.95799250103E-17,2.6645352591E-15));
#6573 = ORIENTED_EDGE('',*,*,#6574,.T.);
#6574 = EDGE_CURVE('',#6566,#4239,#6575,.T.);
#6575 = LINE('',#6576,#6577);
#6576 = CARTESIAN_POINT('',(-2.4,0.52,0.625));
#6577 = VECTOR('',#6578,1.);
#6578 = DIRECTION('',(1.,9.95799250103E-17,0.));
#6579 = PLANE('',#6580);
#6580 = AXIS2_PLACEMENT_3D('',#6581,#6582,#6583);
#6581 = CARTESIAN_POINT('',(-2.634769719427,0.52,0.289787506618));
#6582 = DIRECTION('',(-9.95799250103E-17,1.,0.));
#6583 = DIRECTION('',(0.,0.,1.));
#6584 = ADVANCED_FACE('',(#6585),#6596,.F.);
#6585 = FACE_BOUND('',#6586,.F.);
#6586 = EDGE_LOOP('',(#6587,#6588,#6589,#6595));
#6587 = ORIENTED_EDGE('',*,*,#4184,.T.);
#6588 = ORIENTED_EDGE('',*,*,#6275,.T.);
#6589 = ORIENTED_EDGE('',*,*,#6590,.F.);
#6590 = EDGE_CURVE('',#6499,#6276,#6591,.T.);
#6591 = LINE('',#6592,#6593);
#6592 = CARTESIAN_POINT('',(-2.5,0.52,0.375));
#6593 = VECTOR('',#6594,1.);
#6594 = DIRECTION('',(-9.95799250103E-17,1.,0.));
#6595 = ORIENTED_EDGE('',*,*,#6498,.F.);
#6596 = CYLINDRICAL_SURFACE('',#6597,0.1);
#6597 = AXIS2_PLACEMENT_3D('',#6598,#6599,#6600);
#6598 = CARTESIAN_POINT('',(-2.4,0.52,0.375));
#6599 = DIRECTION('',(9.95799250103E-17,-1.,0.));
#6600 = DIRECTION('',(0.,0.,1.));
#6601 = ADVANCED_FACE('',(#6602),#6618,.F.);
#6602 = FACE_BOUND('',#6603,.F.);
#6603 = EDGE_LOOP('',(#6604,#6610,#6611,#6617));
#6604 = ORIENTED_EDGE('',*,*,#6605,.F.);
#6605 = EDGE_CURVE('',#4199,#5084,#6606,.T.);
#6606 = LINE('',#6607,#6608);
#6607 = CARTESIAN_POINT('',(-2.4,-0.52,0.625));
#6608 = VECTOR('',#6609,1.);
#6609 = DIRECTION('',(1.,9.95799250103E-17,0.));
#6610 = ORIENTED_EDGE('',*,*,#4215,.T.);
#6611 = ORIENTED_EDGE('',*,*,#6612,.T.);
#6612 = EDGE_CURVE('',#4208,#5092,#6613,.T.);
#6613 = LINE('',#6614,#6615);
#6614 = CARTESIAN_POINT('',(-2.4,-0.13,0.625));
#6615 = VECTOR('',#6616,1.);
#6616 = DIRECTION('',(1.,9.95799250103E-17,0.));
#6617 = ORIENTED_EDGE('',*,*,#5091,.F.);
#6618 = B_SPLINE_SURFACE_WITH_KNOTS('',1,1,(
    (#6619,#6620)
    ,(#6621,#6622
    )),.UNSPECIFIED.,.F.,.F.,.F.,(2,2),(2,2),(0.,4.6),(0.,1.),
  .PIECEWISE_BEZIER_KNOTS.);
#6619 = CARTESIAN_POINT('',(-2.2,-2.3,0.625));
#6620 = CARTESIAN_POINT('',(-2.15,-2.275,0.625));
#6621 = CARTESIAN_POINT('',(-2.2,2.3,0.625));
#6622 = CARTESIAN_POINT('',(-2.15,2.275,0.625));
#6623 = ADVANCED_FACE('',(#6624),#6710,.F.);
#6624 = FACE_BOUND('',#6625,.F.);
#6625 = EDGE_LOOP('',(#6626,#6627,#6628,#6637,#6645,#6654,#6662,#6670,
    #6678,#6687,#6695,#6704));
#6626 = ORIENTED_EDGE('',*,*,#4207,.F.);
#6627 = ORIENTED_EDGE('',*,*,#4260,.T.);
#6628 = ORIENTED_EDGE('',*,*,#6629,.T.);
#6629 = EDGE_CURVE('',#4261,#6630,#6632,.T.);
#6630 = VERTEX_POINT('',#6631);
#6631 = CARTESIAN_POINT('',(-2.5,-0.13,0.375));
#6632 = CIRCLE('',#6633,0.1);
#6633 = AXIS2_PLACEMENT_3D('',#6634,#6635,#6636);
#6634 = CARTESIAN_POINT('',(-2.4,-0.13,0.375));
#6635 = DIRECTION('',(9.95799250103E-17,-1.,0.));
#6636 = DIRECTION('',(0.,0.,1.));
#6637 = ORIENTED_EDGE('',*,*,#6638,.T.);
#6638 = EDGE_CURVE('',#6630,#6639,#6641,.T.);
#6639 = VERTEX_POINT('',#6640);
#6640 = CARTESIAN_POINT('',(-2.5,-0.13,0.25));
#6641 = LINE('',#6642,#6643);
#6642 = CARTESIAN_POINT('',(-2.5,-0.13,0.375));
#6643 = VECTOR('',#6644,1.);
#6644 = DIRECTION('',(0.,0.,-1.));
#6645 = ORIENTED_EDGE('',*,*,#6646,.T.);
#6646 = EDGE_CURVE('',#6639,#6647,#6649,.T.);
#6647 = VERTEX_POINT('',#6648);
#6648 = CARTESIAN_POINT('',(-2.75,-0.13,1.110223024625E-16));
#6649 = CIRCLE('',#6650,0.25);
#6650 = AXIS2_PLACEMENT_3D('',#6651,#6652,#6653);
#6651 = CARTESIAN_POINT('',(-2.75,-0.13,0.25));
#6652 = DIRECTION('',(-9.95799250103E-17,1.,0.));
#6653 = DIRECTION('',(1.,9.95799250103E-17,-2.442490654175E-15));
#6654 = ORIENTED_EDGE('',*,*,#6655,.T.);
#6655 = EDGE_CURVE('',#6647,#6656,#6658,.T.);
#6656 = VERTEX_POINT('',#6657);
#6657 = CARTESIAN_POINT('',(-3.2,-0.13,1.110223024625E-16));
#6658 = LINE('',#6659,#6660);
#6659 = CARTESIAN_POINT('',(-2.75,-0.13,1.110223024625E-16));
#6660 = VECTOR('',#6661,1.);
#6661 = DIRECTION('',(-1.,-9.95799250103E-17,0.));
#6662 = ORIENTED_EDGE('',*,*,#6663,.T.);
#6663 = EDGE_CURVE('',#6656,#6664,#6666,.T.);
#6664 = VERTEX_POINT('',#6665);
#6665 = CARTESIAN_POINT('',(-3.2,-0.13,0.15));
#6666 = LINE('',#6667,#6668);
#6667 = CARTESIAN_POINT('',(-3.2,-0.13,1.110223024625E-16));
#6668 = VECTOR('',#6669,1.);
#6669 = DIRECTION('',(0.,0.,1.));
#6670 = ORIENTED_EDGE('',*,*,#6671,.T.);
#6671 = EDGE_CURVE('',#6664,#6672,#6674,.T.);
#6672 = VERTEX_POINT('',#6673);
#6673 = CARTESIAN_POINT('',(-2.75,-0.13,0.15));
#6674 = LINE('',#6675,#6676);
#6675 = CARTESIAN_POINT('',(-3.2,-0.13,0.15));
#6676 = VECTOR('',#6677,1.);
#6677 = DIRECTION('',(1.,9.95799250103E-17,0.));
#6678 = ORIENTED_EDGE('',*,*,#6679,.T.);
#6679 = EDGE_CURVE('',#6672,#6680,#6682,.T.);
#6680 = VERTEX_POINT('',#6681);
#6681 = CARTESIAN_POINT('',(-2.65,-0.13,0.25));
#6682 = CIRCLE('',#6683,0.1);
#6683 = AXIS2_PLACEMENT_3D('',#6684,#6685,#6686);
#6684 = CARTESIAN_POINT('',(-2.75,-0.13,0.25));
#6685 = DIRECTION('',(9.95799250103E-17,-1.,0.));
#6686 = DIRECTION('',(0.,0.,-1.));
#6687 = ORIENTED_EDGE('',*,*,#6688,.T.);
#6688 = EDGE_CURVE('',#6680,#6689,#6691,.T.);
#6689 = VERTEX_POINT('',#6690);
#6690 = CARTESIAN_POINT('',(-2.65,-0.13,0.375));
#6691 = LINE('',#6692,#6693);
#6692 = CARTESIAN_POINT('',(-2.65,-0.13,0.25));
#6693 = VECTOR('',#6694,1.);
#6694 = DIRECTION('',(0.,0.,1.));
#6695 = ORIENTED_EDGE('',*,*,#6696,.T.);
#6696 = EDGE_CURVE('',#6689,#6697,#6699,.T.);
#6697 = VERTEX_POINT('',#6698);
#6698 = CARTESIAN_POINT('',(-2.4,-0.13,0.625));
#6699 = CIRCLE('',#6700,0.25);
#6700 = AXIS2_PLACEMENT_3D('',#6701,#6702,#6703);
#6701 = CARTESIAN_POINT('',(-2.4,-0.13,0.375));
#6702 = DIRECTION('',(-9.95799250103E-17,1.,0.));
#6703 = DIRECTION('',(-1.,-9.95799250103E-17,2.6645352591E-15));
#6704 = ORIENTED_EDGE('',*,*,#6705,.T.);
#6705 = EDGE_CURVE('',#6697,#4208,#6706,.T.);
#6706 = LINE('',#6707,#6708);
#6707 = CARTESIAN_POINT('',(-2.4,-0.13,0.625));
#6708 = VECTOR('',#6709,1.);
#6709 = DIRECTION('',(1.,9.95799250103E-17,0.));
#6710 = PLANE('',#6711);
#6711 = AXIS2_PLACEMENT_3D('',#6712,#6713,#6714);
#6712 = CARTESIAN_POINT('',(-2.634769719427,-0.13,0.289787506618));
#6713 = DIRECTION('',(-9.95799250103E-17,1.,0.));
#6714 = DIRECTION('',(0.,0.,1.));
#6715 = ADVANCED_FACE('',(#6716),#6802,.T.);
#6716 = FACE_BOUND('',#6717,.T.);
#6717 = EDGE_LOOP('',(#6718,#6719,#6720,#6729,#6737,#6746,#6754,#6762,
    #6770,#6779,#6787,#6796));
#6718 = ORIENTED_EDGE('',*,*,#4229,.F.);
#6719 = ORIENTED_EDGE('',*,*,#4269,.T.);
#6720 = ORIENTED_EDGE('',*,*,#6721,.T.);
#6721 = EDGE_CURVE('',#4270,#6722,#6724,.T.);
#6722 = VERTEX_POINT('',#6723);
#6723 = CARTESIAN_POINT('',(-2.5,0.13,0.375));
#6724 = CIRCLE('',#6725,0.1);
#6725 = AXIS2_PLACEMENT_3D('',#6726,#6727,#6728);
#6726 = CARTESIAN_POINT('',(-2.4,0.13,0.375));
#6727 = DIRECTION('',(9.95799250103E-17,-1.,0.));
#6728 = DIRECTION('',(0.,0.,1.));
#6729 = ORIENTED_EDGE('',*,*,#6730,.T.);
#6730 = EDGE_CURVE('',#6722,#6731,#6733,.T.);
#6731 = VERTEX_POINT('',#6732);
#6732 = CARTESIAN_POINT('',(-2.5,0.13,0.25));
#6733 = LINE('',#6734,#6735);
#6734 = CARTESIAN_POINT('',(-2.5,0.13,0.375));
#6735 = VECTOR('',#6736,1.);
#6736 = DIRECTION('',(0.,0.,-1.));
#6737 = ORIENTED_EDGE('',*,*,#6738,.T.);
#6738 = EDGE_CURVE('',#6731,#6739,#6741,.T.);
#6739 = VERTEX_POINT('',#6740);
#6740 = CARTESIAN_POINT('',(-2.75,0.13,1.110223024625E-16));
#6741 = CIRCLE('',#6742,0.25);
#6742 = AXIS2_PLACEMENT_3D('',#6743,#6744,#6745);
#6743 = CARTESIAN_POINT('',(-2.75,0.13,0.25));
#6744 = DIRECTION('',(-9.95799250103E-17,1.,0.));
#6745 = DIRECTION('',(1.,9.95799250103E-17,-2.442490654175E-15));
#6746 = ORIENTED_EDGE('',*,*,#6747,.T.);
#6747 = EDGE_CURVE('',#6739,#6748,#6750,.T.);
#6748 = VERTEX_POINT('',#6749);
#6749 = CARTESIAN_POINT('',(-3.2,0.13,1.110223024625E-16));
#6750 = LINE('',#6751,#6752);
#6751 = CARTESIAN_POINT('',(-2.75,0.13,1.110223024625E-16));
#6752 = VECTOR('',#6753,1.);
#6753 = DIRECTION('',(-1.,-9.95799250103E-17,0.));
#6754 = ORIENTED_EDGE('',*,*,#6755,.T.);
#6755 = EDGE_CURVE('',#6748,#6756,#6758,.T.);
#6756 = VERTEX_POINT('',#6757);
#6757 = CARTESIAN_POINT('',(-3.2,0.13,0.15));
#6758 = LINE('',#6759,#6760);
#6759 = CARTESIAN_POINT('',(-3.2,0.13,1.110223024625E-16));
#6760 = VECTOR('',#6761,1.);
#6761 = DIRECTION('',(0.,0.,1.));
#6762 = ORIENTED_EDGE('',*,*,#6763,.T.);
#6763 = EDGE_CURVE('',#6756,#6764,#6766,.T.);
#6764 = VERTEX_POINT('',#6765);
#6765 = CARTESIAN_POINT('',(-2.75,0.13,0.15));
#6766 = LINE('',#6767,#6768);
#6767 = CARTESIAN_POINT('',(-3.2,0.13,0.15));
#6768 = VECTOR('',#6769,1.);
#6769 = DIRECTION('',(1.,9.95799250103E-17,0.));
#6770 = ORIENTED_EDGE('',*,*,#6771,.T.);
#6771 = EDGE_CURVE('',#6764,#6772,#6774,.T.);
#6772 = VERTEX_POINT('',#6773);
#6773 = CARTESIAN_POINT('',(-2.65,0.13,0.25));
#6774 = CIRCLE('',#6775,0.1);
#6775 = AXIS2_PLACEMENT_3D('',#6776,#6777,#6778);
#6776 = CARTESIAN_POINT('',(-2.75,0.13,0.25));
#6777 = DIRECTION('',(9.95799250103E-17,-1.,0.));
#6778 = DIRECTION('',(0.,0.,-1.));
#6779 = ORIENTED_EDGE('',*,*,#6780,.T.);
#6780 = EDGE_CURVE('',#6772,#6781,#6783,.T.);
#6781 = VERTEX_POINT('',#6782);
#6782 = CARTESIAN_POINT('',(-2.65,0.13,0.375));
#6783 = LINE('',#6784,#6785);
#6784 = CARTESIAN_POINT('',(-2.65,0.13,0.25));
#6785 = VECTOR('',#6786,1.);
#6786 = DIRECTION('',(0.,0.,1.));
#6787 = ORIENTED_EDGE('',*,*,#6788,.T.);
#6788 = EDGE_CURVE('',#6781,#6789,#6791,.T.);
#6789 = VERTEX_POINT('',#6790);
#6790 = CARTESIAN_POINT('',(-2.4,0.13,0.625));
#6791 = CIRCLE('',#6792,0.25);
#6792 = AXIS2_PLACEMENT_3D('',#6793,#6794,#6795);
#6793 = CARTESIAN_POINT('',(-2.4,0.13,0.375));
#6794 = DIRECTION('',(-9.95799250103E-17,1.,0.));
#6795 = DIRECTION('',(-1.,-9.95799250103E-17,2.6645352591E-15));
#6796 = ORIENTED_EDGE('',*,*,#6797,.T.);
#6797 = EDGE_CURVE('',#6789,#4230,#6798,.T.);
#6798 = LINE('',#6799,#6800);
#6799 = CARTESIAN_POINT('',(-2.4,0.13,0.625));
#6800 = VECTOR('',#6801,1.);
#6801 = DIRECTION('',(1.,9.95799250103E-17,0.));
#6802 = PLANE('',#6803);
#6803 = AXIS2_PLACEMENT_3D('',#6804,#6805,#6806);
#6804 = CARTESIAN_POINT('',(-2.634769719427,0.13,0.289787506618));
#6805 = DIRECTION('',(-9.95799250103E-17,1.,0.));
#6806 = DIRECTION('',(0.,0.,1.));
#6807 = ADVANCED_FACE('',(#6808),#6824,.F.);
#6808 = FACE_BOUND('',#6809,.F.);
#6809 = EDGE_LOOP('',(#6810,#6816,#6817,#6823));
#6810 = ORIENTED_EDGE('',*,*,#6811,.F.);
#6811 = EDGE_CURVE('',#4230,#5100,#6812,.T.);
#6812 = LINE('',#6813,#6814);
#6813 = CARTESIAN_POINT('',(-2.4,0.13,0.625));
#6814 = VECTOR('',#6815,1.);
#6815 = DIRECTION('',(1.,9.95799250103E-17,0.));
#6816 = ORIENTED_EDGE('',*,*,#4246,.T.);
#6817 = ORIENTED_EDGE('',*,*,#6818,.T.);
#6818 = EDGE_CURVE('',#4239,#5108,#6819,.T.);
#6819 = LINE('',#6820,#6821);
#6820 = CARTESIAN_POINT('',(-2.4,0.52,0.625));
#6821 = VECTOR('',#6822,1.);
#6822 = DIRECTION('',(1.,9.95799250103E-17,0.));
#6823 = ORIENTED_EDGE('',*,*,#5107,.F.);
#6824 = B_SPLINE_SURFACE_WITH_KNOTS('',1,1,(
    (#6825,#6826)
    ,(#6827,#6828
    )),.UNSPECIFIED.,.F.,.F.,.F.,(2,2),(2,2),(0.,4.6),(0.,1.),
  .PIECEWISE_BEZIER_KNOTS.);
#6825 = CARTESIAN_POINT('',(-2.2,-2.3,0.625));
#6826 = CARTESIAN_POINT('',(-2.15,-2.275,0.625));
#6827 = CARTESIAN_POINT('',(-2.2,2.3,0.625));
#6828 = CARTESIAN_POINT('',(-2.15,2.275,0.625));
#6829 = ADVANCED_FACE('',(#6830),#6841,.F.);
#6830 = FACE_BOUND('',#6831,.F.);
#6831 = EDGE_LOOP('',(#6832,#6833,#6834,#6840));
#6832 = ORIENTED_EDGE('',*,*,#4277,.T.);
#6833 = ORIENTED_EDGE('',*,*,#6721,.T.);
#6834 = ORIENTED_EDGE('',*,*,#6835,.F.);
#6835 = EDGE_CURVE('',#6630,#6722,#6836,.T.);
#6836 = LINE('',#6837,#6838);
#6837 = CARTESIAN_POINT('',(-2.5,-0.13,0.375));
#6838 = VECTOR('',#6839,1.);
#6839 = DIRECTION('',(-9.95799250103E-17,1.,0.));
#6840 = ORIENTED_EDGE('',*,*,#6629,.F.);
#6841 = CYLINDRICAL_SURFACE('',#6842,0.1);
#6842 = AXIS2_PLACEMENT_3D('',#6843,#6844,#6845);
#6843 = CARTESIAN_POINT('',(-2.4,-0.13,0.375));
#6844 = DIRECTION('',(9.95799250103E-17,-1.,0.));
#6845 = DIRECTION('',(0.,0.,1.));
#6846 = ADVANCED_FACE('',(#6847),#6853,.F.);
#6847 = FACE_BOUND('',#6848,.F.);
#6848 = EDGE_LOOP('',(#6849,#6850,#6851,#6852));
#6849 = ORIENTED_EDGE('',*,*,#4293,.T.);
#6850 = ORIENTED_EDGE('',*,*,#4989,.T.);
#6851 = ORIENTED_EDGE('',*,*,#5018,.F.);
#6852 = ORIENTED_EDGE('',*,*,#5481,.F.);
#6853 = B_SPLINE_SURFACE_WITH_KNOTS('',1,1,(
    (#6854,#6855)
    ,(#6856,#6857
    )),.UNSPECIFIED.,.F.,.F.,.F.,(2,2),(2,2),(0.,0.282842712475),(0.,1.)
  ,.PIECEWISE_BEZIER_KNOTS.);
#6854 = CARTESIAN_POINT('',(-2.2,2.3,0.625));
#6855 = CARTESIAN_POINT('',(-2.15,2.275,0.625));
#6856 = CARTESIAN_POINT('',(-2.,2.5,0.625));
#6857 = CARTESIAN_POINT('',(-1.975,2.45,0.625));
#6858 = ADVANCED_FACE('',(#6859),#6872,.F.);
#6859 = FACE_BOUND('',#6860,.F.);
#6860 = EDGE_LOOP('',(#6861,#6862,#6868,#6869,#6870,#6871));
#6861 = ORIENTED_EDGE('',*,*,#5368,.F.);
#6862 = ORIENTED_EDGE('',*,*,#6863,.T.);
#6863 = EDGE_CURVE('',#5360,#5582,#6864,.T.);
#6864 = LINE('',#6865,#6866);
#6865 = CARTESIAN_POINT('',(-2.4,-2.08,0.625));
#6866 = VECTOR('',#6867,1.);
#6867 = DIRECTION('',(-9.95799250103E-17,1.,0.));
#6868 = ORIENTED_EDGE('',*,*,#5590,.T.);
#6869 = ORIENTED_EDGE('',*,*,#5713,.T.);
#6870 = ORIENTED_EDGE('',*,*,#5051,.F.);
#6871 = ORIENTED_EDGE('',*,*,#5275,.F.);
#6872 = PLANE('',#6873);
#6873 = AXIS2_PLACEMENT_3D('',#6874,#6875,#6876);
#6874 = CARTESIAN_POINT('',(-2.4,-2.08,0.625));
#6875 = DIRECTION('',(0.,0.,-1.));
#6876 = DIRECTION('',(1.,9.95799250103E-17,0.));
#6877 = ADVANCED_FACE('',(#6878),#6891,.F.);
#6878 = FACE_BOUND('',#6879,.F.);
#6879 = EDGE_LOOP('',(#6880,#6881,#6887,#6888,#6889,#6890));
#6880 = ORIENTED_EDGE('',*,*,#5813,.F.);
#6881 = ORIENTED_EDGE('',*,*,#6882,.T.);
#6882 = EDGE_CURVE('',#5805,#6028,#6883,.T.);
#6883 = LINE('',#6884,#6885);
#6884 = CARTESIAN_POINT('',(-2.4,-1.43,0.625));
#6885 = VECTOR('',#6886,1.);
#6886 = DIRECTION('',(-9.95799250103E-17,1.,0.));
#6887 = ORIENTED_EDGE('',*,*,#6036,.T.);
#6888 = ORIENTED_EDGE('',*,*,#6159,.T.);
#6889 = ORIENTED_EDGE('',*,*,#5067,.F.);
#6890 = ORIENTED_EDGE('',*,*,#5720,.F.);
#6891 = PLANE('',#6892);
#6892 = AXIS2_PLACEMENT_3D('',#6893,#6894,#6895);
#6893 = CARTESIAN_POINT('',(-2.4,-1.43,0.625));
#6894 = DIRECTION('',(0.,0.,-1.));
#6895 = DIRECTION('',(1.,9.95799250103E-17,0.));
#6896 = ADVANCED_FACE('',(#6897),#6910,.F.);
#6897 = FACE_BOUND('',#6898,.F.);
#6898 = EDGE_LOOP('',(#6899,#6900,#6906,#6907,#6908,#6909));
#6899 = ORIENTED_EDGE('',*,*,#5682,.F.);
#6900 = ORIENTED_EDGE('',*,*,#6901,.T.);
#6901 = EDGE_CURVE('',#5674,#5452,#6902,.T.);
#6902 = LINE('',#6903,#6904);
#6903 = CARTESIAN_POINT('',(-2.4,1.82,0.625));
#6904 = VECTOR('',#6905,1.);
#6905 = DIRECTION('',(-9.95799250103E-17,1.,0.));
#6906 = ORIENTED_EDGE('',*,*,#5460,.T.);
#6907 = ORIENTED_EDGE('',*,*,#5474,.T.);
#6908 = ORIENTED_EDGE('',*,*,#5147,.F.);
#6909 = ORIENTED_EDGE('',*,*,#5926,.F.);
#6910 = PLANE('',#6911);
#6911 = AXIS2_PLACEMENT_3D('',#6912,#6913,#6914);
#6912 = CARTESIAN_POINT('',(-2.4,1.82,0.625));
#6913 = DIRECTION('',(0.,0.,-1.));
#6914 = DIRECTION('',(1.,9.95799250103E-17,0.));
#6915 = ADVANCED_FACE('',(#6916),#6929,.F.);
#6916 = FACE_BOUND('',#6917,.F.);
#6917 = EDGE_LOOP('',(#6918,#6919,#6925,#6926,#6927,#6928));
#6918 = ORIENTED_EDGE('',*,*,#6259,.F.);
#6919 = ORIENTED_EDGE('',*,*,#6920,.T.);
#6920 = EDGE_CURVE('',#6251,#6474,#6921,.T.);
#6921 = LINE('',#6922,#6923);
#6922 = CARTESIAN_POINT('',(-2.4,-0.78,0.625));
#6923 = VECTOR('',#6924,1.);
#6924 = DIRECTION('',(-9.95799250103E-17,1.,0.));
#6925 = ORIENTED_EDGE('',*,*,#6482,.T.);
#6926 = ORIENTED_EDGE('',*,*,#6605,.T.);
#6927 = ORIENTED_EDGE('',*,*,#5083,.F.);
#6928 = ORIENTED_EDGE('',*,*,#6166,.F.);
#6929 = PLANE('',#6930);
#6930 = AXIS2_PLACEMENT_3D('',#6931,#6932,#6933);
#6931 = CARTESIAN_POINT('',(-2.4,-0.78,0.625));
#6932 = DIRECTION('',(0.,0.,-1.));
#6933 = DIRECTION('',(1.,9.95799250103E-17,0.));
#6934 = ADVANCED_FACE('',(#6935),#6948,.F.);
#6935 = FACE_BOUND('',#6936,.F.);
#6936 = EDGE_LOOP('',(#6937,#6938,#6944,#6945,#6946,#6947));
#6937 = ORIENTED_EDGE('',*,*,#6128,.F.);
#6938 = ORIENTED_EDGE('',*,*,#6939,.T.);
#6939 = EDGE_CURVE('',#6120,#5897,#6940,.T.);
#6940 = LINE('',#6941,#6942);
#6941 = CARTESIAN_POINT('',(-2.4,1.17,0.625));
#6942 = VECTOR('',#6943,1.);
#6943 = DIRECTION('',(-9.95799250103E-17,1.,0.));
#6944 = ORIENTED_EDGE('',*,*,#5905,.T.);
#6945 = ORIENTED_EDGE('',*,*,#5919,.T.);
#6946 = ORIENTED_EDGE('',*,*,#5131,.F.);
#6947 = ORIENTED_EDGE('',*,*,#6372,.F.);
#6948 = PLANE('',#6949);
#6949 = AXIS2_PLACEMENT_3D('',#6950,#6951,#6952);
#6950 = CARTESIAN_POINT('',(-2.4,1.17,0.625));
#6951 = DIRECTION('',(0.,0.,-1.));
#6952 = DIRECTION('',(1.,9.95799250103E-17,0.));
#6953 = ADVANCED_FACE('',(#6954),#6967,.F.);
#6954 = FACE_BOUND('',#6955,.F.);
#6955 = EDGE_LOOP('',(#6956,#6957,#6963,#6964,#6965,#6966));
#6956 = ORIENTED_EDGE('',*,*,#6705,.F.);
#6957 = ORIENTED_EDGE('',*,*,#6958,.T.);
#6958 = EDGE_CURVE('',#6697,#6789,#6959,.T.);
#6959 = LINE('',#6960,#6961);
#6960 = CARTESIAN_POINT('',(-2.4,-0.13,0.625));
#6961 = VECTOR('',#6962,1.);
#6962 = DIRECTION('',(-9.95799250103E-17,1.,0.));
#6963 = ORIENTED_EDGE('',*,*,#6797,.T.);
#6964 = ORIENTED_EDGE('',*,*,#6811,.T.);
#6965 = ORIENTED_EDGE('',*,*,#5099,.F.);
#6966 = ORIENTED_EDGE('',*,*,#6612,.F.);
#6967 = PLANE('',#6968);
#6968 = AXIS2_PLACEMENT_3D('',#6969,#6970,#6971);
#6969 = CARTESIAN_POINT('',(-2.4,-0.13,0.625));
#6970 = DIRECTION('',(0.,0.,-1.));
#6971 = DIRECTION('',(1.,9.95799250103E-17,0.));
#6972 = ADVANCED_FACE('',(#6973),#6986,.F.);
#6973 = FACE_BOUND('',#6974,.F.);
#6974 = EDGE_LOOP('',(#6975,#6976,#6982,#6983,#6984,#6985));
#6975 = ORIENTED_EDGE('',*,*,#6574,.F.);
#6976 = ORIENTED_EDGE('',*,*,#6977,.T.);
#6977 = EDGE_CURVE('',#6566,#6343,#6978,.T.);
#6978 = LINE('',#6979,#6980);
#6979 = CARTESIAN_POINT('',(-2.4,0.52,0.625));
#6980 = VECTOR('',#6981,1.);
#6981 = DIRECTION('',(-9.95799250103E-17,1.,0.));
#6982 = ORIENTED_EDGE('',*,*,#6351,.T.);
#6983 = ORIENTED_EDGE('',*,*,#6365,.T.);
#6984 = ORIENTED_EDGE('',*,*,#5115,.F.);
#6985 = ORIENTED_EDGE('',*,*,#6818,.F.);
#6986 = PLANE('',#6987);
#6987 = AXIS2_PLACEMENT_3D('',#6988,#6989,#6990);
#6988 = CARTESIAN_POINT('',(-2.4,0.52,0.625));
#6989 = DIRECTION('',(0.,0.,-1.));
#6990 = DIRECTION('',(1.,9.95799250103E-17,0.));
#6991 = ADVANCED_FACE('',(#6992),#6995,.T.);
#6992 = FACE_BOUND('',#6993,.T.);
#6993 = EDGE_LOOP('',(#6994));
#6994 = ORIENTED_EDGE('',*,*,#5216,.T.);
#6995 = PLANE('',#6996);
#6996 = AXIS2_PLACEMENT_3D('',#6997,#6998,#6999);
#6997 = CARTESIAN_POINT('',(-1.370291289374,1.670291289374,0.9));
#6998 = DIRECTION('',(0.,0.,1.));
#6999 = DIRECTION('',(2.22044604925E-16,-1.,0.));
#7000 = ADVANCED_FACE('',(#7001),#7012,.T.);
#7001 = FACE_BOUND('',#7002,.T.);
#7002 = EDGE_LOOP('',(#7003,#7004,#7005,#7006));
#7003 = ORIENTED_EDGE('',*,*,#5359,.T.);
#7004 = ORIENTED_EDGE('',*,*,#6863,.T.);
#7005 = ORIENTED_EDGE('',*,*,#5581,.F.);
#7006 = ORIENTED_EDGE('',*,*,#7007,.F.);
#7007 = EDGE_CURVE('',#5352,#5574,#7008,.T.);
#7008 = LINE('',#7009,#7010);
#7009 = CARTESIAN_POINT('',(-2.65,-2.08,0.375));
#7010 = VECTOR('',#7011,1.);
#7011 = DIRECTION('',(-9.95799250103E-17,1.,0.));
#7012 = CYLINDRICAL_SURFACE('',#7013,0.25);
#7013 = AXIS2_PLACEMENT_3D('',#7014,#7015,#7016);
#7014 = CARTESIAN_POINT('',(-2.4,-2.08,0.375));
#7015 = DIRECTION('',(9.95799250103E-17,-1.,0.));
#7016 = DIRECTION('',(-1.,-9.95799250103E-17,2.6645352591E-15));
#7017 = ADVANCED_FACE('',(#7018),#7029,.F.);
#7018 = FACE_BOUND('',#7019,.F.);
#7019 = EDGE_LOOP('',(#7020,#7026,#7027,#7028));
#7020 = ORIENTED_EDGE('',*,*,#7021,.T.);
#7021 = EDGE_CURVE('',#5343,#5565,#7022,.T.);
#7022 = LINE('',#7023,#7024);
#7023 = CARTESIAN_POINT('',(-2.65,-2.08,0.25));
#7024 = VECTOR('',#7025,1.);
#7025 = DIRECTION('',(-9.95799250103E-17,1.,0.));
#7026 = ORIENTED_EDGE('',*,*,#5573,.T.);
#7027 = ORIENTED_EDGE('',*,*,#7007,.F.);
#7028 = ORIENTED_EDGE('',*,*,#5351,.F.);
#7029 = PLANE('',#7030);
#7030 = AXIS2_PLACEMENT_3D('',#7031,#7032,#7033);
#7031 = CARTESIAN_POINT('',(-2.65,-2.08,0.25));
#7032 = DIRECTION('',(1.,9.95799250103E-17,0.));
#7033 = DIRECTION('',(0.,0.,1.));
#7034 = ADVANCED_FACE('',(#7035),#7046,.F.);
#7035 = FACE_BOUND('',#7036,.F.);
#7036 = EDGE_LOOP('',(#7037,#7043,#7044,#7045));
#7037 = ORIENTED_EDGE('',*,*,#7038,.T.);
#7038 = EDGE_CURVE('',#5335,#5557,#7039,.T.);
#7039 = LINE('',#7040,#7041);
#7040 = CARTESIAN_POINT('',(-2.75,-2.08,0.15));
#7041 = VECTOR('',#7042,1.);
#7042 = DIRECTION('',(-9.95799250103E-17,1.,0.));
#7043 = ORIENTED_EDGE('',*,*,#5564,.T.);
#7044 = ORIENTED_EDGE('',*,*,#7021,.F.);
#7045 = ORIENTED_EDGE('',*,*,#5342,.F.);
#7046 = CYLINDRICAL_SURFACE('',#7047,0.1);
#7047 = AXIS2_PLACEMENT_3D('',#7048,#7049,#7050);
#7048 = CARTESIAN_POINT('',(-2.75,-2.08,0.25));
#7049 = DIRECTION('',(9.95799250103E-17,-1.,0.));
#7050 = DIRECTION('',(0.,0.,-1.));
#7051 = ADVANCED_FACE('',(#7052),#7063,.F.);
#7052 = FACE_BOUND('',#7053,.F.);
#7053 = EDGE_LOOP('',(#7054,#7060,#7061,#7062));
#7054 = ORIENTED_EDGE('',*,*,#7055,.T.);
#7055 = EDGE_CURVE('',#5327,#5549,#7056,.T.);
#7056 = LINE('',#7057,#7058);
#7057 = CARTESIAN_POINT('',(-3.2,-2.08,0.15));
#7058 = VECTOR('',#7059,1.);
#7059 = DIRECTION('',(-9.95799250103E-17,1.,0.));
#7060 = ORIENTED_EDGE('',*,*,#5556,.T.);
#7061 = ORIENTED_EDGE('',*,*,#7038,.F.);
#7062 = ORIENTED_EDGE('',*,*,#5334,.F.);
#7063 = PLANE('',#7064);
#7064 = AXIS2_PLACEMENT_3D('',#7065,#7066,#7067);
#7065 = CARTESIAN_POINT('',(-3.2,-2.08,0.15));
#7066 = DIRECTION('',(0.,0.,-1.));
#7067 = DIRECTION('',(1.,9.95799250103E-17,0.));
#7068 = ADVANCED_FACE('',(#7069),#7080,.F.);
#7069 = FACE_BOUND('',#7070,.F.);
#7070 = EDGE_LOOP('',(#7071,#7077,#7078,#7079));
#7071 = ORIENTED_EDGE('',*,*,#7072,.T.);
#7072 = EDGE_CURVE('',#5319,#5541,#7073,.T.);
#7073 = LINE('',#7074,#7075);
#7074 = CARTESIAN_POINT('',(-3.2,-2.08,1.110223024625E-16));
#7075 = VECTOR('',#7076,1.);
#7076 = DIRECTION('',(-9.95799250103E-17,1.,0.));
#7077 = ORIENTED_EDGE('',*,*,#5548,.T.);
#7078 = ORIENTED_EDGE('',*,*,#7055,.F.);
#7079 = ORIENTED_EDGE('',*,*,#5326,.F.);
#7080 = PLANE('',#7081);
#7081 = AXIS2_PLACEMENT_3D('',#7082,#7083,#7084);
#7082 = CARTESIAN_POINT('',(-3.2,-2.08,1.110223024625E-16));
#7083 = DIRECTION('',(1.,9.95799250103E-17,0.));
#7084 = DIRECTION('',(0.,0.,1.));
#7085 = ADVANCED_FACE('',(#7086),#7097,.F.);
#7086 = FACE_BOUND('',#7087,.F.);
#7087 = EDGE_LOOP('',(#7088,#7094,#7095,#7096));
#7088 = ORIENTED_EDGE('',*,*,#7089,.T.);
#7089 = EDGE_CURVE('',#5310,#5532,#7090,.T.);
#7090 = LINE('',#7091,#7092);
#7091 = CARTESIAN_POINT('',(-2.75,-2.08,1.110223024625E-16));
#7092 = VECTOR('',#7093,1.);
#7093 = DIRECTION('',(-9.95799250103E-17,1.,0.));
#7094 = ORIENTED_EDGE('',*,*,#5540,.T.);
#7095 = ORIENTED_EDGE('',*,*,#7072,.F.);
#7096 = ORIENTED_EDGE('',*,*,#5318,.F.);
#7097 = PLANE('',#7098);
#7098 = AXIS2_PLACEMENT_3D('',#7099,#7100,#7101);
#7099 = CARTESIAN_POINT('',(-2.75,-2.08,1.110223024625E-16));
#7100 = DIRECTION('',(0.,0.,1.));
#7101 = DIRECTION('',(-1.,-9.95799250103E-17,0.));
#7102 = ADVANCED_FACE('',(#7103),#7114,.T.);
#7103 = FACE_BOUND('',#7104,.T.);
#7104 = EDGE_LOOP('',(#7105,#7106,#7107,#7108));
#7105 = ORIENTED_EDGE('',*,*,#5309,.T.);
#7106 = ORIENTED_EDGE('',*,*,#7089,.T.);
#7107 = ORIENTED_EDGE('',*,*,#5531,.F.);
#7108 = ORIENTED_EDGE('',*,*,#7109,.F.);
#7109 = EDGE_CURVE('',#5302,#5524,#7110,.T.);
#7110 = LINE('',#7111,#7112);
#7111 = CARTESIAN_POINT('',(-2.5,-2.08,0.25));
#7112 = VECTOR('',#7113,1.);
#7113 = DIRECTION('',(-9.95799250103E-17,1.,0.));
#7114 = CYLINDRICAL_SURFACE('',#7115,0.25);
#7115 = AXIS2_PLACEMENT_3D('',#7116,#7117,#7118);
#7116 = CARTESIAN_POINT('',(-2.75,-2.08,0.25));
#7117 = DIRECTION('',(9.95799250103E-17,-1.,0.));
#7118 = DIRECTION('',(1.,9.95799250103E-17,-2.442490654175E-15));
#7119 = ADVANCED_FACE('',(#7120),#7126,.F.);
#7120 = FACE_BOUND('',#7121,.F.);
#7121 = EDGE_LOOP('',(#7122,#7123,#7124,#7125));
#7122 = ORIENTED_EDGE('',*,*,#5505,.T.);
#7123 = ORIENTED_EDGE('',*,*,#5523,.T.);
#7124 = ORIENTED_EDGE('',*,*,#7109,.F.);
#7125 = ORIENTED_EDGE('',*,*,#5301,.F.);
#7126 = PLANE('',#7127);
#7127 = AXIS2_PLACEMENT_3D('',#7128,#7129,#7130);
#7128 = CARTESIAN_POINT('',(-2.5,-2.08,0.375));
#7129 = DIRECTION('',(-1.,-9.95799250103E-17,0.));
#7130 = DIRECTION('',(0.,0.,-1.));
#7131 = ADVANCED_FACE('',(#7132),#7143,.T.);
#7132 = FACE_BOUND('',#7133,.T.);
#7133 = EDGE_LOOP('',(#7134,#7135,#7136,#7137));
#7134 = ORIENTED_EDGE('',*,*,#5673,.T.);
#7135 = ORIENTED_EDGE('',*,*,#6901,.T.);
#7136 = ORIENTED_EDGE('',*,*,#5451,.F.);
#7137 = ORIENTED_EDGE('',*,*,#7138,.F.);
#7138 = EDGE_CURVE('',#5666,#5444,#7139,.T.);
#7139 = LINE('',#7140,#7141);
#7140 = CARTESIAN_POINT('',(-2.65,1.82,0.375));
#7141 = VECTOR('',#7142,1.);
#7142 = DIRECTION('',(-9.95799250103E-17,1.,0.));
#7143 = CYLINDRICAL_SURFACE('',#7144,0.25);
#7144 = AXIS2_PLACEMENT_3D('',#7145,#7146,#7147);
#7145 = CARTESIAN_POINT('',(-2.4,1.82,0.375));
#7146 = DIRECTION('',(9.95799250103E-17,-1.,0.));
#7147 = DIRECTION('',(-1.,-9.95799250103E-17,2.6645352591E-15));
#7148 = ADVANCED_FACE('',(#7149),#7160,.F.);
#7149 = FACE_BOUND('',#7150,.F.);
#7150 = EDGE_LOOP('',(#7151,#7157,#7158,#7159));
#7151 = ORIENTED_EDGE('',*,*,#7152,.T.);
#7152 = EDGE_CURVE('',#5657,#5435,#7153,.T.);
#7153 = LINE('',#7154,#7155);
#7154 = CARTESIAN_POINT('',(-2.65,1.82,0.25));
#7155 = VECTOR('',#7156,1.);
#7156 = DIRECTION('',(-9.95799250103E-17,1.,0.));
#7157 = ORIENTED_EDGE('',*,*,#5443,.T.);
#7158 = ORIENTED_EDGE('',*,*,#7138,.F.);
#7159 = ORIENTED_EDGE('',*,*,#5665,.F.);
#7160 = PLANE('',#7161);
#7161 = AXIS2_PLACEMENT_3D('',#7162,#7163,#7164);
#7162 = CARTESIAN_POINT('',(-2.65,1.82,0.25));
#7163 = DIRECTION('',(1.,9.95799250103E-17,0.));
#7164 = DIRECTION('',(0.,0.,1.));
#7165 = ADVANCED_FACE('',(#7166),#7177,.F.);
#7166 = FACE_BOUND('',#7167,.F.);
#7167 = EDGE_LOOP('',(#7168,#7174,#7175,#7176));
#7168 = ORIENTED_EDGE('',*,*,#7169,.T.);
#7169 = EDGE_CURVE('',#5649,#5427,#7170,.T.);
#7170 = LINE('',#7171,#7172);
#7171 = CARTESIAN_POINT('',(-2.75,1.82,0.15));
#7172 = VECTOR('',#7173,1.);
#7173 = DIRECTION('',(-9.95799250103E-17,1.,0.));
#7174 = ORIENTED_EDGE('',*,*,#5434,.T.);
#7175 = ORIENTED_EDGE('',*,*,#7152,.F.);
#7176 = ORIENTED_EDGE('',*,*,#5656,.F.);
#7177 = CYLINDRICAL_SURFACE('',#7178,0.1);
#7178 = AXIS2_PLACEMENT_3D('',#7179,#7180,#7181);
#7179 = CARTESIAN_POINT('',(-2.75,1.82,0.25));
#7180 = DIRECTION('',(9.95799250103E-17,-1.,0.));
#7181 = DIRECTION('',(0.,0.,-1.));
#7182 = ADVANCED_FACE('',(#7183),#7194,.F.);
#7183 = FACE_BOUND('',#7184,.F.);
#7184 = EDGE_LOOP('',(#7185,#7191,#7192,#7193));
#7185 = ORIENTED_EDGE('',*,*,#7186,.T.);
#7186 = EDGE_CURVE('',#5641,#5419,#7187,.T.);
#7187 = LINE('',#7188,#7189);
#7188 = CARTESIAN_POINT('',(-3.2,1.82,0.15));
#7189 = VECTOR('',#7190,1.);
#7190 = DIRECTION('',(-9.95799250103E-17,1.,0.));
#7191 = ORIENTED_EDGE('',*,*,#5426,.T.);
#7192 = ORIENTED_EDGE('',*,*,#7169,.F.);
#7193 = ORIENTED_EDGE('',*,*,#5648,.F.);
#7194 = PLANE('',#7195);
#7195 = AXIS2_PLACEMENT_3D('',#7196,#7197,#7198);
#7196 = CARTESIAN_POINT('',(-3.2,1.82,0.15));
#7197 = DIRECTION('',(0.,0.,-1.));
#7198 = DIRECTION('',(1.,9.95799250103E-17,0.));
#7199 = ADVANCED_FACE('',(#7200),#7211,.F.);
#7200 = FACE_BOUND('',#7201,.F.);
#7201 = EDGE_LOOP('',(#7202,#7208,#7209,#7210));
#7202 = ORIENTED_EDGE('',*,*,#7203,.T.);
#7203 = EDGE_CURVE('',#5633,#5411,#7204,.T.);
#7204 = LINE('',#7205,#7206);
#7205 = CARTESIAN_POINT('',(-3.2,1.82,1.110223024625E-16));
#7206 = VECTOR('',#7207,1.);
#7207 = DIRECTION('',(-9.95799250103E-17,1.,0.));
#7208 = ORIENTED_EDGE('',*,*,#5418,.T.);
#7209 = ORIENTED_EDGE('',*,*,#7186,.F.);
#7210 = ORIENTED_EDGE('',*,*,#5640,.F.);
#7211 = PLANE('',#7212);
#7212 = AXIS2_PLACEMENT_3D('',#7213,#7214,#7215);
#7213 = CARTESIAN_POINT('',(-3.2,1.82,1.110223024625E-16));
#7214 = DIRECTION('',(1.,9.95799250103E-17,0.));
#7215 = DIRECTION('',(0.,0.,1.));
#7216 = ADVANCED_FACE('',(#7217),#7228,.F.);
#7217 = FACE_BOUND('',#7218,.F.);
#7218 = EDGE_LOOP('',(#7219,#7225,#7226,#7227));
#7219 = ORIENTED_EDGE('',*,*,#7220,.T.);
#7220 = EDGE_CURVE('',#5624,#5402,#7221,.T.);
#7221 = LINE('',#7222,#7223);
#7222 = CARTESIAN_POINT('',(-2.75,1.82,1.110223024625E-16));
#7223 = VECTOR('',#7224,1.);
#7224 = DIRECTION('',(-9.95799250103E-17,1.,0.));
#7225 = ORIENTED_EDGE('',*,*,#5410,.T.);
#7226 = ORIENTED_EDGE('',*,*,#7203,.F.);
#7227 = ORIENTED_EDGE('',*,*,#5632,.F.);
#7228 = PLANE('',#7229);
#7229 = AXIS2_PLACEMENT_3D('',#7230,#7231,#7232);
#7230 = CARTESIAN_POINT('',(-2.75,1.82,1.110223024625E-16));
#7231 = DIRECTION('',(0.,0.,1.));
#7232 = DIRECTION('',(-1.,-9.95799250103E-17,0.));
#7233 = ADVANCED_FACE('',(#7234),#7245,.T.);
#7234 = FACE_BOUND('',#7235,.T.);
#7235 = EDGE_LOOP('',(#7236,#7237,#7238,#7239));
#7236 = ORIENTED_EDGE('',*,*,#5623,.T.);
#7237 = ORIENTED_EDGE('',*,*,#7220,.T.);
#7238 = ORIENTED_EDGE('',*,*,#5401,.F.);
#7239 = ORIENTED_EDGE('',*,*,#7240,.F.);
#7240 = EDGE_CURVE('',#5616,#5394,#7241,.T.);
#7241 = LINE('',#7242,#7243);
#7242 = CARTESIAN_POINT('',(-2.5,1.82,0.25));
#7243 = VECTOR('',#7244,1.);
#7244 = DIRECTION('',(-9.95799250103E-17,1.,0.));
#7245 = CYLINDRICAL_SURFACE('',#7246,0.25);
#7246 = AXIS2_PLACEMENT_3D('',#7247,#7248,#7249);
#7247 = CARTESIAN_POINT('',(-2.75,1.82,0.25));
#7248 = DIRECTION('',(9.95799250103E-17,-1.,0.));
#7249 = DIRECTION('',(1.,9.95799250103E-17,-2.442490654175E-15));
#7250 = ADVANCED_FACE('',(#7251),#7257,.F.);
#7251 = FACE_BOUND('',#7252,.F.);
#7252 = EDGE_LOOP('',(#7253,#7254,#7255,#7256));
#7253 = ORIENTED_EDGE('',*,*,#5698,.T.);
#7254 = ORIENTED_EDGE('',*,*,#5393,.T.);
#7255 = ORIENTED_EDGE('',*,*,#7240,.F.);
#7256 = ORIENTED_EDGE('',*,*,#5615,.F.);
#7257 = PLANE('',#7258);
#7258 = AXIS2_PLACEMENT_3D('',#7259,#7260,#7261);
#7259 = CARTESIAN_POINT('',(-2.5,1.82,0.375));
#7260 = DIRECTION('',(-1.,-9.95799250103E-17,0.));
#7261 = DIRECTION('',(0.,0.,-1.));
#7262 = ADVANCED_FACE('',(#7263),#7274,.T.);
#7263 = FACE_BOUND('',#7264,.T.);
#7264 = EDGE_LOOP('',(#7265,#7266,#7267,#7268));
#7265 = ORIENTED_EDGE('',*,*,#5804,.T.);
#7266 = ORIENTED_EDGE('',*,*,#6882,.T.);
#7267 = ORIENTED_EDGE('',*,*,#6027,.F.);
#7268 = ORIENTED_EDGE('',*,*,#7269,.F.);
#7269 = EDGE_CURVE('',#5797,#6020,#7270,.T.);
#7270 = LINE('',#7271,#7272);
#7271 = CARTESIAN_POINT('',(-2.65,-1.43,0.375));
#7272 = VECTOR('',#7273,1.);
#7273 = DIRECTION('',(-9.95799250103E-17,1.,0.));
#7274 = CYLINDRICAL_SURFACE('',#7275,0.25);
#7275 = AXIS2_PLACEMENT_3D('',#7276,#7277,#7278);
#7276 = CARTESIAN_POINT('',(-2.4,-1.43,0.375));
#7277 = DIRECTION('',(9.95799250103E-17,-1.,0.));
#7278 = DIRECTION('',(-1.,-9.95799250103E-17,2.6645352591E-15));
#7279 = ADVANCED_FACE('',(#7280),#7291,.F.);
#7280 = FACE_BOUND('',#7281,.F.);
#7281 = EDGE_LOOP('',(#7282,#7288,#7289,#7290));
#7282 = ORIENTED_EDGE('',*,*,#7283,.T.);
#7283 = EDGE_CURVE('',#5788,#6011,#7284,.T.);
#7284 = LINE('',#7285,#7286);
#7285 = CARTESIAN_POINT('',(-2.65,-1.43,0.25));
#7286 = VECTOR('',#7287,1.);
#7287 = DIRECTION('',(-9.95799250103E-17,1.,0.));
#7288 = ORIENTED_EDGE('',*,*,#6019,.T.);
#7289 = ORIENTED_EDGE('',*,*,#7269,.F.);
#7290 = ORIENTED_EDGE('',*,*,#5796,.F.);
#7291 = PLANE('',#7292);
#7292 = AXIS2_PLACEMENT_3D('',#7293,#7294,#7295);
#7293 = CARTESIAN_POINT('',(-2.65,-1.43,0.25));
#7294 = DIRECTION('',(1.,9.95799250103E-17,0.));
#7295 = DIRECTION('',(0.,0.,1.));
#7296 = ADVANCED_FACE('',(#7297),#7308,.F.);
#7297 = FACE_BOUND('',#7298,.F.);
#7298 = EDGE_LOOP('',(#7299,#7305,#7306,#7307));
#7299 = ORIENTED_EDGE('',*,*,#7300,.T.);
#7300 = EDGE_CURVE('',#5780,#6003,#7301,.T.);
#7301 = LINE('',#7302,#7303);
#7302 = CARTESIAN_POINT('',(-2.75,-1.43,0.15));
#7303 = VECTOR('',#7304,1.);
#7304 = DIRECTION('',(-9.95799250103E-17,1.,0.));
#7305 = ORIENTED_EDGE('',*,*,#6010,.T.);
#7306 = ORIENTED_EDGE('',*,*,#7283,.F.);
#7307 = ORIENTED_EDGE('',*,*,#5787,.F.);
#7308 = CYLINDRICAL_SURFACE('',#7309,0.1);
#7309 = AXIS2_PLACEMENT_3D('',#7310,#7311,#7312);
#7310 = CARTESIAN_POINT('',(-2.75,-1.43,0.25));
#7311 = DIRECTION('',(9.95799250103E-17,-1.,0.));
#7312 = DIRECTION('',(0.,0.,-1.));
#7313 = ADVANCED_FACE('',(#7314),#7325,.F.);
#7314 = FACE_BOUND('',#7315,.F.);
#7315 = EDGE_LOOP('',(#7316,#7322,#7323,#7324));
#7316 = ORIENTED_EDGE('',*,*,#7317,.T.);
#7317 = EDGE_CURVE('',#5772,#5995,#7318,.T.);
#7318 = LINE('',#7319,#7320);
#7319 = CARTESIAN_POINT('',(-3.2,-1.43,0.15));
#7320 = VECTOR('',#7321,1.);
#7321 = DIRECTION('',(-9.95799250103E-17,1.,0.));
#7322 = ORIENTED_EDGE('',*,*,#6002,.T.);
#7323 = ORIENTED_EDGE('',*,*,#7300,.F.);
#7324 = ORIENTED_EDGE('',*,*,#5779,.F.);
#7325 = PLANE('',#7326);
#7326 = AXIS2_PLACEMENT_3D('',#7327,#7328,#7329);
#7327 = CARTESIAN_POINT('',(-3.2,-1.43,0.15));
#7328 = DIRECTION('',(0.,0.,-1.));
#7329 = DIRECTION('',(1.,9.95799250103E-17,0.));
#7330 = ADVANCED_FACE('',(#7331),#7342,.F.);
#7331 = FACE_BOUND('',#7332,.F.);
#7332 = EDGE_LOOP('',(#7333,#7339,#7340,#7341));
#7333 = ORIENTED_EDGE('',*,*,#7334,.T.);
#7334 = EDGE_CURVE('',#5764,#5987,#7335,.T.);
#7335 = LINE('',#7336,#7337);
#7336 = CARTESIAN_POINT('',(-3.2,-1.43,1.110223024625E-16));
#7337 = VECTOR('',#7338,1.);
#7338 = DIRECTION('',(-9.95799250103E-17,1.,0.));
#7339 = ORIENTED_EDGE('',*,*,#5994,.T.);
#7340 = ORIENTED_EDGE('',*,*,#7317,.F.);
#7341 = ORIENTED_EDGE('',*,*,#5771,.F.);
#7342 = PLANE('',#7343);
#7343 = AXIS2_PLACEMENT_3D('',#7344,#7345,#7346);
#7344 = CARTESIAN_POINT('',(-3.2,-1.43,1.110223024625E-16));
#7345 = DIRECTION('',(1.,9.95799250103E-17,0.));
#7346 = DIRECTION('',(0.,0.,1.));
#7347 = ADVANCED_FACE('',(#7348),#7359,.F.);
#7348 = FACE_BOUND('',#7349,.F.);
#7349 = EDGE_LOOP('',(#7350,#7356,#7357,#7358));
#7350 = ORIENTED_EDGE('',*,*,#7351,.T.);
#7351 = EDGE_CURVE('',#5755,#5978,#7352,.T.);
#7352 = LINE('',#7353,#7354);
#7353 = CARTESIAN_POINT('',(-2.75,-1.43,1.110223024625E-16));
#7354 = VECTOR('',#7355,1.);
#7355 = DIRECTION('',(-9.95799250103E-17,1.,0.));
#7356 = ORIENTED_EDGE('',*,*,#5986,.T.);
#7357 = ORIENTED_EDGE('',*,*,#7334,.F.);
#7358 = ORIENTED_EDGE('',*,*,#5763,.F.);
#7359 = PLANE('',#7360);
#7360 = AXIS2_PLACEMENT_3D('',#7361,#7362,#7363);
#7361 = CARTESIAN_POINT('',(-2.75,-1.43,1.110223024625E-16));
#7362 = DIRECTION('',(0.,0.,1.));
#7363 = DIRECTION('',(-1.,-9.95799250103E-17,0.));
#7364 = ADVANCED_FACE('',(#7365),#7376,.T.);
#7365 = FACE_BOUND('',#7366,.T.);
#7366 = EDGE_LOOP('',(#7367,#7368,#7369,#7370));
#7367 = ORIENTED_EDGE('',*,*,#5754,.T.);
#7368 = ORIENTED_EDGE('',*,*,#7351,.T.);
#7369 = ORIENTED_EDGE('',*,*,#5977,.F.);
#7370 = ORIENTED_EDGE('',*,*,#7371,.F.);
#7371 = EDGE_CURVE('',#5747,#5970,#7372,.T.);
#7372 = LINE('',#7373,#7374);
#7373 = CARTESIAN_POINT('',(-2.5,-1.43,0.25));
#7374 = VECTOR('',#7375,1.);
#7375 = DIRECTION('',(-9.95799250103E-17,1.,0.));
#7376 = CYLINDRICAL_SURFACE('',#7377,0.25);
#7377 = AXIS2_PLACEMENT_3D('',#7378,#7379,#7380);
#7378 = CARTESIAN_POINT('',(-2.75,-1.43,0.25));
#7379 = DIRECTION('',(9.95799250103E-17,-1.,0.));
#7380 = DIRECTION('',(1.,9.95799250103E-17,-2.442490654175E-15));
#7381 = ADVANCED_FACE('',(#7382),#7388,.F.);
#7382 = FACE_BOUND('',#7383,.F.);
#7383 = EDGE_LOOP('',(#7384,#7385,#7386,#7387));
#7384 = ORIENTED_EDGE('',*,*,#5951,.T.);
#7385 = ORIENTED_EDGE('',*,*,#5969,.T.);
#7386 = ORIENTED_EDGE('',*,*,#7371,.F.);
#7387 = ORIENTED_EDGE('',*,*,#5746,.F.);
#7388 = PLANE('',#7389);
#7389 = AXIS2_PLACEMENT_3D('',#7390,#7391,#7392);
#7390 = CARTESIAN_POINT('',(-2.5,-1.43,0.375));
#7391 = DIRECTION('',(-1.,-9.95799250103E-17,0.));
#7392 = DIRECTION('',(0.,0.,-1.));
#7393 = ADVANCED_FACE('',(#7394),#7405,.T.);
#7394 = FACE_BOUND('',#7395,.T.);
#7395 = EDGE_LOOP('',(#7396,#7397,#7398,#7399));
#7396 = ORIENTED_EDGE('',*,*,#6119,.T.);
#7397 = ORIENTED_EDGE('',*,*,#6939,.T.);
#7398 = ORIENTED_EDGE('',*,*,#5896,.F.);
#7399 = ORIENTED_EDGE('',*,*,#7400,.F.);
#7400 = EDGE_CURVE('',#6112,#5889,#7401,.T.);
#7401 = LINE('',#7402,#7403);
#7402 = CARTESIAN_POINT('',(-2.65,1.17,0.375));
#7403 = VECTOR('',#7404,1.);
#7404 = DIRECTION('',(-9.95799250103E-17,1.,0.));
#7405 = CYLINDRICAL_SURFACE('',#7406,0.25);
#7406 = AXIS2_PLACEMENT_3D('',#7407,#7408,#7409);
#7407 = CARTESIAN_POINT('',(-2.4,1.17,0.375));
#7408 = DIRECTION('',(9.95799250103E-17,-1.,0.));
#7409 = DIRECTION('',(-1.,-9.95799250103E-17,2.6645352591E-15));
#7410 = ADVANCED_FACE('',(#7411),#7422,.F.);
#7411 = FACE_BOUND('',#7412,.F.);
#7412 = EDGE_LOOP('',(#7413,#7419,#7420,#7421));
#7413 = ORIENTED_EDGE('',*,*,#7414,.T.);
#7414 = EDGE_CURVE('',#6103,#5880,#7415,.T.);
#7415 = LINE('',#7416,#7417);
#7416 = CARTESIAN_POINT('',(-2.65,1.17,0.25));
#7417 = VECTOR('',#7418,1.);
#7418 = DIRECTION('',(-9.95799250103E-17,1.,0.));
#7419 = ORIENTED_EDGE('',*,*,#5888,.T.);
#7420 = ORIENTED_EDGE('',*,*,#7400,.F.);
#7421 = ORIENTED_EDGE('',*,*,#6111,.F.);
#7422 = PLANE('',#7423);
#7423 = AXIS2_PLACEMENT_3D('',#7424,#7425,#7426);
#7424 = CARTESIAN_POINT('',(-2.65,1.17,0.25));
#7425 = DIRECTION('',(1.,9.95799250103E-17,0.));
#7426 = DIRECTION('',(0.,0.,1.));
#7427 = ADVANCED_FACE('',(#7428),#7439,.F.);
#7428 = FACE_BOUND('',#7429,.F.);
#7429 = EDGE_LOOP('',(#7430,#7436,#7437,#7438));
#7430 = ORIENTED_EDGE('',*,*,#7431,.T.);
#7431 = EDGE_CURVE('',#6095,#5872,#7432,.T.);
#7432 = LINE('',#7433,#7434);
#7433 = CARTESIAN_POINT('',(-2.75,1.17,0.15));
#7434 = VECTOR('',#7435,1.);
#7435 = DIRECTION('',(-9.95799250103E-17,1.,0.));
#7436 = ORIENTED_EDGE('',*,*,#5879,.T.);
#7437 = ORIENTED_EDGE('',*,*,#7414,.F.);
#7438 = ORIENTED_EDGE('',*,*,#6102,.F.);
#7439 = CYLINDRICAL_SURFACE('',#7440,0.1);
#7440 = AXIS2_PLACEMENT_3D('',#7441,#7442,#7443);
#7441 = CARTESIAN_POINT('',(-2.75,1.17,0.25));
#7442 = DIRECTION('',(9.95799250103E-17,-1.,0.));
#7443 = DIRECTION('',(0.,0.,-1.));
#7444 = ADVANCED_FACE('',(#7445),#7456,.F.);
#7445 = FACE_BOUND('',#7446,.F.);
#7446 = EDGE_LOOP('',(#7447,#7453,#7454,#7455));
#7447 = ORIENTED_EDGE('',*,*,#7448,.T.);
#7448 = EDGE_CURVE('',#6087,#5864,#7449,.T.);
#7449 = LINE('',#7450,#7451);
#7450 = CARTESIAN_POINT('',(-3.2,1.17,0.15));
#7451 = VECTOR('',#7452,1.);
#7452 = DIRECTION('',(-9.95799250103E-17,1.,0.));
#7453 = ORIENTED_EDGE('',*,*,#5871,.T.);
#7454 = ORIENTED_EDGE('',*,*,#7431,.F.);
#7455 = ORIENTED_EDGE('',*,*,#6094,.F.);
#7456 = PLANE('',#7457);
#7457 = AXIS2_PLACEMENT_3D('',#7458,#7459,#7460);
#7458 = CARTESIAN_POINT('',(-3.2,1.17,0.15));
#7459 = DIRECTION('',(0.,0.,-1.));
#7460 = DIRECTION('',(1.,9.95799250103E-17,0.));
#7461 = ADVANCED_FACE('',(#7462),#7473,.F.);
#7462 = FACE_BOUND('',#7463,.F.);
#7463 = EDGE_LOOP('',(#7464,#7470,#7471,#7472));
#7464 = ORIENTED_EDGE('',*,*,#7465,.T.);
#7465 = EDGE_CURVE('',#6079,#5856,#7466,.T.);
#7466 = LINE('',#7467,#7468);
#7467 = CARTESIAN_POINT('',(-3.2,1.17,1.110223024625E-16));
#7468 = VECTOR('',#7469,1.);
#7469 = DIRECTION('',(-9.95799250103E-17,1.,0.));
#7470 = ORIENTED_EDGE('',*,*,#5863,.T.);
#7471 = ORIENTED_EDGE('',*,*,#7448,.F.);
#7472 = ORIENTED_EDGE('',*,*,#6086,.F.);
#7473 = PLANE('',#7474);
#7474 = AXIS2_PLACEMENT_3D('',#7475,#7476,#7477);
#7475 = CARTESIAN_POINT('',(-3.2,1.17,1.110223024625E-16));
#7476 = DIRECTION('',(1.,9.95799250103E-17,0.));
#7477 = DIRECTION('',(0.,0.,1.));
#7478 = ADVANCED_FACE('',(#7479),#7490,.F.);
#7479 = FACE_BOUND('',#7480,.F.);
#7480 = EDGE_LOOP('',(#7481,#7487,#7488,#7489));
#7481 = ORIENTED_EDGE('',*,*,#7482,.T.);
#7482 = EDGE_CURVE('',#6070,#5847,#7483,.T.);
#7483 = LINE('',#7484,#7485);
#7484 = CARTESIAN_POINT('',(-2.75,1.17,1.110223024625E-16));
#7485 = VECTOR('',#7486,1.);
#7486 = DIRECTION('',(-9.95799250103E-17,1.,0.));
#7487 = ORIENTED_EDGE('',*,*,#5855,.T.);
#7488 = ORIENTED_EDGE('',*,*,#7465,.F.);
#7489 = ORIENTED_EDGE('',*,*,#6078,.F.);
#7490 = PLANE('',#7491);
#7491 = AXIS2_PLACEMENT_3D('',#7492,#7493,#7494);
#7492 = CARTESIAN_POINT('',(-2.75,1.17,1.110223024625E-16));
#7493 = DIRECTION('',(0.,0.,1.));
#7494 = DIRECTION('',(-1.,-9.95799250103E-17,0.));
#7495 = ADVANCED_FACE('',(#7496),#7507,.T.);
#7496 = FACE_BOUND('',#7497,.T.);
#7497 = EDGE_LOOP('',(#7498,#7499,#7500,#7501));
#7498 = ORIENTED_EDGE('',*,*,#6069,.T.);
#7499 = ORIENTED_EDGE('',*,*,#7482,.T.);
#7500 = ORIENTED_EDGE('',*,*,#5846,.F.);
#7501 = ORIENTED_EDGE('',*,*,#7502,.F.);
#7502 = EDGE_CURVE('',#6062,#5839,#7503,.T.);
#7503 = LINE('',#7504,#7505);
#7504 = CARTESIAN_POINT('',(-2.5,1.17,0.25));
#7505 = VECTOR('',#7506,1.);
#7506 = DIRECTION('',(-9.95799250103E-17,1.,0.));
#7507 = CYLINDRICAL_SURFACE('',#7508,0.25);
#7508 = AXIS2_PLACEMENT_3D('',#7509,#7510,#7511);
#7509 = CARTESIAN_POINT('',(-2.75,1.17,0.25));
#7510 = DIRECTION('',(9.95799250103E-17,-1.,0.));
#7511 = DIRECTION('',(1.,9.95799250103E-17,-2.442490654175E-15));
#7512 = ADVANCED_FACE('',(#7513),#7519,.F.);
#7513 = FACE_BOUND('',#7514,.F.);
#7514 = EDGE_LOOP('',(#7515,#7516,#7517,#7518));
#7515 = ORIENTED_EDGE('',*,*,#6144,.T.);
#7516 = ORIENTED_EDGE('',*,*,#5838,.T.);
#7517 = ORIENTED_EDGE('',*,*,#7502,.F.);
#7518 = ORIENTED_EDGE('',*,*,#6061,.F.);
#7519 = PLANE('',#7520);
#7520 = AXIS2_PLACEMENT_3D('',#7521,#7522,#7523);
#7521 = CARTESIAN_POINT('',(-2.5,1.17,0.375));
#7522 = DIRECTION('',(-1.,-9.95799250103E-17,0.));
#7523 = DIRECTION('',(0.,0.,-1.));
#7524 = ADVANCED_FACE('',(#7525),#7536,.T.);
#7525 = FACE_BOUND('',#7526,.T.);
#7526 = EDGE_LOOP('',(#7527,#7528,#7529,#7530));
#7527 = ORIENTED_EDGE('',*,*,#6250,.T.);
#7528 = ORIENTED_EDGE('',*,*,#6920,.T.);
#7529 = ORIENTED_EDGE('',*,*,#6473,.F.);
#7530 = ORIENTED_EDGE('',*,*,#7531,.F.);
#7531 = EDGE_CURVE('',#6243,#6466,#7532,.T.);
#7532 = LINE('',#7533,#7534);
#7533 = CARTESIAN_POINT('',(-2.65,-0.78,0.375));
#7534 = VECTOR('',#7535,1.);
#7535 = DIRECTION('',(-9.95799250103E-17,1.,0.));
#7536 = CYLINDRICAL_SURFACE('',#7537,0.25);
#7537 = AXIS2_PLACEMENT_3D('',#7538,#7539,#7540);
#7538 = CARTESIAN_POINT('',(-2.4,-0.78,0.375));
#7539 = DIRECTION('',(9.95799250103E-17,-1.,0.));
#7540 = DIRECTION('',(-1.,-9.95799250103E-17,2.6645352591E-15));
#7541 = ADVANCED_FACE('',(#7542),#7553,.F.);
#7542 = FACE_BOUND('',#7543,.F.);
#7543 = EDGE_LOOP('',(#7544,#7550,#7551,#7552));
#7544 = ORIENTED_EDGE('',*,*,#7545,.T.);
#7545 = EDGE_CURVE('',#6234,#6457,#7546,.T.);
#7546 = LINE('',#7547,#7548);
#7547 = CARTESIAN_POINT('',(-2.65,-0.78,0.25));
#7548 = VECTOR('',#7549,1.);
#7549 = DIRECTION('',(-9.95799250103E-17,1.,0.));
#7550 = ORIENTED_EDGE('',*,*,#6465,.T.);
#7551 = ORIENTED_EDGE('',*,*,#7531,.F.);
#7552 = ORIENTED_EDGE('',*,*,#6242,.F.);
#7553 = PLANE('',#7554);
#7554 = AXIS2_PLACEMENT_3D('',#7555,#7556,#7557);
#7555 = CARTESIAN_POINT('',(-2.65,-0.78,0.25));
#7556 = DIRECTION('',(1.,9.95799250103E-17,0.));
#7557 = DIRECTION('',(0.,0.,1.));
#7558 = ADVANCED_FACE('',(#7559),#7570,.F.);
#7559 = FACE_BOUND('',#7560,.F.);
#7560 = EDGE_LOOP('',(#7561,#7567,#7568,#7569));
#7561 = ORIENTED_EDGE('',*,*,#7562,.T.);
#7562 = EDGE_CURVE('',#6226,#6449,#7563,.T.);
#7563 = LINE('',#7564,#7565);
#7564 = CARTESIAN_POINT('',(-2.75,-0.78,0.15));
#7565 = VECTOR('',#7566,1.);
#7566 = DIRECTION('',(-9.95799250103E-17,1.,0.));
#7567 = ORIENTED_EDGE('',*,*,#6456,.T.);
#7568 = ORIENTED_EDGE('',*,*,#7545,.F.);
#7569 = ORIENTED_EDGE('',*,*,#6233,.F.);
#7570 = CYLINDRICAL_SURFACE('',#7571,0.1);
#7571 = AXIS2_PLACEMENT_3D('',#7572,#7573,#7574);
#7572 = CARTESIAN_POINT('',(-2.75,-0.78,0.25));
#7573 = DIRECTION('',(9.95799250103E-17,-1.,0.));
#7574 = DIRECTION('',(0.,0.,-1.));
#7575 = ADVANCED_FACE('',(#7576),#7587,.F.);
#7576 = FACE_BOUND('',#7577,.F.);
#7577 = EDGE_LOOP('',(#7578,#7584,#7585,#7586));
#7578 = ORIENTED_EDGE('',*,*,#7579,.T.);
#7579 = EDGE_CURVE('',#6218,#6441,#7580,.T.);
#7580 = LINE('',#7581,#7582);
#7581 = CARTESIAN_POINT('',(-3.2,-0.78,0.15));
#7582 = VECTOR('',#7583,1.);
#7583 = DIRECTION('',(-9.95799250103E-17,1.,0.));
#7584 = ORIENTED_EDGE('',*,*,#6448,.T.);
#7585 = ORIENTED_EDGE('',*,*,#7562,.F.);
#7586 = ORIENTED_EDGE('',*,*,#6225,.F.);
#7587 = PLANE('',#7588);
#7588 = AXIS2_PLACEMENT_3D('',#7589,#7590,#7591);
#7589 = CARTESIAN_POINT('',(-3.2,-0.78,0.15));
#7590 = DIRECTION('',(0.,0.,-1.));
#7591 = DIRECTION('',(1.,9.95799250103E-17,0.));
#7592 = ADVANCED_FACE('',(#7593),#7604,.F.);
#7593 = FACE_BOUND('',#7594,.F.);
#7594 = EDGE_LOOP('',(#7595,#7601,#7602,#7603));
#7595 = ORIENTED_EDGE('',*,*,#7596,.T.);
#7596 = EDGE_CURVE('',#6210,#6433,#7597,.T.);
#7597 = LINE('',#7598,#7599);
#7598 = CARTESIAN_POINT('',(-3.2,-0.78,1.110223024625E-16));
#7599 = VECTOR('',#7600,1.);
#7600 = DIRECTION('',(-9.95799250103E-17,1.,0.));
#7601 = ORIENTED_EDGE('',*,*,#6440,.T.);
#7602 = ORIENTED_EDGE('',*,*,#7579,.F.);
#7603 = ORIENTED_EDGE('',*,*,#6217,.F.);
#7604 = PLANE('',#7605);
#7605 = AXIS2_PLACEMENT_3D('',#7606,#7607,#7608);
#7606 = CARTESIAN_POINT('',(-3.2,-0.78,1.110223024625E-16));
#7607 = DIRECTION('',(1.,9.95799250103E-17,0.));
#7608 = DIRECTION('',(0.,0.,1.));
#7609 = ADVANCED_FACE('',(#7610),#7621,.F.);
#7610 = FACE_BOUND('',#7611,.F.);
#7611 = EDGE_LOOP('',(#7612,#7618,#7619,#7620));
#7612 = ORIENTED_EDGE('',*,*,#7613,.T.);
#7613 = EDGE_CURVE('',#6201,#6424,#7614,.T.);
#7614 = LINE('',#7615,#7616);
#7615 = CARTESIAN_POINT('',(-2.75,-0.78,1.110223024625E-16));
#7616 = VECTOR('',#7617,1.);
#7617 = DIRECTION('',(-9.95799250103E-17,1.,0.));
#7618 = ORIENTED_EDGE('',*,*,#6432,.T.);
#7619 = ORIENTED_EDGE('',*,*,#7596,.F.);
#7620 = ORIENTED_EDGE('',*,*,#6209,.F.);
#7621 = PLANE('',#7622);
#7622 = AXIS2_PLACEMENT_3D('',#7623,#7624,#7625);
#7623 = CARTESIAN_POINT('',(-2.75,-0.78,1.110223024625E-16));
#7624 = DIRECTION('',(0.,0.,1.));
#7625 = DIRECTION('',(-1.,-9.95799250103E-17,0.));
#7626 = ADVANCED_FACE('',(#7627),#7638,.T.);
#7627 = FACE_BOUND('',#7628,.T.);
#7628 = EDGE_LOOP('',(#7629,#7630,#7631,#7632));
#7629 = ORIENTED_EDGE('',*,*,#6200,.T.);
#7630 = ORIENTED_EDGE('',*,*,#7613,.T.);
#7631 = ORIENTED_EDGE('',*,*,#6423,.F.);
#7632 = ORIENTED_EDGE('',*,*,#7633,.F.);
#7633 = EDGE_CURVE('',#6193,#6416,#7634,.T.);
#7634 = LINE('',#7635,#7636);
#7635 = CARTESIAN_POINT('',(-2.5,-0.78,0.25));
#7636 = VECTOR('',#7637,1.);
#7637 = DIRECTION('',(-9.95799250103E-17,1.,0.));
#7638 = CYLINDRICAL_SURFACE('',#7639,0.25);
#7639 = AXIS2_PLACEMENT_3D('',#7640,#7641,#7642);
#7640 = CARTESIAN_POINT('',(-2.75,-0.78,0.25));
#7641 = DIRECTION('',(9.95799250103E-17,-1.,0.));
#7642 = DIRECTION('',(1.,9.95799250103E-17,-2.442490654175E-15));
#7643 = ADVANCED_FACE('',(#7644),#7650,.F.);
#7644 = FACE_BOUND('',#7645,.F.);
#7645 = EDGE_LOOP('',(#7646,#7647,#7648,#7649));
#7646 = ORIENTED_EDGE('',*,*,#6397,.T.);
#7647 = ORIENTED_EDGE('',*,*,#6415,.T.);
#7648 = ORIENTED_EDGE('',*,*,#7633,.F.);
#7649 = ORIENTED_EDGE('',*,*,#6192,.F.);
#7650 = PLANE('',#7651);
#7651 = AXIS2_PLACEMENT_3D('',#7652,#7653,#7654);
#7652 = CARTESIAN_POINT('',(-2.5,-0.78,0.375));
#7653 = DIRECTION('',(-1.,-9.95799250103E-17,0.));
#7654 = DIRECTION('',(0.,0.,-1.));
#7655 = ADVANCED_FACE('',(#7656),#7667,.T.);
#7656 = FACE_BOUND('',#7657,.T.);
#7657 = EDGE_LOOP('',(#7658,#7659,#7660,#7661));
#7658 = ORIENTED_EDGE('',*,*,#6565,.T.);
#7659 = ORIENTED_EDGE('',*,*,#6977,.T.);
#7660 = ORIENTED_EDGE('',*,*,#6342,.F.);
#7661 = ORIENTED_EDGE('',*,*,#7662,.F.);
#7662 = EDGE_CURVE('',#6558,#6335,#7663,.T.);
#7663 = LINE('',#7664,#7665);
#7664 = CARTESIAN_POINT('',(-2.65,0.52,0.375));
#7665 = VECTOR('',#7666,1.);
#7666 = DIRECTION('',(-9.95799250103E-17,1.,0.));
#7667 = CYLINDRICAL_SURFACE('',#7668,0.25);
#7668 = AXIS2_PLACEMENT_3D('',#7669,#7670,#7671);
#7669 = CARTESIAN_POINT('',(-2.4,0.52,0.375));
#7670 = DIRECTION('',(9.95799250103E-17,-1.,0.));
#7671 = DIRECTION('',(-1.,-9.95799250103E-17,2.6645352591E-15));
#7672 = ADVANCED_FACE('',(#7673),#7684,.F.);
#7673 = FACE_BOUND('',#7674,.F.);
#7674 = EDGE_LOOP('',(#7675,#7681,#7682,#7683));
#7675 = ORIENTED_EDGE('',*,*,#7676,.T.);
#7676 = EDGE_CURVE('',#6549,#6326,#7677,.T.);
#7677 = LINE('',#7678,#7679);
#7678 = CARTESIAN_POINT('',(-2.65,0.52,0.25));
#7679 = VECTOR('',#7680,1.);
#7680 = DIRECTION('',(-9.95799250103E-17,1.,0.));
#7681 = ORIENTED_EDGE('',*,*,#6334,.T.);
#7682 = ORIENTED_EDGE('',*,*,#7662,.F.);
#7683 = ORIENTED_EDGE('',*,*,#6557,.F.);
#7684 = PLANE('',#7685);
#7685 = AXIS2_PLACEMENT_3D('',#7686,#7687,#7688);
#7686 = CARTESIAN_POINT('',(-2.65,0.52,0.25));
#7687 = DIRECTION('',(1.,9.95799250103E-17,0.));
#7688 = DIRECTION('',(0.,0.,1.));
#7689 = ADVANCED_FACE('',(#7690),#7701,.F.);
#7690 = FACE_BOUND('',#7691,.F.);
#7691 = EDGE_LOOP('',(#7692,#7698,#7699,#7700));
#7692 = ORIENTED_EDGE('',*,*,#7693,.T.);
#7693 = EDGE_CURVE('',#6541,#6318,#7694,.T.);
#7694 = LINE('',#7695,#7696);
#7695 = CARTESIAN_POINT('',(-2.75,0.52,0.15));
#7696 = VECTOR('',#7697,1.);
#7697 = DIRECTION('',(-9.95799250103E-17,1.,0.));
#7698 = ORIENTED_EDGE('',*,*,#6325,.T.);
#7699 = ORIENTED_EDGE('',*,*,#7676,.F.);
#7700 = ORIENTED_EDGE('',*,*,#6548,.F.);
#7701 = CYLINDRICAL_SURFACE('',#7702,0.1);
#7702 = AXIS2_PLACEMENT_3D('',#7703,#7704,#7705);
#7703 = CARTESIAN_POINT('',(-2.75,0.52,0.25));
#7704 = DIRECTION('',(9.95799250103E-17,-1.,0.));
#7705 = DIRECTION('',(0.,0.,-1.));
#7706 = ADVANCED_FACE('',(#7707),#7718,.F.);
#7707 = FACE_BOUND('',#7708,.F.);
#7708 = EDGE_LOOP('',(#7709,#7715,#7716,#7717));
#7709 = ORIENTED_EDGE('',*,*,#7710,.T.);
#7710 = EDGE_CURVE('',#6533,#6310,#7711,.T.);
#7711 = LINE('',#7712,#7713);
#7712 = CARTESIAN_POINT('',(-3.2,0.52,0.15));
#7713 = VECTOR('',#7714,1.);
#7714 = DIRECTION('',(-9.95799250103E-17,1.,0.));
#7715 = ORIENTED_EDGE('',*,*,#6317,.T.);
#7716 = ORIENTED_EDGE('',*,*,#7693,.F.);
#7717 = ORIENTED_EDGE('',*,*,#6540,.F.);
#7718 = PLANE('',#7719);
#7719 = AXIS2_PLACEMENT_3D('',#7720,#7721,#7722);
#7720 = CARTESIAN_POINT('',(-3.2,0.52,0.15));
#7721 = DIRECTION('',(0.,0.,-1.));
#7722 = DIRECTION('',(1.,9.95799250103E-17,0.));
#7723 = ADVANCED_FACE('',(#7724),#7735,.F.);
#7724 = FACE_BOUND('',#7725,.F.);
#7725 = EDGE_LOOP('',(#7726,#7732,#7733,#7734));
#7726 = ORIENTED_EDGE('',*,*,#7727,.T.);
#7727 = EDGE_CURVE('',#6525,#6302,#7728,.T.);
#7728 = LINE('',#7729,#7730);
#7729 = CARTESIAN_POINT('',(-3.2,0.52,1.110223024625E-16));
#7730 = VECTOR('',#7731,1.);
#7731 = DIRECTION('',(-9.95799250103E-17,1.,0.));
#7732 = ORIENTED_EDGE('',*,*,#6309,.T.);
#7733 = ORIENTED_EDGE('',*,*,#7710,.F.);
#7734 = ORIENTED_EDGE('',*,*,#6532,.F.);
#7735 = PLANE('',#7736);
#7736 = AXIS2_PLACEMENT_3D('',#7737,#7738,#7739);
#7737 = CARTESIAN_POINT('',(-3.2,0.52,1.110223024625E-16));
#7738 = DIRECTION('',(1.,9.95799250103E-17,0.));
#7739 = DIRECTION('',(0.,0.,1.));
#7740 = ADVANCED_FACE('',(#7741),#7752,.F.);
#7741 = FACE_BOUND('',#7742,.F.);
#7742 = EDGE_LOOP('',(#7743,#7749,#7750,#7751));
#7743 = ORIENTED_EDGE('',*,*,#7744,.T.);
#7744 = EDGE_CURVE('',#6516,#6293,#7745,.T.);
#7745 = LINE('',#7746,#7747);
#7746 = CARTESIAN_POINT('',(-2.75,0.52,1.110223024625E-16));
#7747 = VECTOR('',#7748,1.);
#7748 = DIRECTION('',(-9.95799250103E-17,1.,0.));
#7749 = ORIENTED_EDGE('',*,*,#6301,.T.);
#7750 = ORIENTED_EDGE('',*,*,#7727,.F.);
#7751 = ORIENTED_EDGE('',*,*,#6524,.F.);
#7752 = PLANE('',#7753);
#7753 = AXIS2_PLACEMENT_3D('',#7754,#7755,#7756);
#7754 = CARTESIAN_POINT('',(-2.75,0.52,1.110223024625E-16));
#7755 = DIRECTION('',(0.,0.,1.));
#7756 = DIRECTION('',(-1.,-9.95799250103E-17,0.));
#7757 = ADVANCED_FACE('',(#7758),#7769,.T.);
#7758 = FACE_BOUND('',#7759,.T.);
#7759 = EDGE_LOOP('',(#7760,#7761,#7762,#7763));
#7760 = ORIENTED_EDGE('',*,*,#6515,.T.);
#7761 = ORIENTED_EDGE('',*,*,#7744,.T.);
#7762 = ORIENTED_EDGE('',*,*,#6292,.F.);
#7763 = ORIENTED_EDGE('',*,*,#7764,.F.);
#7764 = EDGE_CURVE('',#6508,#6285,#7765,.T.);
#7765 = LINE('',#7766,#7767);
#7766 = CARTESIAN_POINT('',(-2.5,0.52,0.25));
#7767 = VECTOR('',#7768,1.);
#7768 = DIRECTION('',(-9.95799250103E-17,1.,0.));
#7769 = CYLINDRICAL_SURFACE('',#7770,0.25);
#7770 = AXIS2_PLACEMENT_3D('',#7771,#7772,#7773);
#7771 = CARTESIAN_POINT('',(-2.75,0.52,0.25));
#7772 = DIRECTION('',(9.95799250103E-17,-1.,0.));
#7773 = DIRECTION('',(1.,9.95799250103E-17,-2.442490654175E-15));
#7774 = ADVANCED_FACE('',(#7775),#7781,.F.);
#7775 = FACE_BOUND('',#7776,.F.);
#7776 = EDGE_LOOP('',(#7777,#7778,#7779,#7780));
#7777 = ORIENTED_EDGE('',*,*,#6590,.T.);
#7778 = ORIENTED_EDGE('',*,*,#6284,.T.);
#7779 = ORIENTED_EDGE('',*,*,#7764,.F.);
#7780 = ORIENTED_EDGE('',*,*,#6507,.F.);
#7781 = PLANE('',#7782);
#7782 = AXIS2_PLACEMENT_3D('',#7783,#7784,#7785);
#7783 = CARTESIAN_POINT('',(-2.5,0.52,0.375));
#7784 = DIRECTION('',(-1.,-9.95799250103E-17,0.));
#7785 = DIRECTION('',(0.,0.,-1.));
#7786 = ADVANCED_FACE('',(#7787),#7798,.T.);
#7787 = FACE_BOUND('',#7788,.T.);
#7788 = EDGE_LOOP('',(#7789,#7790,#7791,#7792));
#7789 = ORIENTED_EDGE('',*,*,#6696,.T.);
#7790 = ORIENTED_EDGE('',*,*,#6958,.T.);
#7791 = ORIENTED_EDGE('',*,*,#6788,.F.);
#7792 = ORIENTED_EDGE('',*,*,#7793,.F.);
#7793 = EDGE_CURVE('',#6689,#6781,#7794,.T.);
#7794 = LINE('',#7795,#7796);
#7795 = CARTESIAN_POINT('',(-2.65,-0.13,0.375));
#7796 = VECTOR('',#7797,1.);
#7797 = DIRECTION('',(-9.95799250103E-17,1.,0.));
#7798 = CYLINDRICAL_SURFACE('',#7799,0.25);
#7799 = AXIS2_PLACEMENT_3D('',#7800,#7801,#7802);
#7800 = CARTESIAN_POINT('',(-2.4,-0.13,0.375));
#7801 = DIRECTION('',(9.95799250103E-17,-1.,0.));
#7802 = DIRECTION('',(-1.,-9.95799250103E-17,2.6645352591E-15));
#7803 = ADVANCED_FACE('',(#7804),#7815,.F.);
#7804 = FACE_BOUND('',#7805,.F.);
#7805 = EDGE_LOOP('',(#7806,#7812,#7813,#7814));
#7806 = ORIENTED_EDGE('',*,*,#7807,.T.);
#7807 = EDGE_CURVE('',#6680,#6772,#7808,.T.);
#7808 = LINE('',#7809,#7810);
#7809 = CARTESIAN_POINT('',(-2.65,-0.13,0.25));
#7810 = VECTOR('',#7811,1.);
#7811 = DIRECTION('',(-9.95799250103E-17,1.,0.));
#7812 = ORIENTED_EDGE('',*,*,#6780,.T.);
#7813 = ORIENTED_EDGE('',*,*,#7793,.F.);
#7814 = ORIENTED_EDGE('',*,*,#6688,.F.);
#7815 = PLANE('',#7816);
#7816 = AXIS2_PLACEMENT_3D('',#7817,#7818,#7819);
#7817 = CARTESIAN_POINT('',(-2.65,-0.13,0.25));
#7818 = DIRECTION('',(1.,9.95799250103E-17,0.));
#7819 = DIRECTION('',(0.,0.,1.));
#7820 = ADVANCED_FACE('',(#7821),#7832,.F.);
#7821 = FACE_BOUND('',#7822,.F.);
#7822 = EDGE_LOOP('',(#7823,#7829,#7830,#7831));
#7823 = ORIENTED_EDGE('',*,*,#7824,.T.);
#7824 = EDGE_CURVE('',#6672,#6764,#7825,.T.);
#7825 = LINE('',#7826,#7827);
#7826 = CARTESIAN_POINT('',(-2.75,-0.13,0.15));
#7827 = VECTOR('',#7828,1.);
#7828 = DIRECTION('',(-9.95799250103E-17,1.,0.));
#7829 = ORIENTED_EDGE('',*,*,#6771,.T.);
#7830 = ORIENTED_EDGE('',*,*,#7807,.F.);
#7831 = ORIENTED_EDGE('',*,*,#6679,.F.);
#7832 = CYLINDRICAL_SURFACE('',#7833,0.1);
#7833 = AXIS2_PLACEMENT_3D('',#7834,#7835,#7836);
#7834 = CARTESIAN_POINT('',(-2.75,-0.13,0.25));
#7835 = DIRECTION('',(9.95799250103E-17,-1.,0.));
#7836 = DIRECTION('',(0.,0.,-1.));
#7837 = ADVANCED_FACE('',(#7838),#7849,.F.);
#7838 = FACE_BOUND('',#7839,.F.);
#7839 = EDGE_LOOP('',(#7840,#7846,#7847,#7848));
#7840 = ORIENTED_EDGE('',*,*,#7841,.T.);
#7841 = EDGE_CURVE('',#6664,#6756,#7842,.T.);
#7842 = LINE('',#7843,#7844);
#7843 = CARTESIAN_POINT('',(-3.2,-0.13,0.15));
#7844 = VECTOR('',#7845,1.);
#7845 = DIRECTION('',(-9.95799250103E-17,1.,0.));
#7846 = ORIENTED_EDGE('',*,*,#6763,.T.);
#7847 = ORIENTED_EDGE('',*,*,#7824,.F.);
#7848 = ORIENTED_EDGE('',*,*,#6671,.F.);
#7849 = PLANE('',#7850);
#7850 = AXIS2_PLACEMENT_3D('',#7851,#7852,#7853);
#7851 = CARTESIAN_POINT('',(-3.2,-0.13,0.15));
#7852 = DIRECTION('',(0.,0.,-1.));
#7853 = DIRECTION('',(1.,9.95799250103E-17,0.));
#7854 = ADVANCED_FACE('',(#7855),#7866,.F.);
#7855 = FACE_BOUND('',#7856,.F.);
#7856 = EDGE_LOOP('',(#7857,#7863,#7864,#7865));
#7857 = ORIENTED_EDGE('',*,*,#7858,.T.);
#7858 = EDGE_CURVE('',#6656,#6748,#7859,.T.);
#7859 = LINE('',#7860,#7861);
#7860 = CARTESIAN_POINT('',(-3.2,-0.13,1.110223024625E-16));
#7861 = VECTOR('',#7862,1.);
#7862 = DIRECTION('',(-9.95799250103E-17,1.,0.));
#7863 = ORIENTED_EDGE('',*,*,#6755,.T.);
#7864 = ORIENTED_EDGE('',*,*,#7841,.F.);
#7865 = ORIENTED_EDGE('',*,*,#6663,.F.);
#7866 = PLANE('',#7867);
#7867 = AXIS2_PLACEMENT_3D('',#7868,#7869,#7870);
#7868 = CARTESIAN_POINT('',(-3.2,-0.13,1.110223024625E-16));
#7869 = DIRECTION('',(1.,9.95799250103E-17,0.));
#7870 = DIRECTION('',(0.,0.,1.));
#7871 = ADVANCED_FACE('',(#7872),#7883,.F.);
#7872 = FACE_BOUND('',#7873,.F.);
#7873 = EDGE_LOOP('',(#7874,#7880,#7881,#7882));
#7874 = ORIENTED_EDGE('',*,*,#7875,.T.);
#7875 = EDGE_CURVE('',#6647,#6739,#7876,.T.);
#7876 = LINE('',#7877,#7878);
#7877 = CARTESIAN_POINT('',(-2.75,-0.13,1.110223024625E-16));
#7878 = VECTOR('',#7879,1.);
#7879 = DIRECTION('',(-9.95799250103E-17,1.,0.));
#7880 = ORIENTED_EDGE('',*,*,#6747,.T.);
#7881 = ORIENTED_EDGE('',*,*,#7858,.F.);
#7882 = ORIENTED_EDGE('',*,*,#6655,.F.);
#7883 = PLANE('',#7884);
#7884 = AXIS2_PLACEMENT_3D('',#7885,#7886,#7887);
#7885 = CARTESIAN_POINT('',(-2.75,-0.13,1.110223024625E-16));
#7886 = DIRECTION('',(0.,0.,1.));
#7887 = DIRECTION('',(-1.,-9.95799250103E-17,0.));
#7888 = ADVANCED_FACE('',(#7889),#7900,.T.);
#7889 = FACE_BOUND('',#7890,.T.);
#7890 = EDGE_LOOP('',(#7891,#7892,#7893,#7894));
#7891 = ORIENTED_EDGE('',*,*,#6646,.T.);
#7892 = ORIENTED_EDGE('',*,*,#7875,.T.);
#7893 = ORIENTED_EDGE('',*,*,#6738,.F.);
#7894 = ORIENTED_EDGE('',*,*,#7895,.F.);
#7895 = EDGE_CURVE('',#6639,#6731,#7896,.T.);
#7896 = LINE('',#7897,#7898);
#7897 = CARTESIAN_POINT('',(-2.5,-0.13,0.25));
#7898 = VECTOR('',#7899,1.);
#7899 = DIRECTION('',(-9.95799250103E-17,1.,0.));
#7900 = CYLINDRICAL_SURFACE('',#7901,0.25);
#7901 = AXIS2_PLACEMENT_3D('',#7902,#7903,#7904);
#7902 = CARTESIAN_POINT('',(-2.75,-0.13,0.25));
#7903 = DIRECTION('',(9.95799250103E-17,-1.,0.));
#7904 = DIRECTION('',(1.,9.95799250103E-17,-2.442490654175E-15));
#7905 = ADVANCED_FACE('',(#7906),#7912,.F.);
#7906 = FACE_BOUND('',#7907,.F.);
#7907 = EDGE_LOOP('',(#7908,#7909,#7910,#7911));
#7908 = ORIENTED_EDGE('',*,*,#6835,.T.);
#7909 = ORIENTED_EDGE('',*,*,#6730,.T.);
#7910 = ORIENTED_EDGE('',*,*,#7895,.F.);
#7911 = ORIENTED_EDGE('',*,*,#6638,.F.);
#7912 = PLANE('',#7913);
#7913 = AXIS2_PLACEMENT_3D('',#7914,#7915,#7916);
#7914 = CARTESIAN_POINT('',(-2.5,-0.13,0.375));
#7915 = DIRECTION('',(-1.,-9.95799250103E-17,0.));
#7916 = DIRECTION('',(0.,0.,-1.));
#7917 = ( GEOMETRIC_REPRESENTATION_CONTEXT(3) 
GLOBAL_UNCERTAINTY_ASSIGNED_CONTEXT((#7921)) 
GLOBAL_UNIT_ASSIGNED_CONTEXT((#7918,#7919,#7920)) REPRESENTATION_CONTEXT
('Context #1','3D Context with UNIT and UNCERTAINTY') );
#7918 = ( LENGTH_UNIT() NAMED_UNIT(*) SI_UNIT(.MILLI.,.METRE.) );
#7919 = ( NAMED_UNIT(*) PLANE_ANGLE_UNIT() SI_UNIT($,.RADIAN.) );
#7920 = ( NAMED_UNIT(*) SI_UNIT($,.STERADIAN.) SOLID_ANGLE_UNIT() );
#7921 = UNCERTAINTY_MEASURE_WITH_UNIT(LENGTH_MEASURE(1.E-07),#7918,
  'distance_accuracy_value','confusion accuracy');
#7922 = SHAPE_DEFINITION_REPRESENTATION(#7923,#507);
#7923 = PRODUCT_DEFINITION_SHAPE('','',#7924);
#7924 = PRODUCT_DEFINITION('design','',#7925,#7928);
#7925 = PRODUCT_DEFINITION_FORMATION('','',#7926);
#7926 = PRODUCT('U1_TSSOP_14_44x5mm_P065mm_defd731d5ae4',
  'U1_TSSOP_14_44x5mm_P065mm_defd731d5ae4','',(#7927));
#7927 = PRODUCT_CONTEXT('',#2,'mechanical');
#7928 = PRODUCT_DEFINITION_CONTEXT('part definition',#2,'design');
#7929 = CONTEXT_DEPENDENT_SHAPE_REPRESENTATION(#7930,#7932);
#7930 = ( REPRESENTATION_RELATIONSHIP('','',#507,#497) 
REPRESENTATION_RELATIONSHIP_WITH_TRANSFORMATION(#7931) 
SHAPE_REPRESENTATION_RELATIONSHIP() );
#7931 = ITEM_DEFINED_TRANSFORMATION('','',#11,#498);
#7932 = PRODUCT_DEFINITION_SHAPE('Placement','Placement of an item',
  #7933);
#7933 = NEXT_ASSEMBLY_USAGE_OCCURRENCE('17',
  'U1_TSSOP_14_44x5mm_P065mm_defd731d5ae4','',#492,#7924,$);
#7934 = PRODUCT_RELATED_PRODUCT_CATEGORY('part',$,(#7926));
#7935 = CONTEXT_DEPENDENT_SHAPE_REPRESENTATION(#7936,#7938);
#7936 = ( REPRESENTATION_RELATIONSHIP('','',#497,#476) 
REPRESENTATION_RELATIONSHIP_WITH_TRANSFORMATION(#7937) 
SHAPE_REPRESENTATION_RELATIONSHIP() );
#7937 = ITEM_DEFINED_TRANSFORMATION('','',#11,#477);
#7938 = PRODUCT_DEFINITION_SHAPE('Placement','Placement of an item',
  #7939);
#7939 = NEXT_ASSEMBLY_USAGE_OCCURRENCE('18','Top_8295','',#471,#492,$);
#7940 = PRODUCT_RELATED_PRODUCT_CATEGORY('part',$,(#494));
#7941 = SHAPE_DEFINITION_REPRESENTATION(#7942,#7948);
#7942 = PRODUCT_DEFINITION_SHAPE('','',#7943);
#7943 = PRODUCT_DEFINITION('design','',#7944,#7947);
#7944 = PRODUCT_DEFINITION_FORMATION('','',#7945);
#7945 = PRODUCT('Bot_8295','Bot_8295','',(#7946));
#7946 = PRODUCT_CONTEXT('',#2,'mechanical');
#7947 = PRODUCT_DEFINITION_CONTEXT('part definition',#2,'design');
#7948 = SHAPE_REPRESENTATION('',(#11,#7949,#7953,#7957,#7961,#7965,#7969
    ,#7973,#7977),#7981);
#7949 = AXIS2_PLACEMENT_3D('',#7950,#7951,#7952);
#7950 = CARTESIAN_POINT('',(6.58,4.,-1.6));
#7951 = DIRECTION('',(1.224646799147E-16,0.,-1.));
#7952 = DIRECTION('',(-1.,0.,-1.224646799147E-16));
#7953 = AXIS2_PLACEMENT_3D('',#7954,#7955,#7956);
#7954 = CARTESIAN_POINT('',(2.7,5.8,-1.6));
#7955 = DIRECTION('',(1.224646799147E-16,2.540718180781E-33,-1.));
#7956 = DIRECTION('',(2.22044604925E-16,-1.,2.465190328816E-32));
#7957 = AXIS2_PLACEMENT_3D('',#7958,#7959,#7960);
#7958 = CARTESIAN_POINT('',(-2.7,5.8,-1.6));
#7959 = DIRECTION('',(1.224646799147E-16,2.540718180781E-33,-1.));
#7960 = DIRECTION('',(2.22044604925E-16,-1.,2.465190328816E-32));
#7961 = AXIS2_PLACEMENT_3D('',#7962,#7963,#7964);
#7962 = CARTESIAN_POINT('',(-5.37,4.97,-1.6));
#7963 = DIRECTION('',(1.224646799147E-16,0.,-1.));
#7964 = DIRECTION('',(-1.,0.,-1.224646799147E-16));
#7965 = AXIS2_PLACEMENT_3D('',#7966,#7967,#7968);
#7966 = CARTESIAN_POINT('',(-0.9,5.8,-1.6));
#7967 = DIRECTION('',(1.224646799147E-16,2.540718180781E-33,-1.));
#7968 = DIRECTION('',(2.22044604925E-16,-1.,2.465190328816E-32));
#7969 = AXIS2_PLACEMENT_3D('',#7970,#7971,#7972);
#7970 = CARTESIAN_POINT('',(0.9,5.8,-1.6));
#7971 = DIRECTION('',(1.224646799147E-16,2.540718180781E-33,-1.));
#7972 = DIRECTION('',(2.22044604925E-16,-1.,2.465190328816E-32));
#7973 = AXIS2_PLACEMENT_3D('',#7974,#7975,#7976);
#7974 = CARTESIAN_POINT('',(6.58,2.03,-1.6));
#7975 = DIRECTION('',(1.224646799147E-16,0.,-1.));
#7976 = DIRECTION('',(1.,1.224646799147E-16,1.224646799147E-16));
#7977 = AXIS2_PLACEMENT_3D('',#7978,#7979,#7980);
#7978 = CARTESIAN_POINT('',(0.611751,0.671751,-1.6));
#7979 = DIRECTION('',(1.224646799147E-16,1.232595164408E-32,-1.));
#7980 = DIRECTION('',(0.707106781187,0.707106781187,8.659560562355E-17)
  );
#7981 = ( GEOMETRIC_REPRESENTATION_CONTEXT(3) 
GLOBAL_UNCERTAINTY_ASSIGNED_CONTEXT((#7985)) 
GLOBAL_UNIT_ASSIGNED_CONTEXT((#7982,#7983,#7984)) REPRESENTATION_CONTEXT
('Context #1','3D Context with UNIT and UNCERTAINTY') );
#7982 = ( LENGTH_UNIT() NAMED_UNIT(*) SI_UNIT(.MILLI.,.METRE.) );
#7983 = ( NAMED_UNIT(*) PLANE_ANGLE_UNIT() SI_UNIT($,.RADIAN.) );
#7984 = ( NAMED_UNIT(*) SI_UNIT($,.STERADIAN.) SOLID_ANGLE_UNIT() );
#7985 = UNCERTAINTY_MEASURE_WITH_UNIT(LENGTH_MEASURE(1.E-07),#7982,
  'distance_accuracy_value','confusion accuracy');
#7986 = ADVANCED_BREP_SHAPE_REPRESENTATION('',(#11,#7987),#8777);
#7987 = MANIFOLD_SOLID_BREP('',#7988);
#7988 = CLOSED_SHELL('',(#7989,#8029,#8112,#8137,#8162,#8229,#8246,#8263
    ,#8312,#8329,#8346,#8395,#8412,#8481,#8512,#8536,#8605,#8629,#8646,
    #8663,#8680,#8697,#8714,#8731,#8748,#8765));
#7989 = ADVANCED_FACE('',(#7990),#8024,.F.);
#7990 = FACE_BOUND('',#7991,.F.);
#7991 = EDGE_LOOP('',(#7992,#8002,#8010,#8018));
#7992 = ORIENTED_EDGE('',*,*,#7993,.F.);
#7993 = EDGE_CURVE('',#7994,#7996,#7998,.T.);
#7994 = VERTEX_POINT('',#7995);
#7995 = CARTESIAN_POINT('',(-0.8,-0.4,4.5E-02));
#7996 = VERTEX_POINT('',#7997);
#7997 = CARTESIAN_POINT('',(-0.8,-0.4,0.405));
#7998 = LINE('',#7999,#8000);
#7999 = CARTESIAN_POINT('',(-0.8,-0.4,0.));
#8000 = VECTOR('',#8001,1.);
#8001 = DIRECTION('',(0.,0.,1.));
#8002 = ORIENTED_EDGE('',*,*,#8003,.T.);
#8003 = EDGE_CURVE('',#7994,#8004,#8006,.T.);
#8004 = VERTEX_POINT('',#8005);
#8005 = CARTESIAN_POINT('',(-0.8,0.4,4.5E-02));
#8006 = LINE('',#8007,#8008);
#8007 = CARTESIAN_POINT('',(-0.8,-0.4,4.5E-02));
#8008 = VECTOR('',#8009,1.);
#8009 = DIRECTION('',(0.,1.,0.));
#8010 = ORIENTED_EDGE('',*,*,#8011,.T.);
#8011 = EDGE_CURVE('',#8004,#8012,#8014,.T.);
#8012 = VERTEX_POINT('',#8013);
#8013 = CARTESIAN_POINT('',(-0.8,0.4,0.405));
#8014 = LINE('',#8015,#8016);
#8015 = CARTESIAN_POINT('',(-0.8,0.4,0.));
#8016 = VECTOR('',#8017,1.);
#8017 = DIRECTION('',(0.,0.,1.));
#8018 = ORIENTED_EDGE('',*,*,#8019,.F.);
#8019 = EDGE_CURVE('',#7996,#8012,#8020,.T.);
#8020 = LINE('',#8021,#8022);
#8021 = CARTESIAN_POINT('',(-0.8,-0.4,0.405));
#8022 = VECTOR('',#8023,1.);
#8023 = DIRECTION('',(0.,1.,0.));
#8024 = PLANE('',#8025);
#8025 = AXIS2_PLACEMENT_3D('',#8026,#8027,#8028);
#8026 = CARTESIAN_POINT('',(-0.8,-0.4,0.));
#8027 = DIRECTION('',(1.,0.,0.));
#8028 = DIRECTION('',(0.,0.,1.));
#8029 = ADVANCED_FACE('',(#8030),#8107,.F.);
#8030 = FACE_BOUND('',#8031,.F.);
#8031 = EDGE_LOOP('',(#8032,#8042,#8049,#8050,#8059,#8067,#8076,#8084,
    #8092,#8100));
#8032 = ORIENTED_EDGE('',*,*,#8033,.F.);
#8033 = EDGE_CURVE('',#8034,#8036,#8038,.T.);
#8034 = VERTEX_POINT('',#8035);
#8035 = CARTESIAN_POINT('',(-0.755,-0.4,-2.775557561563E-17));
#8036 = VERTEX_POINT('',#8037);
#8037 = CARTESIAN_POINT('',(-0.545,-0.4,-2.775557561563E-17));
#8038 = LINE('',#8039,#8040);
#8039 = CARTESIAN_POINT('',(-0.8,-0.4,0.));
#8040 = VECTOR('',#8041,1.);
#8041 = DIRECTION('',(1.,0.,0.));
#8042 = ORIENTED_EDGE('',*,*,#8043,.F.);
#8043 = EDGE_CURVE('',#7994,#8034,#8044,.T.);
#8044 = CIRCLE('',#8045,4.5E-02);
#8045 = AXIS2_PLACEMENT_3D('',#8046,#8047,#8048);
#8046 = CARTESIAN_POINT('',(-0.755,-0.4,4.5E-02));
#8047 = DIRECTION('',(0.,-1.,0.));
#8048 = DIRECTION('',(0.,0.,1.));
#8049 = ORIENTED_EDGE('',*,*,#7993,.T.);
#8050 = ORIENTED_EDGE('',*,*,#8051,.T.);
#8051 = EDGE_CURVE('',#7996,#8052,#8054,.T.);
#8052 = VERTEX_POINT('',#8053);
#8053 = CARTESIAN_POINT('',(-0.755,-0.4,0.45));
#8054 = CIRCLE('',#8055,4.5E-02);
#8055 = AXIS2_PLACEMENT_3D('',#8056,#8057,#8058);
#8056 = CARTESIAN_POINT('',(-0.755,-0.4,0.405));
#8057 = DIRECTION('',(0.,1.,0.));
#8058 = DIRECTION('',(0.,0.,1.));
#8059 = ORIENTED_EDGE('',*,*,#8060,.T.);
#8060 = EDGE_CURVE('',#8052,#8061,#8063,.T.);
#8061 = VERTEX_POINT('',#8062);
#8062 = CARTESIAN_POINT('',(-0.545,-0.4,0.45));
#8063 = LINE('',#8064,#8065);
#8064 = CARTESIAN_POINT('',(-0.8,-0.4,0.45));
#8065 = VECTOR('',#8066,1.);
#8066 = DIRECTION('',(1.,0.,0.));
#8067 = ORIENTED_EDGE('',*,*,#8068,.F.);
#8068 = EDGE_CURVE('',#8069,#8061,#8071,.T.);
#8069 = VERTEX_POINT('',#8070);
#8070 = CARTESIAN_POINT('',(-0.5,-0.4,0.405));
#8071 = CIRCLE('',#8072,4.5E-02);
#8072 = AXIS2_PLACEMENT_3D('',#8073,#8074,#8075);
#8073 = CARTESIAN_POINT('',(-0.545,-0.4,0.405));
#8074 = DIRECTION('',(0.,-1.,0.));
#8075 = DIRECTION('',(0.,0.,1.));
#8076 = ORIENTED_EDGE('',*,*,#8077,.F.);
#8077 = EDGE_CURVE('',#8078,#8069,#8080,.T.);
#8078 = VERTEX_POINT('',#8079);
#8079 = CARTESIAN_POINT('',(-0.755,-0.4,0.405));
#8080 = LINE('',#8081,#8082);
#8081 = CARTESIAN_POINT('',(-0.755,-0.4,0.405));
#8082 = VECTOR('',#8083,1.);
#8083 = DIRECTION('',(1.,0.,0.));
#8084 = ORIENTED_EDGE('',*,*,#8085,.F.);
#8085 = EDGE_CURVE('',#8086,#8078,#8088,.T.);
#8086 = VERTEX_POINT('',#8087);
#8087 = CARTESIAN_POINT('',(-0.755,-0.4,4.5E-02));
#8088 = LINE('',#8089,#8090);
#8089 = CARTESIAN_POINT('',(-0.755,-0.4,4.5E-02));
#8090 = VECTOR('',#8091,1.);
#8091 = DIRECTION('',(0.,0.,1.));
#8092 = ORIENTED_EDGE('',*,*,#8093,.T.);
#8093 = EDGE_CURVE('',#8086,#8094,#8096,.T.);
#8094 = VERTEX_POINT('',#8095);
#8095 = CARTESIAN_POINT('',(-0.5,-0.4,4.5E-02));
#8096 = LINE('',#8097,#8098);
#8097 = CARTESIAN_POINT('',(-0.755,-0.4,4.5E-02));
#8098 = VECTOR('',#8099,1.);
#8099 = DIRECTION('',(1.,0.,0.));
#8100 = ORIENTED_EDGE('',*,*,#8101,.T.);
#8101 = EDGE_CURVE('',#8094,#8036,#8102,.T.);
#8102 = CIRCLE('',#8103,4.5E-02);
#8103 = AXIS2_PLACEMENT_3D('',#8104,#8105,#8106);
#8104 = CARTESIAN_POINT('',(-0.545,-0.4,4.5E-02));
#8105 = DIRECTION('',(0.,1.,0.));
#8106 = DIRECTION('',(0.,0.,1.));
#8107 = PLANE('',#8108);
#8108 = AXIS2_PLACEMENT_3D('',#8109,#8110,#8111);
#8109 = CARTESIAN_POINT('',(-0.8,-0.4,0.));
#8110 = DIRECTION('',(0.,1.,0.));
#8111 = DIRECTION('',(0.,0.,1.));
#8112 = ADVANCED_FACE('',(#8113),#8132,.T.);
#8113 = FACE_BOUND('',#8114,.T.);
#8114 = EDGE_LOOP('',(#8115,#8116,#8125,#8131));
#8115 = ORIENTED_EDGE('',*,*,#8003,.T.);
#8116 = ORIENTED_EDGE('',*,*,#8117,.T.);
#8117 = EDGE_CURVE('',#8004,#8118,#8120,.T.);
#8118 = VERTEX_POINT('',#8119);
#8119 = CARTESIAN_POINT('',(-0.755,0.4,-2.775557561563E-17));
#8120 = CIRCLE('',#8121,4.5E-02);
#8121 = AXIS2_PLACEMENT_3D('',#8122,#8123,#8124);
#8122 = CARTESIAN_POINT('',(-0.755,0.4,4.5E-02));
#8123 = DIRECTION('',(0.,-1.,0.));
#8124 = DIRECTION('',(0.,0.,1.));
#8125 = ORIENTED_EDGE('',*,*,#8126,.F.);
#8126 = EDGE_CURVE('',#8034,#8118,#8127,.T.);
#8127 = LINE('',#8128,#8129);
#8128 = CARTESIAN_POINT('',(-0.755,-0.4,-2.775557561563E-17));
#8129 = VECTOR('',#8130,1.);
#8130 = DIRECTION('',(0.,1.,0.));
#8131 = ORIENTED_EDGE('',*,*,#8043,.F.);
#8132 = CYLINDRICAL_SURFACE('',#8133,4.5E-02);
#8133 = AXIS2_PLACEMENT_3D('',#8134,#8135,#8136);
#8134 = CARTESIAN_POINT('',(-0.755,-0.4,4.5E-02));
#8135 = DIRECTION('',(0.,1.,0.));
#8136 = DIRECTION('',(-1.,0.,0.));
#8137 = ADVANCED_FACE('',(#8138),#8157,.T.);
#8138 = FACE_BOUND('',#8139,.T.);
#8139 = EDGE_LOOP('',(#8140,#8141,#8149,#8156));
#8140 = ORIENTED_EDGE('',*,*,#8051,.T.);
#8141 = ORIENTED_EDGE('',*,*,#8142,.T.);
#8142 = EDGE_CURVE('',#8052,#8143,#8145,.T.);
#8143 = VERTEX_POINT('',#8144);
#8144 = CARTESIAN_POINT('',(-0.755,0.4,0.45));
#8145 = LINE('',#8146,#8147);
#8146 = CARTESIAN_POINT('',(-0.755,-0.4,0.45));
#8147 = VECTOR('',#8148,1.);
#8148 = DIRECTION('',(0.,1.,0.));
#8149 = ORIENTED_EDGE('',*,*,#8150,.F.);
#8150 = EDGE_CURVE('',#8012,#8143,#8151,.T.);
#8151 = CIRCLE('',#8152,4.5E-02);
#8152 = AXIS2_PLACEMENT_3D('',#8153,#8154,#8155);
#8153 = CARTESIAN_POINT('',(-0.755,0.4,0.405));
#8154 = DIRECTION('',(0.,1.,0.));
#8155 = DIRECTION('',(0.,0.,1.));
#8156 = ORIENTED_EDGE('',*,*,#8019,.F.);
#8157 = CYLINDRICAL_SURFACE('',#8158,4.5E-02);
#8158 = AXIS2_PLACEMENT_3D('',#8159,#8160,#8161);
#8159 = CARTESIAN_POINT('',(-0.755,-0.4,0.405));
#8160 = DIRECTION('',(0.,1.,0.));
#8161 = DIRECTION('',(-1.,0.,0.));
#8162 = ADVANCED_FACE('',(#8163),#8224,.T.);
#8163 = FACE_BOUND('',#8164,.T.);
#8164 = EDGE_LOOP('',(#8165,#8173,#8174,#8175,#8176,#8184,#8193,#8201,
    #8209,#8217));
#8165 = ORIENTED_EDGE('',*,*,#8166,.F.);
#8166 = EDGE_CURVE('',#8118,#8167,#8169,.T.);
#8167 = VERTEX_POINT('',#8168);
#8168 = CARTESIAN_POINT('',(-0.545,0.4,-2.775557561563E-17));
#8169 = LINE('',#8170,#8171);
#8170 = CARTESIAN_POINT('',(-0.8,0.4,0.));
#8171 = VECTOR('',#8172,1.);
#8172 = DIRECTION('',(1.,0.,0.));
#8173 = ORIENTED_EDGE('',*,*,#8117,.F.);
#8174 = ORIENTED_EDGE('',*,*,#8011,.T.);
#8175 = ORIENTED_EDGE('',*,*,#8150,.T.);
#8176 = ORIENTED_EDGE('',*,*,#8177,.T.);
#8177 = EDGE_CURVE('',#8143,#8178,#8180,.T.);
#8178 = VERTEX_POINT('',#8179);
#8179 = CARTESIAN_POINT('',(-0.545,0.4,0.45));
#8180 = LINE('',#8181,#8182);
#8181 = CARTESIAN_POINT('',(-0.8,0.4,0.45));
#8182 = VECTOR('',#8183,1.);
#8183 = DIRECTION('',(1.,0.,0.));
#8184 = ORIENTED_EDGE('',*,*,#8185,.F.);
#8185 = EDGE_CURVE('',#8186,#8178,#8188,.T.);
#8186 = VERTEX_POINT('',#8187);
#8187 = CARTESIAN_POINT('',(-0.5,0.4,0.405));
#8188 = CIRCLE('',#8189,4.5E-02);
#8189 = AXIS2_PLACEMENT_3D('',#8190,#8191,#8192);
#8190 = CARTESIAN_POINT('',(-0.545,0.4,0.405));
#8191 = DIRECTION('',(0.,-1.,0.));
#8192 = DIRECTION('',(0.,0.,1.));
#8193 = ORIENTED_EDGE('',*,*,#8194,.F.);
#8194 = EDGE_CURVE('',#8195,#8186,#8197,.T.);
#8195 = VERTEX_POINT('',#8196);
#8196 = CARTESIAN_POINT('',(-0.755,0.4,0.405));
#8197 = LINE('',#8198,#8199);
#8198 = CARTESIAN_POINT('',(-0.755,0.4,0.405));
#8199 = VECTOR('',#8200,1.);
#8200 = DIRECTION('',(1.,0.,0.));
#8201 = ORIENTED_EDGE('',*,*,#8202,.F.);
#8202 = EDGE_CURVE('',#8203,#8195,#8205,.T.);
#8203 = VERTEX_POINT('',#8204);
#8204 = CARTESIAN_POINT('',(-0.755,0.4,4.5E-02));
#8205 = LINE('',#8206,#8207);
#8206 = CARTESIAN_POINT('',(-0.755,0.4,4.5E-02));
#8207 = VECTOR('',#8208,1.);
#8208 = DIRECTION('',(0.,0.,1.));
#8209 = ORIENTED_EDGE('',*,*,#8210,.T.);
#8210 = EDGE_CURVE('',#8203,#8211,#8213,.T.);
#8211 = VERTEX_POINT('',#8212);
#8212 = CARTESIAN_POINT('',(-0.5,0.4,4.5E-02));
#8213 = LINE('',#8214,#8215);
#8214 = CARTESIAN_POINT('',(-0.755,0.4,4.5E-02));
#8215 = VECTOR('',#8216,1.);
#8216 = DIRECTION('',(1.,0.,0.));
#8217 = ORIENTED_EDGE('',*,*,#8218,.T.);
#8218 = EDGE_CURVE('',#8211,#8167,#8219,.T.);
#8219 = CIRCLE('',#8220,4.5E-02);
#8220 = AXIS2_PLACEMENT_3D('',#8221,#8222,#8223);
#8221 = CARTESIAN_POINT('',(-0.545,0.4,4.5E-02));
#8222 = DIRECTION('',(0.,1.,0.));
#8223 = DIRECTION('',(0.,0.,1.));
#8224 = PLANE('',#8225);
#8225 = AXIS2_PLACEMENT_3D('',#8226,#8227,#8228);
#8226 = CARTESIAN_POINT('',(-0.8,0.4,0.));
#8227 = DIRECTION('',(0.,1.,0.));
#8228 = DIRECTION('',(0.,0.,1.));
#8229 = ADVANCED_FACE('',(#8230),#8241,.F.);
#8230 = FACE_BOUND('',#8231,.F.);
#8231 = EDGE_LOOP('',(#8232,#8233,#8234,#8235));
#8232 = ORIENTED_EDGE('',*,*,#8166,.F.);
#8233 = ORIENTED_EDGE('',*,*,#8126,.F.);
#8234 = ORIENTED_EDGE('',*,*,#8033,.T.);
#8235 = ORIENTED_EDGE('',*,*,#8236,.T.);
#8236 = EDGE_CURVE('',#8036,#8167,#8237,.T.);
#8237 = LINE('',#8238,#8239);
#8238 = CARTESIAN_POINT('',(-0.545,-0.4,-2.775557561563E-17));
#8239 = VECTOR('',#8240,1.);
#8240 = DIRECTION('',(0.,1.,0.));
#8241 = PLANE('',#8242);
#8242 = AXIS2_PLACEMENT_3D('',#8243,#8244,#8245);
#8243 = CARTESIAN_POINT('',(-0.8,-0.4,0.));
#8244 = DIRECTION('',(0.,0.,1.));
#8245 = DIRECTION('',(1.,0.,0.));
#8246 = ADVANCED_FACE('',(#8247),#8258,.T.);
#8247 = FACE_BOUND('',#8248,.T.);
#8248 = EDGE_LOOP('',(#8249,#8250,#8251,#8252));
#8249 = ORIENTED_EDGE('',*,*,#8101,.T.);
#8250 = ORIENTED_EDGE('',*,*,#8236,.T.);
#8251 = ORIENTED_EDGE('',*,*,#8218,.F.);
#8252 = ORIENTED_EDGE('',*,*,#8253,.F.);
#8253 = EDGE_CURVE('',#8094,#8211,#8254,.T.);
#8254 = LINE('',#8255,#8256);
#8255 = CARTESIAN_POINT('',(-0.5,-0.4,4.5E-02));
#8256 = VECTOR('',#8257,1.);
#8257 = DIRECTION('',(0.,1.,0.));
#8258 = CYLINDRICAL_SURFACE('',#8259,4.5E-02);
#8259 = AXIS2_PLACEMENT_3D('',#8260,#8261,#8262);
#8260 = CARTESIAN_POINT('',(-0.545,-0.4,4.5E-02));
#8261 = DIRECTION('',(0.,1.,0.));
#8262 = DIRECTION('',(1.,0.,0.));
#8263 = ADVANCED_FACE('',(#8264),#8307,.F.);
#8264 = FACE_BOUND('',#8265,.F.);
#8265 = EDGE_LOOP('',(#8266,#8267,#8268,#8269,#8277,#8285,#8293,#8301));
#8266 = ORIENTED_EDGE('',*,*,#8093,.F.);
#8267 = ORIENTED_EDGE('',*,*,#8085,.T.);
#8268 = ORIENTED_EDGE('',*,*,#8077,.T.);
#8269 = ORIENTED_EDGE('',*,*,#8270,.T.);
#8270 = EDGE_CURVE('',#8069,#8271,#8273,.T.);
#8271 = VERTEX_POINT('',#8272);
#8272 = CARTESIAN_POINT('',(0.5,-0.4,0.405));
#8273 = LINE('',#8274,#8275);
#8274 = CARTESIAN_POINT('',(-0.5,-0.4,0.405));
#8275 = VECTOR('',#8276,1.);
#8276 = DIRECTION('',(1.,0.,0.));
#8277 = ORIENTED_EDGE('',*,*,#8278,.T.);
#8278 = EDGE_CURVE('',#8271,#8279,#8281,.T.);
#8279 = VERTEX_POINT('',#8280);
#8280 = CARTESIAN_POINT('',(0.755,-0.4,0.405));
#8281 = LINE('',#8282,#8283);
#8282 = CARTESIAN_POINT('',(-0.755,-0.4,0.405));
#8283 = VECTOR('',#8284,1.);
#8284 = DIRECTION('',(1.,0.,0.));
#8285 = ORIENTED_EDGE('',*,*,#8286,.F.);
#8286 = EDGE_CURVE('',#8287,#8279,#8289,.T.);
#8287 = VERTEX_POINT('',#8288);
#8288 = CARTESIAN_POINT('',(0.755,-0.4,4.5E-02));
#8289 = LINE('',#8290,#8291);
#8290 = CARTESIAN_POINT('',(0.755,-0.4,4.5E-02));
#8291 = VECTOR('',#8292,1.);
#8292 = DIRECTION('',(0.,0.,1.));
#8293 = ORIENTED_EDGE('',*,*,#8294,.F.);
#8294 = EDGE_CURVE('',#8295,#8287,#8297,.T.);
#8295 = VERTEX_POINT('',#8296);
#8296 = CARTESIAN_POINT('',(0.5,-0.4,4.5E-02));
#8297 = LINE('',#8298,#8299);
#8298 = CARTESIAN_POINT('',(-0.755,-0.4,4.5E-02));
#8299 = VECTOR('',#8300,1.);
#8300 = DIRECTION('',(1.,0.,0.));
#8301 = ORIENTED_EDGE('',*,*,#8302,.F.);
#8302 = EDGE_CURVE('',#8094,#8295,#8303,.T.);
#8303 = LINE('',#8304,#8305);
#8304 = CARTESIAN_POINT('',(-0.755,-0.4,4.5E-02));
#8305 = VECTOR('',#8306,1.);
#8306 = DIRECTION('',(1.,0.,0.));
#8307 = PLANE('',#8308);
#8308 = AXIS2_PLACEMENT_3D('',#8309,#8310,#8311);
#8309 = CARTESIAN_POINT('',(-0.755,-0.4,4.5E-02));
#8310 = DIRECTION('',(0.,1.,0.));
#8311 = DIRECTION('',(0.,0.,1.));
#8312 = ADVANCED_FACE('',(#8313),#8324,.T.);
#8313 = FACE_BOUND('',#8314,.T.);
#8314 = EDGE_LOOP('',(#8315,#8316,#8317,#8318));
#8315 = ORIENTED_EDGE('',*,*,#8177,.F.);
#8316 = ORIENTED_EDGE('',*,*,#8142,.F.);
#8317 = ORIENTED_EDGE('',*,*,#8060,.T.);
#8318 = ORIENTED_EDGE('',*,*,#8319,.T.);
#8319 = EDGE_CURVE('',#8061,#8178,#8320,.T.);
#8320 = LINE('',#8321,#8322);
#8321 = CARTESIAN_POINT('',(-0.545,-0.4,0.45));
#8322 = VECTOR('',#8323,1.);
#8323 = DIRECTION('',(0.,1.,0.));
#8324 = PLANE('',#8325);
#8325 = AXIS2_PLACEMENT_3D('',#8326,#8327,#8328);
#8326 = CARTESIAN_POINT('',(-0.8,-0.4,0.45));
#8327 = DIRECTION('',(0.,0.,1.));
#8328 = DIRECTION('',(1.,0.,0.));
#8329 = ADVANCED_FACE('',(#8330),#8341,.T.);
#8330 = FACE_BOUND('',#8331,.T.);
#8331 = EDGE_LOOP('',(#8332,#8338,#8339,#8340));
#8332 = ORIENTED_EDGE('',*,*,#8333,.T.);
#8333 = EDGE_CURVE('',#8069,#8186,#8334,.T.);
#8334 = LINE('',#8335,#8336);
#8335 = CARTESIAN_POINT('',(-0.5,-0.4,0.405));
#8336 = VECTOR('',#8337,1.);
#8337 = DIRECTION('',(0.,1.,0.));
#8338 = ORIENTED_EDGE('',*,*,#8185,.T.);
#8339 = ORIENTED_EDGE('',*,*,#8319,.F.);
#8340 = ORIENTED_EDGE('',*,*,#8068,.F.);
#8341 = CYLINDRICAL_SURFACE('',#8342,4.5E-02);
#8342 = AXIS2_PLACEMENT_3D('',#8343,#8344,#8345);
#8343 = CARTESIAN_POINT('',(-0.545,-0.4,0.405));
#8344 = DIRECTION('',(0.,1.,0.));
#8345 = DIRECTION('',(1.,0.,0.));
#8346 = ADVANCED_FACE('',(#8347),#8390,.T.);
#8347 = FACE_BOUND('',#8348,.T.);
#8348 = EDGE_LOOP('',(#8349,#8350,#8351,#8352,#8360,#8368,#8376,#8384));
#8349 = ORIENTED_EDGE('',*,*,#8210,.F.);
#8350 = ORIENTED_EDGE('',*,*,#8202,.T.);
#8351 = ORIENTED_EDGE('',*,*,#8194,.T.);
#8352 = ORIENTED_EDGE('',*,*,#8353,.T.);
#8353 = EDGE_CURVE('',#8186,#8354,#8356,.T.);
#8354 = VERTEX_POINT('',#8355);
#8355 = CARTESIAN_POINT('',(0.5,0.4,0.405));
#8356 = LINE('',#8357,#8358);
#8357 = CARTESIAN_POINT('',(-0.5,0.4,0.405));
#8358 = VECTOR('',#8359,1.);
#8359 = DIRECTION('',(1.,0.,0.));
#8360 = ORIENTED_EDGE('',*,*,#8361,.T.);
#8361 = EDGE_CURVE('',#8354,#8362,#8364,.T.);
#8362 = VERTEX_POINT('',#8363);
#8363 = CARTESIAN_POINT('',(0.755,0.4,0.405));
#8364 = LINE('',#8365,#8366);
#8365 = CARTESIAN_POINT('',(-0.755,0.4,0.405));
#8366 = VECTOR('',#8367,1.);
#8367 = DIRECTION('',(1.,0.,0.));
#8368 = ORIENTED_EDGE('',*,*,#8369,.F.);
#8369 = EDGE_CURVE('',#8370,#8362,#8372,.T.);
#8370 = VERTEX_POINT('',#8371);
#8371 = CARTESIAN_POINT('',(0.755,0.4,4.5E-02));
#8372 = LINE('',#8373,#8374);
#8373 = CARTESIAN_POINT('',(0.755,0.4,4.5E-02));
#8374 = VECTOR('',#8375,1.);
#8375 = DIRECTION('',(0.,0.,1.));
#8376 = ORIENTED_EDGE('',*,*,#8377,.F.);
#8377 = EDGE_CURVE('',#8378,#8370,#8380,.T.);
#8378 = VERTEX_POINT('',#8379);
#8379 = CARTESIAN_POINT('',(0.5,0.4,4.5E-02));
#8380 = LINE('',#8381,#8382);
#8381 = CARTESIAN_POINT('',(-0.755,0.4,4.5E-02));
#8382 = VECTOR('',#8383,1.);
#8383 = DIRECTION('',(1.,0.,0.));
#8384 = ORIENTED_EDGE('',*,*,#8385,.F.);
#8385 = EDGE_CURVE('',#8211,#8378,#8386,.T.);
#8386 = LINE('',#8387,#8388);
#8387 = CARTESIAN_POINT('',(-0.755,0.4,4.5E-02));
#8388 = VECTOR('',#8389,1.);
#8389 = DIRECTION('',(1.,0.,0.));
#8390 = PLANE('',#8391);
#8391 = AXIS2_PLACEMENT_3D('',#8392,#8393,#8394);
#8392 = CARTESIAN_POINT('',(-0.755,0.4,4.5E-02));
#8393 = DIRECTION('',(0.,1.,0.));
#8394 = DIRECTION('',(0.,0.,1.));
#8395 = ADVANCED_FACE('',(#8396),#8407,.F.);
#8396 = FACE_BOUND('',#8397,.F.);
#8397 = EDGE_LOOP('',(#8398,#8399,#8400,#8406));
#8398 = ORIENTED_EDGE('',*,*,#8253,.F.);
#8399 = ORIENTED_EDGE('',*,*,#8302,.T.);
#8400 = ORIENTED_EDGE('',*,*,#8401,.T.);
#8401 = EDGE_CURVE('',#8295,#8378,#8402,.T.);
#8402 = LINE('',#8403,#8404);
#8403 = CARTESIAN_POINT('',(0.5,-0.4,4.5E-02));
#8404 = VECTOR('',#8405,1.);
#8405 = DIRECTION('',(0.,1.,0.));
#8406 = ORIENTED_EDGE('',*,*,#8385,.F.);
#8407 = PLANE('',#8408);
#8408 = AXIS2_PLACEMENT_3D('',#8409,#8410,#8411);
#8409 = CARTESIAN_POINT('',(-0.755,-0.4,4.5E-02));
#8410 = DIRECTION('',(0.,0.,1.));
#8411 = DIRECTION('',(1.,0.,0.));
#8412 = ADVANCED_FACE('',(#8413),#8476,.F.);
#8413 = FACE_BOUND('',#8414,.F.);
#8414 = EDGE_LOOP('',(#8415,#8425,#8432,#8433,#8434,#8435,#8444,#8452,
    #8461,#8469));
#8415 = ORIENTED_EDGE('',*,*,#8416,.F.);
#8416 = EDGE_CURVE('',#8417,#8419,#8421,.T.);
#8417 = VERTEX_POINT('',#8418);
#8418 = CARTESIAN_POINT('',(0.545,-0.4,-2.775557561563E-17));
#8419 = VERTEX_POINT('',#8420);
#8420 = CARTESIAN_POINT('',(0.755,-0.4,-2.775557561563E-17));
#8421 = LINE('',#8422,#8423);
#8422 = CARTESIAN_POINT('',(0.5,-0.4,0.));
#8423 = VECTOR('',#8424,1.);
#8424 = DIRECTION('',(1.,0.,0.));
#8425 = ORIENTED_EDGE('',*,*,#8426,.F.);
#8426 = EDGE_CURVE('',#8295,#8417,#8427,.T.);
#8427 = CIRCLE('',#8428,4.5E-02);
#8428 = AXIS2_PLACEMENT_3D('',#8429,#8430,#8431);
#8429 = CARTESIAN_POINT('',(0.545,-0.4,4.5E-02));
#8430 = DIRECTION('',(0.,-1.,0.));
#8431 = DIRECTION('',(0.,0.,1.));
#8432 = ORIENTED_EDGE('',*,*,#8294,.T.);
#8433 = ORIENTED_EDGE('',*,*,#8286,.T.);
#8434 = ORIENTED_EDGE('',*,*,#8278,.F.);
#8435 = ORIENTED_EDGE('',*,*,#8436,.T.);
#8436 = EDGE_CURVE('',#8271,#8437,#8439,.T.);
#8437 = VERTEX_POINT('',#8438);
#8438 = CARTESIAN_POINT('',(0.545,-0.4,0.45));
#8439 = CIRCLE('',#8440,4.5E-02);
#8440 = AXIS2_PLACEMENT_3D('',#8441,#8442,#8443);
#8441 = CARTESIAN_POINT('',(0.545,-0.4,0.405));
#8442 = DIRECTION('',(0.,1.,0.));
#8443 = DIRECTION('',(0.,0.,1.));
#8444 = ORIENTED_EDGE('',*,*,#8445,.T.);
#8445 = EDGE_CURVE('',#8437,#8446,#8448,.T.);
#8446 = VERTEX_POINT('',#8447);
#8447 = CARTESIAN_POINT('',(0.755,-0.4,0.45));
#8448 = LINE('',#8449,#8450);
#8449 = CARTESIAN_POINT('',(0.5,-0.4,0.45));
#8450 = VECTOR('',#8451,1.);
#8451 = DIRECTION('',(1.,0.,0.));
#8452 = ORIENTED_EDGE('',*,*,#8453,.F.);
#8453 = EDGE_CURVE('',#8454,#8446,#8456,.T.);
#8454 = VERTEX_POINT('',#8455);
#8455 = CARTESIAN_POINT('',(0.8,-0.4,0.405));
#8456 = CIRCLE('',#8457,4.5E-02);
#8457 = AXIS2_PLACEMENT_3D('',#8458,#8459,#8460);
#8458 = CARTESIAN_POINT('',(0.755,-0.4,0.405));
#8459 = DIRECTION('',(0.,-1.,0.));
#8460 = DIRECTION('',(0.,0.,1.));
#8461 = ORIENTED_EDGE('',*,*,#8462,.F.);
#8462 = EDGE_CURVE('',#8463,#8454,#8465,.T.);
#8463 = VERTEX_POINT('',#8464);
#8464 = CARTESIAN_POINT('',(0.8,-0.4,4.5E-02));
#8465 = LINE('',#8466,#8467);
#8466 = CARTESIAN_POINT('',(0.8,-0.4,0.));
#8467 = VECTOR('',#8468,1.);
#8468 = DIRECTION('',(0.,0.,1.));
#8469 = ORIENTED_EDGE('',*,*,#8470,.T.);
#8470 = EDGE_CURVE('',#8463,#8419,#8471,.T.);
#8471 = CIRCLE('',#8472,4.5E-02);
#8472 = AXIS2_PLACEMENT_3D('',#8473,#8474,#8475);
#8473 = CARTESIAN_POINT('',(0.755,-0.4,4.5E-02));
#8474 = DIRECTION('',(0.,1.,0.));
#8475 = DIRECTION('',(0.,0.,1.));
#8476 = PLANE('',#8477);
#8477 = AXIS2_PLACEMENT_3D('',#8478,#8479,#8480);
#8478 = CARTESIAN_POINT('',(0.5,-0.4,0.));
#8479 = DIRECTION('',(0.,1.,0.));
#8480 = DIRECTION('',(0.,0.,1.));
#8481 = ADVANCED_FACE('',(#8482),#8507,.F.);
#8482 = FACE_BOUND('',#8483,.F.);
#8483 = EDGE_LOOP('',(#8484,#8485,#8493,#8501));
#8484 = ORIENTED_EDGE('',*,*,#8270,.F.);
#8485 = ORIENTED_EDGE('',*,*,#8486,.T.);
#8486 = EDGE_CURVE('',#8069,#8487,#8489,.T.);
#8487 = VERTEX_POINT('',#8488);
#8488 = CARTESIAN_POINT('',(-0.5,-0.4,0.45));
#8489 = LINE('',#8490,#8491);
#8490 = CARTESIAN_POINT('',(-0.5,-0.4,0.405));
#8491 = VECTOR('',#8492,1.);
#8492 = DIRECTION('',(0.,0.,1.));
#8493 = ORIENTED_EDGE('',*,*,#8494,.T.);
#8494 = EDGE_CURVE('',#8487,#8495,#8497,.T.);
#8495 = VERTEX_POINT('',#8496);
#8496 = CARTESIAN_POINT('',(0.5,-0.4,0.45));
#8497 = LINE('',#8498,#8499);
#8498 = CARTESIAN_POINT('',(-0.5,-0.4,0.45));
#8499 = VECTOR('',#8500,1.);
#8500 = DIRECTION('',(1.,0.,0.));
#8501 = ORIENTED_EDGE('',*,*,#8502,.F.);
#8502 = EDGE_CURVE('',#8271,#8495,#8503,.T.);
#8503 = LINE('',#8504,#8505);
#8504 = CARTESIAN_POINT('',(0.5,-0.4,0.405));
#8505 = VECTOR('',#8506,1.);
#8506 = DIRECTION('',(0.,0.,1.));
#8507 = PLANE('',#8508);
#8508 = AXIS2_PLACEMENT_3D('',#8509,#8510,#8511);
#8509 = CARTESIAN_POINT('',(-0.5,-0.4,0.405));
#8510 = DIRECTION('',(0.,1.,0.));
#8511 = DIRECTION('',(0.,0.,1.));
#8512 = ADVANCED_FACE('',(#8513),#8531,.F.);
#8513 = FACE_BOUND('',#8514,.F.);
#8514 = EDGE_LOOP('',(#8515,#8516,#8517,#8525));
#8515 = ORIENTED_EDGE('',*,*,#8486,.F.);
#8516 = ORIENTED_EDGE('',*,*,#8333,.T.);
#8517 = ORIENTED_EDGE('',*,*,#8518,.T.);
#8518 = EDGE_CURVE('',#8186,#8519,#8521,.T.);
#8519 = VERTEX_POINT('',#8520);
#8520 = CARTESIAN_POINT('',(-0.5,0.4,0.45));
#8521 = LINE('',#8522,#8523);
#8522 = CARTESIAN_POINT('',(-0.5,0.4,0.405));
#8523 = VECTOR('',#8524,1.);
#8524 = DIRECTION('',(0.,0.,1.));
#8525 = ORIENTED_EDGE('',*,*,#8526,.F.);
#8526 = EDGE_CURVE('',#8487,#8519,#8527,.T.);
#8527 = LINE('',#8528,#8529);
#8528 = CARTESIAN_POINT('',(-0.5,-0.4,0.45));
#8529 = VECTOR('',#8530,1.);
#8530 = DIRECTION('',(0.,1.,0.));
#8531 = PLANE('',#8532);
#8532 = AXIS2_PLACEMENT_3D('',#8533,#8534,#8535);
#8533 = CARTESIAN_POINT('',(-0.5,-0.4,0.405));
#8534 = DIRECTION('',(1.,0.,0.));
#8535 = DIRECTION('',(0.,0.,1.));
#8536 = ADVANCED_FACE('',(#8537),#8600,.T.);
#8537 = FACE_BOUND('',#8538,.T.);
#8538 = EDGE_LOOP('',(#8539,#8549,#8556,#8557,#8558,#8559,#8568,#8576,
    #8585,#8593));
#8539 = ORIENTED_EDGE('',*,*,#8540,.F.);
#8540 = EDGE_CURVE('',#8541,#8543,#8545,.T.);
#8541 = VERTEX_POINT('',#8542);
#8542 = CARTESIAN_POINT('',(0.545,0.4,-2.775557561563E-17));
#8543 = VERTEX_POINT('',#8544);
#8544 = CARTESIAN_POINT('',(0.755,0.4,-2.775557561563E-17));
#8545 = LINE('',#8546,#8547);
#8546 = CARTESIAN_POINT('',(0.5,0.4,0.));
#8547 = VECTOR('',#8548,1.);
#8548 = DIRECTION('',(1.,0.,0.));
#8549 = ORIENTED_EDGE('',*,*,#8550,.F.);
#8550 = EDGE_CURVE('',#8378,#8541,#8551,.T.);
#8551 = CIRCLE('',#8552,4.5E-02);
#8552 = AXIS2_PLACEMENT_3D('',#8553,#8554,#8555);
#8553 = CARTESIAN_POINT('',(0.545,0.4,4.5E-02));
#8554 = DIRECTION('',(0.,-1.,0.));
#8555 = DIRECTION('',(0.,0.,1.));
#8556 = ORIENTED_EDGE('',*,*,#8377,.T.);
#8557 = ORIENTED_EDGE('',*,*,#8369,.T.);
#8558 = ORIENTED_EDGE('',*,*,#8361,.F.);
#8559 = ORIENTED_EDGE('',*,*,#8560,.T.);
#8560 = EDGE_CURVE('',#8354,#8561,#8563,.T.);
#8561 = VERTEX_POINT('',#8562);
#8562 = CARTESIAN_POINT('',(0.545,0.4,0.45));
#8563 = CIRCLE('',#8564,4.5E-02);
#8564 = AXIS2_PLACEMENT_3D('',#8565,#8566,#8567);
#8565 = CARTESIAN_POINT('',(0.545,0.4,0.405));
#8566 = DIRECTION('',(0.,1.,0.));
#8567 = DIRECTION('',(0.,0.,1.));
#8568 = ORIENTED_EDGE('',*,*,#8569,.T.);
#8569 = EDGE_CURVE('',#8561,#8570,#8572,.T.);
#8570 = VERTEX_POINT('',#8571);
#8571 = CARTESIAN_POINT('',(0.755,0.4,0.45));
#8572 = LINE('',#8573,#8574);
#8573 = CARTESIAN_POINT('',(0.5,0.4,0.45));
#8574 = VECTOR('',#8575,1.);
#8575 = DIRECTION('',(1.,0.,0.));
#8576 = ORIENTED_EDGE('',*,*,#8577,.F.);
#8577 = EDGE_CURVE('',#8578,#8570,#8580,.T.);
#8578 = VERTEX_POINT('',#8579);
#8579 = CARTESIAN_POINT('',(0.8,0.4,0.405));
#8580 = CIRCLE('',#8581,4.5E-02);
#8581 = AXIS2_PLACEMENT_3D('',#8582,#8583,#8584);
#8582 = CARTESIAN_POINT('',(0.755,0.4,0.405));
#8583 = DIRECTION('',(0.,-1.,0.));
#8584 = DIRECTION('',(0.,0.,1.));
#8585 = ORIENTED_EDGE('',*,*,#8586,.F.);
#8586 = EDGE_CURVE('',#8587,#8578,#8589,.T.);
#8587 = VERTEX_POINT('',#8588);
#8588 = CARTESIAN_POINT('',(0.8,0.4,4.5E-02));
#8589 = LINE('',#8590,#8591);
#8590 = CARTESIAN_POINT('',(0.8,0.4,0.));
#8591 = VECTOR('',#8592,1.);
#8592 = DIRECTION('',(0.,0.,1.));
#8593 = ORIENTED_EDGE('',*,*,#8594,.T.);
#8594 = EDGE_CURVE('',#8587,#8543,#8595,.T.);
#8595 = CIRCLE('',#8596,4.5E-02);
#8596 = AXIS2_PLACEMENT_3D('',#8597,#8598,#8599);
#8597 = CARTESIAN_POINT('',(0.755,0.4,4.5E-02));
#8598 = DIRECTION('',(0.,1.,0.));
#8599 = DIRECTION('',(0.,0.,1.));
#8600 = PLANE('',#8601);
#8601 = AXIS2_PLACEMENT_3D('',#8602,#8603,#8604);
#8602 = CARTESIAN_POINT('',(0.5,0.4,0.));
#8603 = DIRECTION('',(0.,1.,0.));
#8604 = DIRECTION('',(0.,0.,1.));
#8605 = ADVANCED_FACE('',(#8606),#8624,.T.);
#8606 = FACE_BOUND('',#8607,.T.);
#8607 = EDGE_LOOP('',(#8608,#8609,#8610,#8618));
#8608 = ORIENTED_EDGE('',*,*,#8353,.F.);
#8609 = ORIENTED_EDGE('',*,*,#8518,.T.);
#8610 = ORIENTED_EDGE('',*,*,#8611,.T.);
#8611 = EDGE_CURVE('',#8519,#8612,#8614,.T.);
#8612 = VERTEX_POINT('',#8613);
#8613 = CARTESIAN_POINT('',(0.5,0.4,0.45));
#8614 = LINE('',#8615,#8616);
#8615 = CARTESIAN_POINT('',(-0.5,0.4,0.45));
#8616 = VECTOR('',#8617,1.);
#8617 = DIRECTION('',(1.,0.,0.));
#8618 = ORIENTED_EDGE('',*,*,#8619,.F.);
#8619 = EDGE_CURVE('',#8354,#8612,#8620,.T.);
#8620 = LINE('',#8621,#8622);
#8621 = CARTESIAN_POINT('',(0.5,0.4,0.405));
#8622 = VECTOR('',#8623,1.);
#8623 = DIRECTION('',(0.,0.,1.));
#8624 = PLANE('',#8625);
#8625 = AXIS2_PLACEMENT_3D('',#8626,#8627,#8628);
#8626 = CARTESIAN_POINT('',(-0.5,0.4,0.405));
#8627 = DIRECTION('',(0.,1.,0.));
#8628 = DIRECTION('',(0.,0.,1.));
#8629 = ADVANCED_FACE('',(#8630),#8641,.T.);
#8630 = FACE_BOUND('',#8631,.T.);
#8631 = EDGE_LOOP('',(#8632,#8633,#8634,#8640));
#8632 = ORIENTED_EDGE('',*,*,#8401,.T.);
#8633 = ORIENTED_EDGE('',*,*,#8550,.T.);
#8634 = ORIENTED_EDGE('',*,*,#8635,.F.);
#8635 = EDGE_CURVE('',#8417,#8541,#8636,.T.);
#8636 = LINE('',#8637,#8638);
#8637 = CARTESIAN_POINT('',(0.545,-0.4,-2.775557561563E-17));
#8638 = VECTOR('',#8639,1.);
#8639 = DIRECTION('',(0.,1.,0.));
#8640 = ORIENTED_EDGE('',*,*,#8426,.F.);
#8641 = CYLINDRICAL_SURFACE('',#8642,4.5E-02);
#8642 = AXIS2_PLACEMENT_3D('',#8643,#8644,#8645);
#8643 = CARTESIAN_POINT('',(0.545,-0.4,4.5E-02));
#8644 = DIRECTION('',(0.,1.,0.));
#8645 = DIRECTION('',(-1.,0.,0.));
#8646 = ADVANCED_FACE('',(#8647),#8658,.F.);
#8647 = FACE_BOUND('',#8648,.F.);
#8648 = EDGE_LOOP('',(#8649,#8650,#8651,#8652));
#8649 = ORIENTED_EDGE('',*,*,#8540,.F.);
#8650 = ORIENTED_EDGE('',*,*,#8635,.F.);
#8651 = ORIENTED_EDGE('',*,*,#8416,.T.);
#8652 = ORIENTED_EDGE('',*,*,#8653,.T.);
#8653 = EDGE_CURVE('',#8419,#8543,#8654,.T.);
#8654 = LINE('',#8655,#8656);
#8655 = CARTESIAN_POINT('',(0.755,-0.4,-2.775557561563E-17));
#8656 = VECTOR('',#8657,1.);
#8657 = DIRECTION('',(0.,1.,0.));
#8658 = PLANE('',#8659);
#8659 = AXIS2_PLACEMENT_3D('',#8660,#8661,#8662);
#8660 = CARTESIAN_POINT('',(0.5,-0.4,0.));
#8661 = DIRECTION('',(0.,0.,1.));
#8662 = DIRECTION('',(1.,0.,0.));
#8663 = ADVANCED_FACE('',(#8664),#8675,.T.);
#8664 = FACE_BOUND('',#8665,.T.);
#8665 = EDGE_LOOP('',(#8666,#8667,#8668,#8669));
#8666 = ORIENTED_EDGE('',*,*,#8470,.T.);
#8667 = ORIENTED_EDGE('',*,*,#8653,.T.);
#8668 = ORIENTED_EDGE('',*,*,#8594,.F.);
#8669 = ORIENTED_EDGE('',*,*,#8670,.F.);
#8670 = EDGE_CURVE('',#8463,#8587,#8671,.T.);
#8671 = LINE('',#8672,#8673);
#8672 = CARTESIAN_POINT('',(0.8,-0.4,4.5E-02));
#8673 = VECTOR('',#8674,1.);
#8674 = DIRECTION('',(0.,1.,0.));
#8675 = CYLINDRICAL_SURFACE('',#8676,4.5E-02);
#8676 = AXIS2_PLACEMENT_3D('',#8677,#8678,#8679);
#8677 = CARTESIAN_POINT('',(0.755,-0.4,4.5E-02));
#8678 = DIRECTION('',(0.,1.,0.));
#8679 = DIRECTION('',(1.,0.,0.));
#8680 = ADVANCED_FACE('',(#8681),#8692,.T.);
#8681 = FACE_BOUND('',#8682,.T.);
#8682 = EDGE_LOOP('',(#8683,#8684,#8685,#8686));
#8683 = ORIENTED_EDGE('',*,*,#8462,.F.);
#8684 = ORIENTED_EDGE('',*,*,#8670,.T.);
#8685 = ORIENTED_EDGE('',*,*,#8586,.T.);
#8686 = ORIENTED_EDGE('',*,*,#8687,.F.);
#8687 = EDGE_CURVE('',#8454,#8578,#8688,.T.);
#8688 = LINE('',#8689,#8690);
#8689 = CARTESIAN_POINT('',(0.8,-0.4,0.405));
#8690 = VECTOR('',#8691,1.);
#8691 = DIRECTION('',(0.,1.,0.));
#8692 = PLANE('',#8693);
#8693 = AXIS2_PLACEMENT_3D('',#8694,#8695,#8696);
#8694 = CARTESIAN_POINT('',(0.8,-0.4,0.));
#8695 = DIRECTION('',(1.,0.,0.));
#8696 = DIRECTION('',(0.,0.,1.));
#8697 = ADVANCED_FACE('',(#8698),#8709,.T.);
#8698 = FACE_BOUND('',#8699,.T.);
#8699 = EDGE_LOOP('',(#8700,#8701,#8702,#8708));
#8700 = ORIENTED_EDGE('',*,*,#8687,.T.);
#8701 = ORIENTED_EDGE('',*,*,#8577,.T.);
#8702 = ORIENTED_EDGE('',*,*,#8703,.F.);
#8703 = EDGE_CURVE('',#8446,#8570,#8704,.T.);
#8704 = LINE('',#8705,#8706);
#8705 = CARTESIAN_POINT('',(0.755,-0.4,0.45));
#8706 = VECTOR('',#8707,1.);
#8707 = DIRECTION('',(0.,1.,0.));
#8708 = ORIENTED_EDGE('',*,*,#8453,.F.);
#8709 = CYLINDRICAL_SURFACE('',#8710,4.5E-02);
#8710 = AXIS2_PLACEMENT_3D('',#8711,#8712,#8713);
#8711 = CARTESIAN_POINT('',(0.755,-0.4,0.405));
#8712 = DIRECTION('',(0.,1.,0.));
#8713 = DIRECTION('',(1.,0.,0.));
#8714 = ADVANCED_FACE('',(#8715),#8726,.T.);
#8715 = FACE_BOUND('',#8716,.T.);
#8716 = EDGE_LOOP('',(#8717,#8718,#8724,#8725));
#8717 = ORIENTED_EDGE('',*,*,#8569,.F.);
#8718 = ORIENTED_EDGE('',*,*,#8719,.F.);
#8719 = EDGE_CURVE('',#8437,#8561,#8720,.T.);
#8720 = LINE('',#8721,#8722);
#8721 = CARTESIAN_POINT('',(0.545,-0.4,0.45));
#8722 = VECTOR('',#8723,1.);
#8723 = DIRECTION('',(0.,1.,0.));
#8724 = ORIENTED_EDGE('',*,*,#8445,.T.);
#8725 = ORIENTED_EDGE('',*,*,#8703,.T.);
#8726 = PLANE('',#8727);
#8727 = AXIS2_PLACEMENT_3D('',#8728,#8729,#8730);
#8728 = CARTESIAN_POINT('',(0.5,-0.4,0.45));
#8729 = DIRECTION('',(0.,0.,1.));
#8730 = DIRECTION('',(1.,0.,0.));
#8731 = ADVANCED_FACE('',(#8732),#8743,.T.);
#8732 = FACE_BOUND('',#8733,.T.);
#8733 = EDGE_LOOP('',(#8734,#8735,#8736,#8737));
#8734 = ORIENTED_EDGE('',*,*,#8436,.T.);
#8735 = ORIENTED_EDGE('',*,*,#8719,.T.);
#8736 = ORIENTED_EDGE('',*,*,#8560,.F.);
#8737 = ORIENTED_EDGE('',*,*,#8738,.F.);
#8738 = EDGE_CURVE('',#8271,#8354,#8739,.T.);
#8739 = LINE('',#8740,#8741);
#8740 = CARTESIAN_POINT('',(0.5,-0.4,0.405));
#8741 = VECTOR('',#8742,1.);
#8742 = DIRECTION('',(0.,1.,0.));
#8743 = CYLINDRICAL_SURFACE('',#8744,4.5E-02);
#8744 = AXIS2_PLACEMENT_3D('',#8745,#8746,#8747);
#8745 = CARTESIAN_POINT('',(0.545,-0.4,0.405));
#8746 = DIRECTION('',(0.,1.,0.));
#8747 = DIRECTION('',(-1.,0.,0.));
#8748 = ADVANCED_FACE('',(#8749),#8760,.T.);
#8749 = FACE_BOUND('',#8750,.T.);
#8750 = EDGE_LOOP('',(#8751,#8752,#8753,#8754));
#8751 = ORIENTED_EDGE('',*,*,#8502,.F.);
#8752 = ORIENTED_EDGE('',*,*,#8738,.T.);
#8753 = ORIENTED_EDGE('',*,*,#8619,.T.);
#8754 = ORIENTED_EDGE('',*,*,#8755,.F.);
#8755 = EDGE_CURVE('',#8495,#8612,#8756,.T.);
#8756 = LINE('',#8757,#8758);
#8757 = CARTESIAN_POINT('',(0.5,-0.4,0.45));
#8758 = VECTOR('',#8759,1.);
#8759 = DIRECTION('',(0.,1.,0.));
#8760 = PLANE('',#8761);
#8761 = AXIS2_PLACEMENT_3D('',#8762,#8763,#8764);
#8762 = CARTESIAN_POINT('',(0.5,-0.4,0.405));
#8763 = DIRECTION('',(1.,0.,0.));
#8764 = DIRECTION('',(0.,0.,1.));
#8765 = ADVANCED_FACE('',(#8766),#8772,.T.);
#8766 = FACE_BOUND('',#8767,.T.);
#8767 = EDGE_LOOP('',(#8768,#8769,#8770,#8771));
#8768 = ORIENTED_EDGE('',*,*,#8526,.F.);
#8769 = ORIENTED_EDGE('',*,*,#8494,.T.);
#8770 = ORIENTED_EDGE('',*,*,#8755,.T.);
#8771 = ORIENTED_EDGE('',*,*,#8611,.F.);
#8772 = PLANE('',#8773);
#8773 = AXIS2_PLACEMENT_3D('',#8774,#8775,#8776);
#8774 = CARTESIAN_POINT('',(-0.5,-0.4,0.45));
#8775 = DIRECTION('',(0.,0.,1.));
#8776 = DIRECTION('',(1.,0.,0.));
#8777 = ( GEOMETRIC_REPRESENTATION_CONTEXT(3) 
GLOBAL_UNCERTAINTY_ASSIGNED_CONTEXT((#8781)) 
GLOBAL_UNIT_ASSIGNED_CONTEXT((#8778,#8779,#8780)) REPRESENTATION_CONTEXT
('Context #1','3D Context with UNIT and UNCERTAINTY') );
#8778 = ( LENGTH_UNIT() NAMED_UNIT(*) SI_UNIT(.MILLI.,.METRE.) );
#8779 = ( NAMED_UNIT(*) PLANE_ANGLE_UNIT() SI_UNIT($,.RADIAN.) );
#8780 = ( NAMED_UNIT(*) SI_UNIT($,.STERADIAN.) SOLID_ANGLE_UNIT() );
#8781 = UNCERTAINTY_MEASURE_WITH_UNIT(LENGTH_MEASURE(1.E-07),#8778,
  'distance_accuracy_value','confusion accuracy');
#8782 = SHAPE_DEFINITION_REPRESENTATION(#8783,#7986);
#8783 = PRODUCT_DEFINITION_SHAPE('','',#8784);
#8784 = PRODUCT_DEFINITION('design','',#8785,#8788);
#8785 = PRODUCT_DEFINITION_FORMATION('','',#8786);
#8786 = PRODUCT('R5_R_0603_1608Metric_0b940a50447e',
  'R5_R_0603_1608Metric_0b940a50447e','',(#8787));
#8787 = PRODUCT_CONTEXT('',#2,'mechanical');
#8788 = PRODUCT_DEFINITION_CONTEXT('part definition',#2,'design');
#8789 = CONTEXT_DEPENDENT_SHAPE_REPRESENTATION(#8790,#8792);
#8790 = ( REPRESENTATION_RELATIONSHIP('','',#7986,#7948) 
REPRESENTATION_RELATIONSHIP_WITH_TRANSFORMATION(#8791) 
SHAPE_REPRESENTATION_RELATIONSHIP() );
#8791 = ITEM_DEFINED_TRANSFORMATION('','',#11,#7949);
#8792 = PRODUCT_DEFINITION_SHAPE('Placement','Placement of an item',
  #8793);
#8793 = NEXT_ASSEMBLY_USAGE_OCCURRENCE('19',
  'R5_R_0603_1608Metric_0b940a50447e','',#7943,#8784,$);
#8794 = PRODUCT_RELATED_PRODUCT_CATEGORY('part',$,(#8786));
#8795 = CONTEXT_DEPENDENT_SHAPE_REPRESENTATION(#8796,#8798);
#8796 = ( REPRESENTATION_RELATIONSHIP('','',#7986,#7948) 
REPRESENTATION_RELATIONSHIP_WITH_TRANSFORMATION(#8797) 
SHAPE_REPRESENTATION_RELATIONSHIP() );
#8797 = ITEM_DEFINED_TRANSFORMATION('','',#11,#7953);
#8798 = PRODUCT_DEFINITION_SHAPE('Placement','Placement of an item',
  #8799);
#8799 = NEXT_ASSEMBLY_USAGE_OCCURRENCE('20',
  'R1_R_0603_1608Metric_2f1ee20e5c8b','',#7943,#8784,$);
#8800 = CONTEXT_DEPENDENT_SHAPE_REPRESENTATION(#8801,#8803);
#8801 = ( REPRESENTATION_RELATIONSHIP('','',#7986,#7948) 
REPRESENTATION_RELATIONSHIP_WITH_TRANSFORMATION(#8802) 
SHAPE_REPRESENTATION_RELATIONSHIP() );
#8802 = ITEM_DEFINED_TRANSFORMATION('','',#11,#7957);
#8803 = PRODUCT_DEFINITION_SHAPE('Placement','Placement of an item',
  #8804);
#8804 = NEXT_ASSEMBLY_USAGE_OCCURRENCE('21',
  'R4_R_0603_1608Metric_f811990b49bf','',#7943,#8784,$);
#8805 = CONTEXT_DEPENDENT_SHAPE_REPRESENTATION(#8806,#8808);
#8806 = ( REPRESENTATION_RELATIONSHIP('','',#7986,#7948) 
REPRESENTATION_RELATIONSHIP_WITH_TRANSFORMATION(#8807) 
SHAPE_REPRESENTATION_RELATIONSHIP() );
#8807 = ITEM_DEFINED_TRANSFORMATION('','',#11,#7961);
#8808 = PRODUCT_DEFINITION_SHAPE('Placement','Placement of an item',
  #8809);
#8809 = NEXT_ASSEMBLY_USAGE_OCCURRENCE('22',
  'R7_R_0603_1608Metric_072a33fd9f92','',#7943,#8784,$);
#8810 = CONTEXT_DEPENDENT_SHAPE_REPRESENTATION(#8811,#8813);
#8811 = ( REPRESENTATION_RELATIONSHIP('','',#7986,#7948) 
REPRESENTATION_RELATIONSHIP_WITH_TRANSFORMATION(#8812) 
SHAPE_REPRESENTATION_RELATIONSHIP() );
#8812 = ITEM_DEFINED_TRANSFORMATION('','',#11,#7965);
#8813 = PRODUCT_DEFINITION_SHAPE('Placement','Placement of an item',
  #8814);
#8814 = NEXT_ASSEMBLY_USAGE_OCCURRENCE('23',
  'R3_R_0603_1608Metric_cde97e8802ea','',#7943,#8784,$);
#8815 = CONTEXT_DEPENDENT_SHAPE_REPRESENTATION(#8816,#8818);
#8816 = ( REPRESENTATION_RELATIONSHIP('','',#7986,#7948) 
REPRESENTATION_RELATIONSHIP_WITH_TRANSFORMATION(#8817) 
SHAPE_REPRESENTATION_RELATIONSHIP() );
#8817 = ITEM_DEFINED_TRANSFORMATION('','',#11,#7969);
#8818 = PRODUCT_DEFINITION_SHAPE('Placement','Placement of an item',
  #8819);
#8819 = NEXT_ASSEMBLY_USAGE_OCCURRENCE('24',
  'R2_R_0603_1608Metric_ea17db12151c','',#7943,#8784,$);
#8820 = CONTEXT_DEPENDENT_SHAPE_REPRESENTATION(#8821,#8823);
#8821 = ( REPRESENTATION_RELATIONSHIP('','',#7986,#7948) 
REPRESENTATION_RELATIONSHIP_WITH_TRANSFORMATION(#8822) 
SHAPE_REPRESENTATION_RELATIONSHIP() );
#8822 = ITEM_DEFINED_TRANSFORMATION('','',#11,#7973);
#8823 = PRODUCT_DEFINITION_SHAPE('Placement','Placement of an item',
  #8824);
#8824 = NEXT_ASSEMBLY_USAGE_OCCURRENCE('25',
  'R6_R_0603_1608Metric_2dbcd7e7d8c9','',#7943,#8784,$);
#8825 = ADVANCED_BREP_SHAPE_REPRESENTATION('',(#11,#8826),#9680);
#8826 = MANIFOLD_SOLID_BREP('',#8827);
#8827 = CLOSED_SHELL('',(#8828,#8904,#8935,#8960,#8985,#9009,#9033,#9058
    ,#9083,#9100,#9186,#9218,#9242,#9267,#9291,#9316,#9340,#9365,#9382,
    #9468,#9499,#9524,#9549,#9573,#9597,#9622,#9647,#9664));
#8828 = ADVANCED_FACE('',(#8829),#8899,.F.);
#8829 = FACE_BOUND('',#8830,.F.);
#8830 = EDGE_LOOP('',(#8831,#8841,#8850,#8858,#8867,#8875,#8884,#8892));
#8831 = ORIENTED_EDGE('',*,*,#8832,.F.);
#8832 = EDGE_CURVE('',#8833,#8835,#8837,.T.);
#8833 = VERTEX_POINT('',#8834);
#8834 = CARTESIAN_POINT('',(-1.,-0.625,4.E-02));
#8835 = VERTEX_POINT('',#8836);
#8836 = CARTESIAN_POINT('',(-1.,-0.625,1.21));
#8837 = LINE('',#8838,#8839);
#8838 = CARTESIAN_POINT('',(-1.,-0.625,0.));
#8839 = VECTOR('',#8840,1.);
#8840 = DIRECTION('',(0.,0.,1.));
#8841 = ORIENTED_EDGE('',*,*,#8842,.T.);
#8842 = EDGE_CURVE('',#8833,#8843,#8845,.T.);
#8843 = VERTEX_POINT('',#8844);
#8844 = CARTESIAN_POINT('',(-1.,-0.585,0.));
#8845 = CIRCLE('',#8846,4.E-02);
#8846 = AXIS2_PLACEMENT_3D('',#8847,#8848,#8849);
#8847 = CARTESIAN_POINT('',(-1.,-0.585,4.E-02));
#8848 = DIRECTION('',(1.,0.,-0.));
#8849 = DIRECTION('',(0.,0.,1.));
#8850 = ORIENTED_EDGE('',*,*,#8851,.T.);
#8851 = EDGE_CURVE('',#8843,#8852,#8854,.T.);
#8852 = VERTEX_POINT('',#8853);
#8853 = CARTESIAN_POINT('',(-1.,0.585,0.));
#8854 = LINE('',#8855,#8856);
#8855 = CARTESIAN_POINT('',(-1.,-0.625,0.));
#8856 = VECTOR('',#8857,1.);
#8857 = DIRECTION('',(0.,1.,0.));
#8858 = ORIENTED_EDGE('',*,*,#8859,.F.);
#8859 = EDGE_CURVE('',#8860,#8852,#8862,.T.);
#8860 = VERTEX_POINT('',#8861);
#8861 = CARTESIAN_POINT('',(-1.,0.625,4.E-02));
#8862 = CIRCLE('',#8863,4.E-02);
#8863 = AXIS2_PLACEMENT_3D('',#8864,#8865,#8866);
#8864 = CARTESIAN_POINT('',(-1.,0.585,4.E-02));
#8865 = DIRECTION('',(-1.,0.,0.));
#8866 = DIRECTION('',(0.,0.,1.));
#8867 = ORIENTED_EDGE('',*,*,#8868,.T.);
#8868 = EDGE_CURVE('',#8860,#8869,#8871,.T.);
#8869 = VERTEX_POINT('',#8870);
#8870 = CARTESIAN_POINT('',(-1.,0.625,1.21));
#8871 = LINE('',#8872,#8873);
#8872 = CARTESIAN_POINT('',(-1.,0.625,0.));
#8873 = VECTOR('',#8874,1.);
#8874 = DIRECTION('',(0.,0.,1.));
#8875 = ORIENTED_EDGE('',*,*,#8876,.T.);
#8876 = EDGE_CURVE('',#8869,#8877,#8879,.T.);
#8877 = VERTEX_POINT('',#8878);
#8878 = CARTESIAN_POINT('',(-1.,0.585,1.25));
#8879 = CIRCLE('',#8880,4.E-02);
#8880 = AXIS2_PLACEMENT_3D('',#8881,#8882,#8883);
#8881 = CARTESIAN_POINT('',(-1.,0.585,1.21));
#8882 = DIRECTION('',(1.,0.,-0.));
#8883 = DIRECTION('',(0.,0.,1.));
#8884 = ORIENTED_EDGE('',*,*,#8885,.F.);
#8885 = EDGE_CURVE('',#8886,#8877,#8888,.T.);
#8886 = VERTEX_POINT('',#8887);
#8887 = CARTESIAN_POINT('',(-1.,-0.585,1.25));
#8888 = LINE('',#8889,#8890);
#8889 = CARTESIAN_POINT('',(-1.,-0.625,1.25));
#8890 = VECTOR('',#8891,1.);
#8891 = DIRECTION('',(0.,1.,0.));
#8892 = ORIENTED_EDGE('',*,*,#8893,.F.);
#8893 = EDGE_CURVE('',#8835,#8886,#8894,.T.);
#8894 = CIRCLE('',#8895,4.E-02);
#8895 = AXIS2_PLACEMENT_3D('',#8896,#8897,#8898);
#8896 = CARTESIAN_POINT('',(-1.,-0.585,1.21));
#8897 = DIRECTION('',(-1.,0.,0.));
#8898 = DIRECTION('',(0.,0.,1.));
#8899 = PLANE('',#8900);
#8900 = AXIS2_PLACEMENT_3D('',#8901,#8902,#8903);
#8901 = CARTESIAN_POINT('',(-1.,-0.625,0.));
#8902 = DIRECTION('',(1.,0.,0.));
#8903 = DIRECTION('',(0.,0.,1.));
#8904 = ADVANCED_FACE('',(#8905),#8930,.F.);
#8905 = FACE_BOUND('',#8906,.F.);
#8906 = EDGE_LOOP('',(#8907,#8917,#8923,#8924));
#8907 = ORIENTED_EDGE('',*,*,#8908,.F.);
#8908 = EDGE_CURVE('',#8909,#8911,#8913,.T.);
#8909 = VERTEX_POINT('',#8910);
#8910 = CARTESIAN_POINT('',(-0.6,-0.625,4.E-02));
#8911 = VERTEX_POINT('',#8912);
#8912 = CARTESIAN_POINT('',(-0.6,-0.625,1.21));
#8913 = LINE('',#8914,#8915);
#8914 = CARTESIAN_POINT('',(-0.6,-0.625,0.));
#8915 = VECTOR('',#8916,1.);
#8916 = DIRECTION('',(0.,0.,1.));
#8917 = ORIENTED_EDGE('',*,*,#8918,.F.);
#8918 = EDGE_CURVE('',#8833,#8909,#8919,.T.);
#8919 = LINE('',#8920,#8921);
#8920 = CARTESIAN_POINT('',(-1.,-0.625,4.E-02));
#8921 = VECTOR('',#8922,1.);
#8922 = DIRECTION('',(1.,0.,0.));
#8923 = ORIENTED_EDGE('',*,*,#8832,.T.);
#8924 = ORIENTED_EDGE('',*,*,#8925,.T.);
#8925 = EDGE_CURVE('',#8835,#8911,#8926,.T.);
#8926 = LINE('',#8927,#8928);
#8927 = CARTESIAN_POINT('',(-1.,-0.625,1.21));
#8928 = VECTOR('',#8929,1.);
#8929 = DIRECTION('',(1.,0.,0.));
#8930 = PLANE('',#8931);
#8931 = AXIS2_PLACEMENT_3D('',#8932,#8933,#8934);
#8932 = CARTESIAN_POINT('',(-1.,-0.625,0.));
#8933 = DIRECTION('',(0.,1.,0.));
#8934 = DIRECTION('',(0.,0.,1.));
#8935 = ADVANCED_FACE('',(#8936),#8955,.T.);
#8936 = FACE_BOUND('',#8937,.T.);
#8937 = EDGE_LOOP('',(#8938,#8939,#8947,#8954));
#8938 = ORIENTED_EDGE('',*,*,#8842,.T.);
#8939 = ORIENTED_EDGE('',*,*,#8940,.T.);
#8940 = EDGE_CURVE('',#8843,#8941,#8943,.T.);
#8941 = VERTEX_POINT('',#8942);
#8942 = CARTESIAN_POINT('',(-0.6,-0.585,0.));
#8943 = LINE('',#8944,#8945);
#8944 = CARTESIAN_POINT('',(-1.,-0.585,0.));
#8945 = VECTOR('',#8946,1.);
#8946 = DIRECTION('',(1.,0.,0.));
#8947 = ORIENTED_EDGE('',*,*,#8948,.F.);
#8948 = EDGE_CURVE('',#8909,#8941,#8949,.T.);
#8949 = CIRCLE('',#8950,4.E-02);
#8950 = AXIS2_PLACEMENT_3D('',#8951,#8952,#8953);
#8951 = CARTESIAN_POINT('',(-0.6,-0.585,4.E-02));
#8952 = DIRECTION('',(1.,0.,-0.));
#8953 = DIRECTION('',(0.,0.,1.));
#8954 = ORIENTED_EDGE('',*,*,#8918,.F.);
#8955 = CYLINDRICAL_SURFACE('',#8956,4.E-02);
#8956 = AXIS2_PLACEMENT_3D('',#8957,#8958,#8959);
#8957 = CARTESIAN_POINT('',(-1.,-0.585,4.E-02));
#8958 = DIRECTION('',(1.,0.,0.));
#8959 = DIRECTION('',(0.,-1.,0.));
#8960 = ADVANCED_FACE('',(#8961),#8980,.T.);
#8961 = FACE_BOUND('',#8962,.T.);
#8962 = EDGE_LOOP('',(#8963,#8964,#8973,#8979));
#8963 = ORIENTED_EDGE('',*,*,#8925,.T.);
#8964 = ORIENTED_EDGE('',*,*,#8965,.T.);
#8965 = EDGE_CURVE('',#8911,#8966,#8968,.T.);
#8966 = VERTEX_POINT('',#8967);
#8967 = CARTESIAN_POINT('',(-0.6,-0.585,1.25));
#8968 = CIRCLE('',#8969,4.E-02);
#8969 = AXIS2_PLACEMENT_3D('',#8970,#8971,#8972);
#8970 = CARTESIAN_POINT('',(-0.6,-0.585,1.21));
#8971 = DIRECTION('',(-1.,0.,0.));
#8972 = DIRECTION('',(0.,0.,1.));
#8973 = ORIENTED_EDGE('',*,*,#8974,.F.);
#8974 = EDGE_CURVE('',#8886,#8966,#8975,.T.);
#8975 = LINE('',#8976,#8977);
#8976 = CARTESIAN_POINT('',(-1.,-0.585,1.25));
#8977 = VECTOR('',#8978,1.);
#8978 = DIRECTION('',(1.,0.,0.));
#8979 = ORIENTED_EDGE('',*,*,#8893,.F.);
#8980 = CYLINDRICAL_SURFACE('',#8981,4.E-02);
#8981 = AXIS2_PLACEMENT_3D('',#8982,#8983,#8984);
#8982 = CARTESIAN_POINT('',(-1.,-0.585,1.21));
#8983 = DIRECTION('',(1.,0.,0.));
#8984 = DIRECTION('',(0.,-1.,0.));
#8985 = ADVANCED_FACE('',(#8986),#9004,.F.);
#8986 = FACE_BOUND('',#8987,.F.);
#8987 = EDGE_LOOP('',(#8988,#8989,#8990,#8998));
#8988 = ORIENTED_EDGE('',*,*,#8851,.F.);
#8989 = ORIENTED_EDGE('',*,*,#8940,.T.);
#8990 = ORIENTED_EDGE('',*,*,#8991,.T.);
#8991 = EDGE_CURVE('',#8941,#8992,#8994,.T.);
#8992 = VERTEX_POINT('',#8993);
#8993 = CARTESIAN_POINT('',(-0.6,0.585,0.));
#8994 = LINE('',#8995,#8996);
#8995 = CARTESIAN_POINT('',(-0.6,-0.625,0.));
#8996 = VECTOR('',#8997,1.);
#8997 = DIRECTION('',(0.,1.,0.));
#8998 = ORIENTED_EDGE('',*,*,#8999,.F.);
#8999 = EDGE_CURVE('',#8852,#8992,#9000,.T.);
#9000 = LINE('',#9001,#9002);
#9001 = CARTESIAN_POINT('',(-1.,0.585,0.));
#9002 = VECTOR('',#9003,1.);
#9003 = DIRECTION('',(1.,0.,0.));
#9004 = PLANE('',#9005);
#9005 = AXIS2_PLACEMENT_3D('',#9006,#9007,#9008);
#9006 = CARTESIAN_POINT('',(-1.,-0.625,0.));
#9007 = DIRECTION('',(0.,0.,1.));
#9008 = DIRECTION('',(1.,0.,0.));
#9009 = ADVANCED_FACE('',(#9010),#9028,.T.);
#9010 = FACE_BOUND('',#9011,.T.);
#9011 = EDGE_LOOP('',(#9012,#9013,#9014,#9022));
#9012 = ORIENTED_EDGE('',*,*,#8885,.F.);
#9013 = ORIENTED_EDGE('',*,*,#8974,.T.);
#9014 = ORIENTED_EDGE('',*,*,#9015,.T.);
#9015 = EDGE_CURVE('',#8966,#9016,#9018,.T.);
#9016 = VERTEX_POINT('',#9017);
#9017 = CARTESIAN_POINT('',(-0.6,0.585,1.25));
#9018 = LINE('',#9019,#9020);
#9019 = CARTESIAN_POINT('',(-0.6,-0.625,1.25));
#9020 = VECTOR('',#9021,1.);
#9021 = DIRECTION('',(0.,1.,0.));
#9022 = ORIENTED_EDGE('',*,*,#9023,.F.);
#9023 = EDGE_CURVE('',#8877,#9016,#9024,.T.);
#9024 = LINE('',#9025,#9026);
#9025 = CARTESIAN_POINT('',(-1.,0.585,1.25));
#9026 = VECTOR('',#9027,1.);
#9027 = DIRECTION('',(1.,0.,0.));
#9028 = PLANE('',#9029);
#9029 = AXIS2_PLACEMENT_3D('',#9030,#9031,#9032);
#9030 = CARTESIAN_POINT('',(-1.,-0.625,1.25));
#9031 = DIRECTION('',(0.,0.,1.));
#9032 = DIRECTION('',(1.,0.,0.));
#9033 = ADVANCED_FACE('',(#9034),#9053,.T.);
#9034 = FACE_BOUND('',#9035,.T.);
#9035 = EDGE_LOOP('',(#9036,#9044,#9051,#9052));
#9036 = ORIENTED_EDGE('',*,*,#9037,.T.);
#9037 = EDGE_CURVE('',#8860,#9038,#9040,.T.);
#9038 = VERTEX_POINT('',#9039);
#9039 = CARTESIAN_POINT('',(-0.6,0.625,4.E-02));
#9040 = LINE('',#9041,#9042);
#9041 = CARTESIAN_POINT('',(-1.,0.625,4.E-02));
#9042 = VECTOR('',#9043,1.);
#9043 = DIRECTION('',(1.,0.,0.));
#9044 = ORIENTED_EDGE('',*,*,#9045,.T.);
#9045 = EDGE_CURVE('',#9038,#8992,#9046,.T.);
#9046 = CIRCLE('',#9047,4.E-02);
#9047 = AXIS2_PLACEMENT_3D('',#9048,#9049,#9050);
#9048 = CARTESIAN_POINT('',(-0.6,0.585,4.E-02));
#9049 = DIRECTION('',(-1.,0.,0.));
#9050 = DIRECTION('',(0.,0.,1.));
#9051 = ORIENTED_EDGE('',*,*,#8999,.F.);
#9052 = ORIENTED_EDGE('',*,*,#8859,.F.);
#9053 = CYLINDRICAL_SURFACE('',#9054,4.E-02);
#9054 = AXIS2_PLACEMENT_3D('',#9055,#9056,#9057);
#9055 = CARTESIAN_POINT('',(-1.,0.585,4.E-02));
#9056 = DIRECTION('',(1.,0.,0.));
#9057 = DIRECTION('',(0.,1.,0.));
#9058 = ADVANCED_FACE('',(#9059),#9078,.T.);
#9059 = FACE_BOUND('',#9060,.T.);
#9060 = EDGE_LOOP('',(#9061,#9062,#9063,#9072));
#9061 = ORIENTED_EDGE('',*,*,#8876,.T.);
#9062 = ORIENTED_EDGE('',*,*,#9023,.T.);
#9063 = ORIENTED_EDGE('',*,*,#9064,.F.);
#9064 = EDGE_CURVE('',#9065,#9016,#9067,.T.);
#9065 = VERTEX_POINT('',#9066);
#9066 = CARTESIAN_POINT('',(-0.6,0.625,1.21));
#9067 = CIRCLE('',#9068,4.E-02);
#9068 = AXIS2_PLACEMENT_3D('',#9069,#9070,#9071);
#9069 = CARTESIAN_POINT('',(-0.6,0.585,1.21));
#9070 = DIRECTION('',(1.,0.,-0.));
#9071 = DIRECTION('',(0.,0.,1.));
#9072 = ORIENTED_EDGE('',*,*,#9073,.F.);
#9073 = EDGE_CURVE('',#8869,#9065,#9074,.T.);
#9074 = LINE('',#9075,#9076);
#9075 = CARTESIAN_POINT('',(-1.,0.625,1.21));
#9076 = VECTOR('',#9077,1.);
#9077 = DIRECTION('',(1.,0.,0.));
#9078 = CYLINDRICAL_SURFACE('',#9079,4.E-02);
#9079 = AXIS2_PLACEMENT_3D('',#9080,#9081,#9082);
#9080 = CARTESIAN_POINT('',(-1.,0.585,1.21));
#9081 = DIRECTION('',(1.,0.,0.));
#9082 = DIRECTION('',(0.,1.,0.));
#9083 = ADVANCED_FACE('',(#9084),#9095,.T.);
#9084 = FACE_BOUND('',#9085,.T.);
#9085 = EDGE_LOOP('',(#9086,#9092,#9093,#9094));
#9086 = ORIENTED_EDGE('',*,*,#9087,.F.);
#9087 = EDGE_CURVE('',#9038,#9065,#9088,.T.);
#9088 = LINE('',#9089,#9090);
#9089 = CARTESIAN_POINT('',(-0.6,0.625,0.));
#9090 = VECTOR('',#9091,1.);
#9091 = DIRECTION('',(0.,0.,1.));
#9092 = ORIENTED_EDGE('',*,*,#9037,.F.);
#9093 = ORIENTED_EDGE('',*,*,#8868,.T.);
#9094 = ORIENTED_EDGE('',*,*,#9073,.T.);
#9095 = PLANE('',#9096);
#9096 = AXIS2_PLACEMENT_3D('',#9097,#9098,#9099);
#9097 = CARTESIAN_POINT('',(-1.,0.625,0.));
#9098 = DIRECTION('',(0.,1.,0.));
#9099 = DIRECTION('',(0.,0.,1.));
#9100 = ADVANCED_FACE('',(#9101,#9111),#9181,.T.);
#9101 = FACE_BOUND('',#9102,.T.);
#9102 = EDGE_LOOP('',(#9103,#9104,#9105,#9106,#9107,#9108,#9109,#9110));
#9103 = ORIENTED_EDGE('',*,*,#8908,.F.);
#9104 = ORIENTED_EDGE('',*,*,#8948,.T.);
#9105 = ORIENTED_EDGE('',*,*,#8991,.T.);
#9106 = ORIENTED_EDGE('',*,*,#9045,.F.);
#9107 = ORIENTED_EDGE('',*,*,#9087,.T.);
#9108 = ORIENTED_EDGE('',*,*,#9064,.T.);
#9109 = ORIENTED_EDGE('',*,*,#9015,.F.);
#9110 = ORIENTED_EDGE('',*,*,#8965,.F.);
#9111 = FACE_BOUND('',#9112,.T.);
#9112 = EDGE_LOOP('',(#9113,#9124,#9132,#9141,#9149,#9158,#9166,#9175));
#9113 = ORIENTED_EDGE('',*,*,#9114,.F.);
#9114 = EDGE_CURVE('',#9115,#9117,#9119,.T.);
#9115 = VERTEX_POINT('',#9116);
#9116 = CARTESIAN_POINT('',(-0.6,-0.585,8.E-02));
#9117 = VERTEX_POINT('',#9118);
#9118 = CARTESIAN_POINT('',(-0.6,-0.545,4.E-02));
#9119 = CIRCLE('',#9120,4.E-02);
#9120 = AXIS2_PLACEMENT_3D('',#9121,#9122,#9123);
#9121 = CARTESIAN_POINT('',(-0.6,-0.545,8.E-02));
#9122 = DIRECTION('',(1.,0.,-0.));
#9123 = DIRECTION('',(0.,0.,1.));
#9124 = ORIENTED_EDGE('',*,*,#9125,.T.);
#9125 = EDGE_CURVE('',#9115,#9126,#9128,.T.);
#9126 = VERTEX_POINT('',#9127);
#9127 = CARTESIAN_POINT('',(-0.6,-0.585,1.17));
#9128 = LINE('',#9129,#9130);
#9129 = CARTESIAN_POINT('',(-0.6,-0.585,4.E-02));
#9130 = VECTOR('',#9131,1.);
#9131 = DIRECTION('',(0.,0.,1.));
#9132 = ORIENTED_EDGE('',*,*,#9133,.T.);
#9133 = EDGE_CURVE('',#9126,#9134,#9136,.T.);
#9134 = VERTEX_POINT('',#9135);
#9135 = CARTESIAN_POINT('',(-0.6,-0.545,1.21));
#9136 = CIRCLE('',#9137,4.E-02);
#9137 = AXIS2_PLACEMENT_3D('',#9138,#9139,#9140);
#9138 = CARTESIAN_POINT('',(-0.6,-0.545,1.17));
#9139 = DIRECTION('',(-1.,0.,0.));
#9140 = DIRECTION('',(0.,0.,1.));
#9141 = ORIENTED_EDGE('',*,*,#9142,.T.);
#9142 = EDGE_CURVE('',#9134,#9143,#9145,.T.);
#9143 = VERTEX_POINT('',#9144);
#9144 = CARTESIAN_POINT('',(-0.6,0.545,1.21));
#9145 = LINE('',#9146,#9147);
#9146 = CARTESIAN_POINT('',(-0.6,-0.585,1.21));
#9147 = VECTOR('',#9148,1.);
#9148 = DIRECTION('',(0.,1.,0.));
#9149 = ORIENTED_EDGE('',*,*,#9150,.F.);
#9150 = EDGE_CURVE('',#9151,#9143,#9153,.T.);
#9151 = VERTEX_POINT('',#9152);
#9152 = CARTESIAN_POINT('',(-0.6,0.585,1.17));
#9153 = CIRCLE('',#9154,4.E-02);
#9154 = AXIS2_PLACEMENT_3D('',#9155,#9156,#9157);
#9155 = CARTESIAN_POINT('',(-0.6,0.545,1.17));
#9156 = DIRECTION('',(1.,0.,-0.));
#9157 = DIRECTION('',(0.,0.,1.));
#9158 = ORIENTED_EDGE('',*,*,#9159,.F.);
#9159 = EDGE_CURVE('',#9160,#9151,#9162,.T.);
#9160 = VERTEX_POINT('',#9161);
#9161 = CARTESIAN_POINT('',(-0.6,0.585,8.E-02));
#9162 = LINE('',#9163,#9164);
#9163 = CARTESIAN_POINT('',(-0.6,0.585,4.E-02));
#9164 = VECTOR('',#9165,1.);
#9165 = DIRECTION('',(0.,0.,1.));
#9166 = ORIENTED_EDGE('',*,*,#9167,.T.);
#9167 = EDGE_CURVE('',#9160,#9168,#9170,.T.);
#9168 = VERTEX_POINT('',#9169);
#9169 = CARTESIAN_POINT('',(-0.6,0.545,4.E-02));
#9170 = CIRCLE('',#9171,4.E-02);
#9171 = AXIS2_PLACEMENT_3D('',#9172,#9173,#9174);
#9172 = CARTESIAN_POINT('',(-0.6,0.545,8.E-02));
#9173 = DIRECTION('',(-1.,0.,0.));
#9174 = DIRECTION('',(0.,0.,1.));
#9175 = ORIENTED_EDGE('',*,*,#9176,.F.);
#9176 = EDGE_CURVE('',#9117,#9168,#9177,.T.);
#9177 = LINE('',#9178,#9179);
#9178 = CARTESIAN_POINT('',(-0.6,-0.585,4.E-02));
#9179 = VECTOR('',#9180,1.);
#9180 = DIRECTION('',(0.,1.,0.));
#9181 = PLANE('',#9182);
#9182 = AXIS2_PLACEMENT_3D('',#9183,#9184,#9185);
#9183 = CARTESIAN_POINT('',(-0.6,-0.625,0.));
#9184 = DIRECTION('',(1.,0.,0.));
#9185 = DIRECTION('',(0.,0.,1.));
#9186 = ADVANCED_FACE('',(#9187),#9213,.T.);
#9187 = FACE_BOUND('',#9188,.T.);
#9188 = EDGE_LOOP('',(#9189,#9190,#9198,#9207));
#9189 = ORIENTED_EDGE('',*,*,#9114,.T.);
#9190 = ORIENTED_EDGE('',*,*,#9191,.T.);
#9191 = EDGE_CURVE('',#9117,#9192,#9194,.T.);
#9192 = VERTEX_POINT('',#9193);
#9193 = CARTESIAN_POINT('',(0.6,-0.545,4.E-02));
#9194 = LINE('',#9195,#9196);
#9195 = CARTESIAN_POINT('',(-0.6,-0.545,4.E-02));
#9196 = VECTOR('',#9197,1.);
#9197 = DIRECTION('',(1.,0.,0.));
#9198 = ORIENTED_EDGE('',*,*,#9199,.F.);
#9199 = EDGE_CURVE('',#9200,#9192,#9202,.T.);
#9200 = VERTEX_POINT('',#9201);
#9201 = CARTESIAN_POINT('',(0.6,-0.585,8.E-02));
#9202 = CIRCLE('',#9203,4.E-02);
#9203 = AXIS2_PLACEMENT_3D('',#9204,#9205,#9206);
#9204 = CARTESIAN_POINT('',(0.6,-0.545,8.E-02));
#9205 = DIRECTION('',(1.,0.,-0.));
#9206 = DIRECTION('',(0.,0.,1.));
#9207 = ORIENTED_EDGE('',*,*,#9208,.F.);
#9208 = EDGE_CURVE('',#9115,#9200,#9209,.T.);
#9209 = LINE('',#9210,#9211);
#9210 = CARTESIAN_POINT('',(-0.6,-0.585,8.E-02));
#9211 = VECTOR('',#9212,1.);
#9212 = DIRECTION('',(1.,0.,0.));
#9213 = CYLINDRICAL_SURFACE('',#9214,4.E-02);
#9214 = AXIS2_PLACEMENT_3D('',#9215,#9216,#9217);
#9215 = CARTESIAN_POINT('',(-0.6,-0.545,8.E-02));
#9216 = DIRECTION('',(1.,0.,0.));
#9217 = DIRECTION('',(0.,-1.,0.));
#9218 = ADVANCED_FACE('',(#9219),#9237,.F.);
#9219 = FACE_BOUND('',#9220,.F.);
#9220 = EDGE_LOOP('',(#9221,#9222,#9223,#9231));
#9221 = ORIENTED_EDGE('',*,*,#9176,.F.);
#9222 = ORIENTED_EDGE('',*,*,#9191,.T.);
#9223 = ORIENTED_EDGE('',*,*,#9224,.T.);
#9224 = EDGE_CURVE('',#9192,#9225,#9227,.T.);
#9225 = VERTEX_POINT('',#9226);
#9226 = CARTESIAN_POINT('',(0.6,0.545,4.E-02));
#9227 = LINE('',#9228,#9229);
#9228 = CARTESIAN_POINT('',(0.6,-0.585,4.E-02));
#9229 = VECTOR('',#9230,1.);
#9230 = DIRECTION('',(0.,1.,0.));
#9231 = ORIENTED_EDGE('',*,*,#9232,.F.);
#9232 = EDGE_CURVE('',#9168,#9225,#9233,.T.);
#9233 = LINE('',#9234,#9235);
#9234 = CARTESIAN_POINT('',(-0.6,0.545,4.E-02));
#9235 = VECTOR('',#9236,1.);
#9236 = DIRECTION('',(1.,0.,0.));
#9237 = PLANE('',#9238);
#9238 = AXIS2_PLACEMENT_3D('',#9239,#9240,#9241);
#9239 = CARTESIAN_POINT('',(-0.6,-0.585,4.E-02));
#9240 = DIRECTION('',(0.,0.,1.));
#9241 = DIRECTION('',(1.,0.,0.));
#9242 = ADVANCED_FACE('',(#9243),#9262,.T.);
#9243 = FACE_BOUND('',#9244,.T.);
#9244 = EDGE_LOOP('',(#9245,#9253,#9260,#9261));
#9245 = ORIENTED_EDGE('',*,*,#9246,.T.);
#9246 = EDGE_CURVE('',#9160,#9247,#9249,.T.);
#9247 = VERTEX_POINT('',#9248);
#9248 = CARTESIAN_POINT('',(0.6,0.585,8.E-02));
#9249 = LINE('',#9250,#9251);
#9250 = CARTESIAN_POINT('',(-0.6,0.585,8.E-02));
#9251 = VECTOR('',#9252,1.);
#9252 = DIRECTION('',(1.,0.,0.));
#9253 = ORIENTED_EDGE('',*,*,#9254,.T.);
#9254 = EDGE_CURVE('',#9247,#9225,#9255,.T.);
#9255 = CIRCLE('',#9256,4.E-02);
#9256 = AXIS2_PLACEMENT_3D('',#9257,#9258,#9259);
#9257 = CARTESIAN_POINT('',(0.6,0.545,8.E-02));
#9258 = DIRECTION('',(-1.,0.,0.));
#9259 = DIRECTION('',(0.,0.,1.));
#9260 = ORIENTED_EDGE('',*,*,#9232,.F.);
#9261 = ORIENTED_EDGE('',*,*,#9167,.F.);
#9262 = CYLINDRICAL_SURFACE('',#9263,4.E-02);
#9263 = AXIS2_PLACEMENT_3D('',#9264,#9265,#9266);
#9264 = CARTESIAN_POINT('',(-0.6,0.545,8.E-02));
#9265 = DIRECTION('',(1.,0.,0.));
#9266 = DIRECTION('',(0.,1.,0.));
#9267 = ADVANCED_FACE('',(#9268),#9286,.T.);
#9268 = FACE_BOUND('',#9269,.T.);
#9269 = EDGE_LOOP('',(#9270,#9278,#9279,#9280));
#9270 = ORIENTED_EDGE('',*,*,#9271,.F.);
#9271 = EDGE_CURVE('',#9247,#9272,#9274,.T.);
#9272 = VERTEX_POINT('',#9273);
#9273 = CARTESIAN_POINT('',(0.6,0.585,1.17));
#9274 = LINE('',#9275,#9276);
#9275 = CARTESIAN_POINT('',(0.6,0.585,4.E-02));
#9276 = VECTOR('',#9277,1.);
#9277 = DIRECTION('',(0.,0.,1.));
#9278 = ORIENTED_EDGE('',*,*,#9246,.F.);
#9279 = ORIENTED_EDGE('',*,*,#9159,.T.);
#9280 = ORIENTED_EDGE('',*,*,#9281,.T.);
#9281 = EDGE_CURVE('',#9151,#9272,#9282,.T.);
#9282 = LINE('',#9283,#9284);
#9283 = CARTESIAN_POINT('',(-0.6,0.585,1.17));
#9284 = VECTOR('',#9285,1.);
#9285 = DIRECTION('',(1.,0.,0.));
#9286 = PLANE('',#9287);
#9287 = AXIS2_PLACEMENT_3D('',#9288,#9289,#9290);
#9288 = CARTESIAN_POINT('',(-0.6,0.585,4.E-02));
#9289 = DIRECTION('',(0.,1.,0.));
#9290 = DIRECTION('',(0.,0.,1.));
#9291 = ADVANCED_FACE('',(#9292),#9311,.T.);
#9292 = FACE_BOUND('',#9293,.T.);
#9293 = EDGE_LOOP('',(#9294,#9295,#9303,#9310));
#9294 = ORIENTED_EDGE('',*,*,#9150,.T.);
#9295 = ORIENTED_EDGE('',*,*,#9296,.T.);
#9296 = EDGE_CURVE('',#9143,#9297,#9299,.T.);
#9297 = VERTEX_POINT('',#9298);
#9298 = CARTESIAN_POINT('',(0.6,0.545,1.21));
#9299 = LINE('',#9300,#9301);
#9300 = CARTESIAN_POINT('',(-0.6,0.545,1.21));
#9301 = VECTOR('',#9302,1.);
#9302 = DIRECTION('',(1.,0.,0.));
#9303 = ORIENTED_EDGE('',*,*,#9304,.F.);
#9304 = EDGE_CURVE('',#9272,#9297,#9305,.T.);
#9305 = CIRCLE('',#9306,4.E-02);
#9306 = AXIS2_PLACEMENT_3D('',#9307,#9308,#9309);
#9307 = CARTESIAN_POINT('',(0.6,0.545,1.17));
#9308 = DIRECTION('',(1.,0.,-0.));
#9309 = DIRECTION('',(0.,0.,1.));
#9310 = ORIENTED_EDGE('',*,*,#9281,.F.);
#9311 = CYLINDRICAL_SURFACE('',#9312,4.E-02);
#9312 = AXIS2_PLACEMENT_3D('',#9313,#9314,#9315);
#9313 = CARTESIAN_POINT('',(-0.6,0.545,1.17));
#9314 = DIRECTION('',(1.,0.,0.));
#9315 = DIRECTION('',(0.,1.,0.));
#9316 = ADVANCED_FACE('',(#9317),#9335,.T.);
#9317 = FACE_BOUND('',#9318,.T.);
#9318 = EDGE_LOOP('',(#9319,#9320,#9328,#9334));
#9319 = ORIENTED_EDGE('',*,*,#9142,.F.);
#9320 = ORIENTED_EDGE('',*,*,#9321,.T.);
#9321 = EDGE_CURVE('',#9134,#9322,#9324,.T.);
#9322 = VERTEX_POINT('',#9323);
#9323 = CARTESIAN_POINT('',(0.6,-0.545,1.21));
#9324 = LINE('',#9325,#9326);
#9325 = CARTESIAN_POINT('',(-0.6,-0.545,1.21));
#9326 = VECTOR('',#9327,1.);
#9327 = DIRECTION('',(1.,0.,0.));
#9328 = ORIENTED_EDGE('',*,*,#9329,.T.);
#9329 = EDGE_CURVE('',#9322,#9297,#9330,.T.);
#9330 = LINE('',#9331,#9332);
#9331 = CARTESIAN_POINT('',(0.6,-0.585,1.21));
#9332 = VECTOR('',#9333,1.);
#9333 = DIRECTION('',(0.,1.,0.));
#9334 = ORIENTED_EDGE('',*,*,#9296,.F.);
#9335 = PLANE('',#9336);
#9336 = AXIS2_PLACEMENT_3D('',#9337,#9338,#9339);
#9337 = CARTESIAN_POINT('',(-0.6,-0.585,1.21));
#9338 = DIRECTION('',(0.,0.,1.));
#9339 = DIRECTION('',(1.,0.,0.));
#9340 = ADVANCED_FACE('',(#9341),#9360,.T.);
#9341 = FACE_BOUND('',#9342,.T.);
#9342 = EDGE_LOOP('',(#9343,#9351,#9358,#9359));
#9343 = ORIENTED_EDGE('',*,*,#9344,.T.);
#9344 = EDGE_CURVE('',#9126,#9345,#9347,.T.);
#9345 = VERTEX_POINT('',#9346);
#9346 = CARTESIAN_POINT('',(0.6,-0.585,1.17));
#9347 = LINE('',#9348,#9349);
#9348 = CARTESIAN_POINT('',(-0.6,-0.585,1.17));
#9349 = VECTOR('',#9350,1.);
#9350 = DIRECTION('',(1.,0.,0.));
#9351 = ORIENTED_EDGE('',*,*,#9352,.T.);
#9352 = EDGE_CURVE('',#9345,#9322,#9353,.T.);
#9353 = CIRCLE('',#9354,4.E-02);
#9354 = AXIS2_PLACEMENT_3D('',#9355,#9356,#9357);
#9355 = CARTESIAN_POINT('',(0.6,-0.545,1.17));
#9356 = DIRECTION('',(-1.,0.,0.));
#9357 = DIRECTION('',(0.,0.,1.));
#9358 = ORIENTED_EDGE('',*,*,#9321,.F.);
#9359 = ORIENTED_EDGE('',*,*,#9133,.F.);
#9360 = CYLINDRICAL_SURFACE('',#9361,4.E-02);
#9361 = AXIS2_PLACEMENT_3D('',#9362,#9363,#9364);
#9362 = CARTESIAN_POINT('',(-0.6,-0.545,1.17));
#9363 = DIRECTION('',(1.,0.,0.));
#9364 = DIRECTION('',(0.,-1.,0.));
#9365 = ADVANCED_FACE('',(#9366),#9377,.F.);
#9366 = FACE_BOUND('',#9367,.F.);
#9367 = EDGE_LOOP('',(#9368,#9374,#9375,#9376));
#9368 = ORIENTED_EDGE('',*,*,#9369,.F.);
#9369 = EDGE_CURVE('',#9200,#9345,#9370,.T.);
#9370 = LINE('',#9371,#9372);
#9371 = CARTESIAN_POINT('',(0.6,-0.585,4.E-02));
#9372 = VECTOR('',#9373,1.);
#9373 = DIRECTION('',(0.,0.,1.));
#9374 = ORIENTED_EDGE('',*,*,#9208,.F.);
#9375 = ORIENTED_EDGE('',*,*,#9125,.T.);
#9376 = ORIENTED_EDGE('',*,*,#9344,.T.);
#9377 = PLANE('',#9378);
#9378 = AXIS2_PLACEMENT_3D('',#9379,#9380,#9381);
#9379 = CARTESIAN_POINT('',(-0.6,-0.585,4.E-02));
#9380 = DIRECTION('',(0.,1.,0.));
#9381 = DIRECTION('',(0.,0.,1.));
#9382 = ADVANCED_FACE('',(#9383,#9453),#9463,.F.);
#9383 = FACE_BOUND('',#9384,.F.);
#9384 = EDGE_LOOP('',(#9385,#9395,#9404,#9412,#9421,#9429,#9438,#9446));
#9385 = ORIENTED_EDGE('',*,*,#9386,.F.);
#9386 = EDGE_CURVE('',#9387,#9389,#9391,.T.);
#9387 = VERTEX_POINT('',#9388);
#9388 = CARTESIAN_POINT('',(0.6,-0.625,4.E-02));
#9389 = VERTEX_POINT('',#9390);
#9390 = CARTESIAN_POINT('',(0.6,-0.625,1.21));
#9391 = LINE('',#9392,#9393);
#9392 = CARTESIAN_POINT('',(0.6,-0.625,0.));
#9393 = VECTOR('',#9394,1.);
#9394 = DIRECTION('',(0.,0.,1.));
#9395 = ORIENTED_EDGE('',*,*,#9396,.T.);
#9396 = EDGE_CURVE('',#9387,#9397,#9399,.T.);
#9397 = VERTEX_POINT('',#9398);
#9398 = CARTESIAN_POINT('',(0.6,-0.585,0.));
#9399 = CIRCLE('',#9400,4.E-02);
#9400 = AXIS2_PLACEMENT_3D('',#9401,#9402,#9403);
#9401 = CARTESIAN_POINT('',(0.6,-0.585,4.E-02));
#9402 = DIRECTION('',(1.,0.,-0.));
#9403 = DIRECTION('',(0.,0.,1.));
#9404 = ORIENTED_EDGE('',*,*,#9405,.T.);
#9405 = EDGE_CURVE('',#9397,#9406,#9408,.T.);
#9406 = VERTEX_POINT('',#9407);
#9407 = CARTESIAN_POINT('',(0.6,0.585,0.));
#9408 = LINE('',#9409,#9410);
#9409 = CARTESIAN_POINT('',(0.6,-0.625,0.));
#9410 = VECTOR('',#9411,1.);
#9411 = DIRECTION('',(0.,1.,0.));
#9412 = ORIENTED_EDGE('',*,*,#9413,.F.);
#9413 = EDGE_CURVE('',#9414,#9406,#9416,.T.);
#9414 = VERTEX_POINT('',#9415);
#9415 = CARTESIAN_POINT('',(0.6,0.625,4.E-02));
#9416 = CIRCLE('',#9417,4.E-02);
#9417 = AXIS2_PLACEMENT_3D('',#9418,#9419,#9420);
#9418 = CARTESIAN_POINT('',(0.6,0.585,4.E-02));
#9419 = DIRECTION('',(-1.,0.,0.));
#9420 = DIRECTION('',(0.,0.,1.));
#9421 = ORIENTED_EDGE('',*,*,#9422,.T.);
#9422 = EDGE_CURVE('',#9414,#9423,#9425,.T.);
#9423 = VERTEX_POINT('',#9424);
#9424 = CARTESIAN_POINT('',(0.6,0.625,1.21));
#9425 = LINE('',#9426,#9427);
#9426 = CARTESIAN_POINT('',(0.6,0.625,0.));
#9427 = VECTOR('',#9428,1.);
#9428 = DIRECTION('',(0.,0.,1.));
#9429 = ORIENTED_EDGE('',*,*,#9430,.T.);
#9430 = EDGE_CURVE('',#9423,#9431,#9433,.T.);
#9431 = VERTEX_POINT('',#9432);
#9432 = CARTESIAN_POINT('',(0.6,0.585,1.25));
#9433 = CIRCLE('',#9434,4.E-02);
#9434 = AXIS2_PLACEMENT_3D('',#9435,#9436,#9437);
#9435 = CARTESIAN_POINT('',(0.6,0.585,1.21));
#9436 = DIRECTION('',(1.,0.,-0.));
#9437 = DIRECTION('',(0.,0.,1.));
#9438 = ORIENTED_EDGE('',*,*,#9439,.F.);
#9439 = EDGE_CURVE('',#9440,#9431,#9442,.T.);
#9440 = VERTEX_POINT('',#9441);
#9441 = CARTESIAN_POINT('',(0.6,-0.585,1.25));
#9442 = LINE('',#9443,#9444);
#9443 = CARTESIAN_POINT('',(0.6,-0.625,1.25));
#9444 = VECTOR('',#9445,1.);
#9445 = DIRECTION('',(0.,1.,0.));
#9446 = ORIENTED_EDGE('',*,*,#9447,.F.);
#9447 = EDGE_CURVE('',#9389,#9440,#9448,.T.);
#9448 = CIRCLE('',#9449,4.E-02);
#9449 = AXIS2_PLACEMENT_3D('',#9450,#9451,#9452);
#9450 = CARTESIAN_POINT('',(0.6,-0.585,1.21));
#9451 = DIRECTION('',(-1.,0.,0.));
#9452 = DIRECTION('',(0.,0.,1.));
#9453 = FACE_BOUND('',#9454,.F.);
#9454 = EDGE_LOOP('',(#9455,#9456,#9457,#9458,#9459,#9460,#9461,#9462));
#9455 = ORIENTED_EDGE('',*,*,#9199,.F.);
#9456 = ORIENTED_EDGE('',*,*,#9369,.T.);
#9457 = ORIENTED_EDGE('',*,*,#9352,.T.);
#9458 = ORIENTED_EDGE('',*,*,#9329,.T.);
#9459 = ORIENTED_EDGE('',*,*,#9304,.F.);
#9460 = ORIENTED_EDGE('',*,*,#9271,.F.);
#9461 = ORIENTED_EDGE('',*,*,#9254,.T.);
#9462 = ORIENTED_EDGE('',*,*,#9224,.F.);
#9463 = PLANE('',#9464);
#9464 = AXIS2_PLACEMENT_3D('',#9465,#9466,#9467);
#9465 = CARTESIAN_POINT('',(0.6,-0.625,0.));
#9466 = DIRECTION('',(1.,0.,0.));
#9467 = DIRECTION('',(0.,0.,1.));
#9468 = ADVANCED_FACE('',(#9469),#9494,.F.);
#9469 = FACE_BOUND('',#9470,.F.);
#9470 = EDGE_LOOP('',(#9471,#9481,#9487,#9488));
#9471 = ORIENTED_EDGE('',*,*,#9472,.F.);
#9472 = EDGE_CURVE('',#9473,#9475,#9477,.T.);
#9473 = VERTEX_POINT('',#9474);
#9474 = CARTESIAN_POINT('',(1.,-0.625,4.E-02));
#9475 = VERTEX_POINT('',#9476);
#9476 = CARTESIAN_POINT('',(1.,-0.625,1.21));
#9477 = LINE('',#9478,#9479);
#9478 = CARTESIAN_POINT('',(1.,-0.625,0.));
#9479 = VECTOR('',#9480,1.);
#9480 = DIRECTION('',(0.,0.,1.));
#9481 = ORIENTED_EDGE('',*,*,#9482,.F.);
#9482 = EDGE_CURVE('',#9387,#9473,#9483,.T.);
#9483 = LINE('',#9484,#9485);
#9484 = CARTESIAN_POINT('',(0.6,-0.625,4.E-02));
#9485 = VECTOR('',#9486,1.);
#9486 = DIRECTION('',(1.,0.,0.));
#9487 = ORIENTED_EDGE('',*,*,#9386,.T.);
#9488 = ORIENTED_EDGE('',*,*,#9489,.T.);
#9489 = EDGE_CURVE('',#9389,#9475,#9490,.T.);
#9490 = LINE('',#9491,#9492);
#9491 = CARTESIAN_POINT('',(0.6,-0.625,1.21));
#9492 = VECTOR('',#9493,1.);
#9493 = DIRECTION('',(1.,0.,0.));
#9494 = PLANE('',#9495);
#9495 = AXIS2_PLACEMENT_3D('',#9496,#9497,#9498);
#9496 = CARTESIAN_POINT('',(0.6,-0.625,0.));
#9497 = DIRECTION('',(0.,1.,0.));
#9498 = DIRECTION('',(0.,0.,1.));
#9499 = ADVANCED_FACE('',(#9500),#9519,.T.);
#9500 = FACE_BOUND('',#9501,.T.);
#9501 = EDGE_LOOP('',(#9502,#9503,#9511,#9518));
#9502 = ORIENTED_EDGE('',*,*,#9396,.T.);
#9503 = ORIENTED_EDGE('',*,*,#9504,.T.);
#9504 = EDGE_CURVE('',#9397,#9505,#9507,.T.);
#9505 = VERTEX_POINT('',#9506);
#9506 = CARTESIAN_POINT('',(1.,-0.585,0.));
#9507 = LINE('',#9508,#9509);
#9508 = CARTESIAN_POINT('',(0.6,-0.585,0.));
#9509 = VECTOR('',#9510,1.);
#9510 = DIRECTION('',(1.,0.,0.));
#9511 = ORIENTED_EDGE('',*,*,#9512,.F.);
#9512 = EDGE_CURVE('',#9473,#9505,#9513,.T.);
#9513 = CIRCLE('',#9514,4.E-02);
#9514 = AXIS2_PLACEMENT_3D('',#9515,#9516,#9517);
#9515 = CARTESIAN_POINT('',(1.,-0.585,4.E-02));
#9516 = DIRECTION('',(1.,0.,-0.));
#9517 = DIRECTION('',(0.,0.,1.));
#9518 = ORIENTED_EDGE('',*,*,#9482,.F.);
#9519 = CYLINDRICAL_SURFACE('',#9520,4.E-02);
#9520 = AXIS2_PLACEMENT_3D('',#9521,#9522,#9523);
#9521 = CARTESIAN_POINT('',(0.6,-0.585,4.E-02));
#9522 = DIRECTION('',(1.,0.,0.));
#9523 = DIRECTION('',(0.,-1.,0.));
#9524 = ADVANCED_FACE('',(#9525),#9544,.T.);
#9525 = FACE_BOUND('',#9526,.T.);
#9526 = EDGE_LOOP('',(#9527,#9528,#9537,#9543));
#9527 = ORIENTED_EDGE('',*,*,#9489,.T.);
#9528 = ORIENTED_EDGE('',*,*,#9529,.T.);
#9529 = EDGE_CURVE('',#9475,#9530,#9532,.T.);
#9530 = VERTEX_POINT('',#9531);
#9531 = CARTESIAN_POINT('',(1.,-0.585,1.25));
#9532 = CIRCLE('',#9533,4.E-02);
#9533 = AXIS2_PLACEMENT_3D('',#9534,#9535,#9536);
#9534 = CARTESIAN_POINT('',(1.,-0.585,1.21));
#9535 = DIRECTION('',(-1.,0.,0.));
#9536 = DIRECTION('',(0.,0.,1.));
#9537 = ORIENTED_EDGE('',*,*,#9538,.F.);
#9538 = EDGE_CURVE('',#9440,#9530,#9539,.T.);
#9539 = LINE('',#9540,#9541);
#9540 = CARTESIAN_POINT('',(0.6,-0.585,1.25));
#9541 = VECTOR('',#9542,1.);
#9542 = DIRECTION('',(1.,0.,0.));
#9543 = ORIENTED_EDGE('',*,*,#9447,.F.);
#9544 = CYLINDRICAL_SURFACE('',#9545,4.E-02);
#9545 = AXIS2_PLACEMENT_3D('',#9546,#9547,#9548);
#9546 = CARTESIAN_POINT('',(0.6,-0.585,1.21));
#9547 = DIRECTION('',(1.,0.,0.));
#9548 = DIRECTION('',(0.,-1.,0.));
#9549 = ADVANCED_FACE('',(#9550),#9568,.F.);
#9550 = FACE_BOUND('',#9551,.F.);
#9551 = EDGE_LOOP('',(#9552,#9553,#9554,#9562));
#9552 = ORIENTED_EDGE('',*,*,#9405,.F.);
#9553 = ORIENTED_EDGE('',*,*,#9504,.T.);
#9554 = ORIENTED_EDGE('',*,*,#9555,.T.);
#9555 = EDGE_CURVE('',#9505,#9556,#9558,.T.);
#9556 = VERTEX_POINT('',#9557);
#9557 = CARTESIAN_POINT('',(1.,0.585,0.));
#9558 = LINE('',#9559,#9560);
#9559 = CARTESIAN_POINT('',(1.,-0.625,0.));
#9560 = VECTOR('',#9561,1.);
#9561 = DIRECTION('',(0.,1.,0.));
#9562 = ORIENTED_EDGE('',*,*,#9563,.F.);
#9563 = EDGE_CURVE('',#9406,#9556,#9564,.T.);
#9564 = LINE('',#9565,#9566);
#9565 = CARTESIAN_POINT('',(0.6,0.585,0.));
#9566 = VECTOR('',#9567,1.);
#9567 = DIRECTION('',(1.,0.,0.));
#9568 = PLANE('',#9569);
#9569 = AXIS2_PLACEMENT_3D('',#9570,#9571,#9572);
#9570 = CARTESIAN_POINT('',(0.6,-0.625,0.));
#9571 = DIRECTION('',(0.,0.,1.));
#9572 = DIRECTION('',(1.,0.,0.));
#9573 = ADVANCED_FACE('',(#9574),#9592,.T.);
#9574 = FACE_BOUND('',#9575,.T.);
#9575 = EDGE_LOOP('',(#9576,#9577,#9578,#9586));
#9576 = ORIENTED_EDGE('',*,*,#9439,.F.);
#9577 = ORIENTED_EDGE('',*,*,#9538,.T.);
#9578 = ORIENTED_EDGE('',*,*,#9579,.T.);
#9579 = EDGE_CURVE('',#9530,#9580,#9582,.T.);
#9580 = VERTEX_POINT('',#9581);
#9581 = CARTESIAN_POINT('',(1.,0.585,1.25));
#9582 = LINE('',#9583,#9584);
#9583 = CARTESIAN_POINT('',(1.,-0.625,1.25));
#9584 = VECTOR('',#9585,1.);
#9585 = DIRECTION('',(0.,1.,0.));
#9586 = ORIENTED_EDGE('',*,*,#9587,.F.);
#9587 = EDGE_CURVE('',#9431,#9580,#9588,.T.);
#9588 = LINE('',#9589,#9590);
#9589 = CARTESIAN_POINT('',(0.6,0.585,1.25));
#9590 = VECTOR('',#9591,1.);
#9591 = DIRECTION('',(1.,0.,0.));
#9592 = PLANE('',#9593);
#9593 = AXIS2_PLACEMENT_3D('',#9594,#9595,#9596);
#9594 = CARTESIAN_POINT('',(0.6,-0.625,1.25));
#9595 = DIRECTION('',(0.,0.,1.));
#9596 = DIRECTION('',(1.,0.,0.));
#9597 = ADVANCED_FACE('',(#9598),#9617,.T.);
#9598 = FACE_BOUND('',#9599,.T.);
#9599 = EDGE_LOOP('',(#9600,#9608,#9615,#9616));
#9600 = ORIENTED_EDGE('',*,*,#9601,.T.);
#9601 = EDGE_CURVE('',#9414,#9602,#9604,.T.);
#9602 = VERTEX_POINT('',#9603);
#9603 = CARTESIAN_POINT('',(1.,0.625,4.E-02));
#9604 = LINE('',#9605,#9606);
#9605 = CARTESIAN_POINT('',(0.6,0.625,4.E-02));
#9606 = VECTOR('',#9607,1.);
#9607 = DIRECTION('',(1.,0.,0.));
#9608 = ORIENTED_EDGE('',*,*,#9609,.T.);
#9609 = EDGE_CURVE('',#9602,#9556,#9610,.T.);
#9610 = CIRCLE('',#9611,4.E-02);
#9611 = AXIS2_PLACEMENT_3D('',#9612,#9613,#9614);
#9612 = CARTESIAN_POINT('',(1.,0.585,4.E-02));
#9613 = DIRECTION('',(-1.,0.,0.));
#9614 = DIRECTION('',(0.,0.,1.));
#9615 = ORIENTED_EDGE('',*,*,#9563,.F.);
#9616 = ORIENTED_EDGE('',*,*,#9413,.F.);
#9617 = CYLINDRICAL_SURFACE('',#9618,4.E-02);
#9618 = AXIS2_PLACEMENT_3D('',#9619,#9620,#9621);
#9619 = CARTESIAN_POINT('',(0.6,0.585,4.E-02));
#9620 = DIRECTION('',(1.,0.,0.));
#9621 = DIRECTION('',(0.,1.,0.));
#9622 = ADVANCED_FACE('',(#9623),#9642,.T.);
#9623 = FACE_BOUND('',#9624,.T.);
#9624 = EDGE_LOOP('',(#9625,#9626,#9627,#9636));
#9625 = ORIENTED_EDGE('',*,*,#9430,.T.);
#9626 = ORIENTED_EDGE('',*,*,#9587,.T.);
#9627 = ORIENTED_EDGE('',*,*,#9628,.F.);
#9628 = EDGE_CURVE('',#9629,#9580,#9631,.T.);
#9629 = VERTEX_POINT('',#9630);
#9630 = CARTESIAN_POINT('',(1.,0.625,1.21));
#9631 = CIRCLE('',#9632,4.E-02);
#9632 = AXIS2_PLACEMENT_3D('',#9633,#9634,#9635);
#9633 = CARTESIAN_POINT('',(1.,0.585,1.21));
#9634 = DIRECTION('',(1.,0.,-0.));
#9635 = DIRECTION('',(0.,0.,1.));
#9636 = ORIENTED_EDGE('',*,*,#9637,.F.);
#9637 = EDGE_CURVE('',#9423,#9629,#9638,.T.);
#9638 = LINE('',#9639,#9640);
#9639 = CARTESIAN_POINT('',(0.6,0.625,1.21));
#9640 = VECTOR('',#9641,1.);
#9641 = DIRECTION('',(1.,0.,0.));
#9642 = CYLINDRICAL_SURFACE('',#9643,4.E-02);
#9643 = AXIS2_PLACEMENT_3D('',#9644,#9645,#9646);
#9644 = CARTESIAN_POINT('',(0.6,0.585,1.21));
#9645 = DIRECTION('',(1.,0.,0.));
#9646 = DIRECTION('',(0.,1.,0.));
#9647 = ADVANCED_FACE('',(#9648),#9659,.T.);
#9648 = FACE_BOUND('',#9649,.T.);
#9649 = EDGE_LOOP('',(#9650,#9656,#9657,#9658));
#9650 = ORIENTED_EDGE('',*,*,#9651,.F.);
#9651 = EDGE_CURVE('',#9602,#9629,#9652,.T.);
#9652 = LINE('',#9653,#9654);
#9653 = CARTESIAN_POINT('',(1.,0.625,0.));
#9654 = VECTOR('',#9655,1.);
#9655 = DIRECTION('',(0.,0.,1.));
#9656 = ORIENTED_EDGE('',*,*,#9601,.F.);
#9657 = ORIENTED_EDGE('',*,*,#9422,.T.);
#9658 = ORIENTED_EDGE('',*,*,#9637,.T.);
#9659 = PLANE('',#9660);
#9660 = AXIS2_PLACEMENT_3D('',#9661,#9662,#9663);
#9661 = CARTESIAN_POINT('',(0.6,0.625,0.));
#9662 = DIRECTION('',(0.,1.,0.));
#9663 = DIRECTION('',(0.,0.,1.));
#9664 = ADVANCED_FACE('',(#9665),#9675,.T.);
#9665 = FACE_BOUND('',#9666,.T.);
#9666 = EDGE_LOOP('',(#9667,#9668,#9669,#9670,#9671,#9672,#9673,#9674));
#9667 = ORIENTED_EDGE('',*,*,#9472,.F.);
#9668 = ORIENTED_EDGE('',*,*,#9512,.T.);
#9669 = ORIENTED_EDGE('',*,*,#9555,.T.);
#9670 = ORIENTED_EDGE('',*,*,#9609,.F.);
#9671 = ORIENTED_EDGE('',*,*,#9651,.T.);
#9672 = ORIENTED_EDGE('',*,*,#9628,.T.);
#9673 = ORIENTED_EDGE('',*,*,#9579,.F.);
#9674 = ORIENTED_EDGE('',*,*,#9529,.F.);
#9675 = PLANE('',#9676);
#9676 = AXIS2_PLACEMENT_3D('',#9677,#9678,#9679);
#9677 = CARTESIAN_POINT('',(1.,-0.625,0.));
#9678 = DIRECTION('',(1.,0.,0.));
#9679 = DIRECTION('',(0.,0.,1.));
#9680 = ( GEOMETRIC_REPRESENTATION_CONTEXT(3) 
GLOBAL_UNCERTAINTY_ASSIGNED_CONTEXT((#9684)) 
GLOBAL_UNIT_ASSIGNED_CONTEXT((#9681,#9682,#9683)) REPRESENTATION_CONTEXT
('Context #1','3D Context with UNIT and UNCERTAINTY') );
#9681 = ( LENGTH_UNIT() NAMED_UNIT(*) SI_UNIT(.MILLI.,.METRE.) );
#9682 = ( NAMED_UNIT(*) PLANE_ANGLE_UNIT() SI_UNIT($,.RADIAN.) );
#9683 = ( NAMED_UNIT(*) SI_UNIT($,.STERADIAN.) SOLID_ANGLE_UNIT() );
#9684 = UNCERTAINTY_MEASURE_WITH_UNIT(LENGTH_MEASURE(1.E-07),#9681,
  'distance_accuracy_value','confusion accuracy');
#9685 = SHAPE_DEFINITION_REPRESENTATION(#9686,#8825);
#9686 = PRODUCT_DEFINITION_SHAPE('','',#9687);
#9687 = PRODUCT_DEFINITION('design','',#9688,#9691);
#9688 = PRODUCT_DEFINITION_FORMATION('','',#9689);
#9689 = PRODUCT('C1_C_0805_2012Metric_fe19b4bf46a4',
  'C1_C_0805_2012Metric_fe19b4bf46a4','',(#9690));
#9690 = PRODUCT_CONTEXT('',#2,'mechanical');
#9691 = PRODUCT_DEFINITION_CONTEXT('part definition',#2,'design');
#9692 = CONTEXT_DEPENDENT_SHAPE_REPRESENTATION(#9693,#9695);
#9693 = ( REPRESENTATION_RELATIONSHIP('','',#8825,#7948) 
REPRESENTATION_RELATIONSHIP_WITH_TRANSFORMATION(#9694) 
SHAPE_REPRESENTATION_RELATIONSHIP() );
#9694 = ITEM_DEFINED_TRANSFORMATION('','',#11,#7977);
#9695 = PRODUCT_DEFINITION_SHAPE('Placement','Placement of an item',
  #9696);
#9696 = NEXT_ASSEMBLY_USAGE_OCCURRENCE('26',
  'C1_C_0805_2012Metric_fe19b4bf46a4','',#7943,#9687,$);
#9697 = PRODUCT_RELATED_PRODUCT_CATEGORY('part',$,(#9689));
#9698 = CONTEXT_DEPENDENT_SHAPE_REPRESENTATION(#9699,#9701);
#9699 = ( REPRESENTATION_RELATIONSHIP('','',#7948,#476) 
REPRESENTATION_RELATIONSHIP_WITH_TRANSFORMATION(#9700) 
SHAPE_REPRESENTATION_RELATIONSHIP() );
#9700 = ITEM_DEFINED_TRANSFORMATION('','',#11,#481);
#9701 = PRODUCT_DEFINITION_SHAPE('Placement','Placement of an item',
  #9702);
#9702 = NEXT_ASSEMBLY_USAGE_OCCURRENCE('27','Bot_8295','',#471,#7943,$);
#9703 = PRODUCT_RELATED_PRODUCT_CATEGORY('part',$,(#7945));
#9704 = CONTEXT_DEPENDENT_SHAPE_REPRESENTATION(#9705,#9707);
#9705 = ( REPRESENTATION_RELATIONSHIP('','',#476,#10) 
REPRESENTATION_RELATIONSHIP_WITH_TRANSFORMATION(#9706) 
SHAPE_REPRESENTATION_RELATIONSHIP() );
#9706 = ITEM_DEFINED_TRANSFORMATION('','',#11,#19);
#9707 = PRODUCT_DEFINITION_SHAPE('Placement','Placement of an item',
  #9708);
#9708 = NEXT_ASSEMBLY_USAGE_OCCURRENCE('28','Step_Models_8295','',#5,
  #471,$);
#9709 = PRODUCT_RELATED_PRODUCT_CATEGORY('part',$,(#473));
#9710 = MECHANICAL_DESIGN_GEOMETRIC_PRESENTATION_REPRESENTATION('',(
    #9711,#9722,#9730,#9737,#9744,#9751,#9758,#9765,#9772,#9779,#9786,
    #9793,#9801,#9808,#9815,#9822,#9829,#9836,#9843,#9850,#9857,#9864,
    #9871,#9878,#9885,#9892,#9899,#9906,#9913),#9680);
#9711 = STYLED_ITEM('color',(#9712),#8826);
#9712 = PRESENTATION_STYLE_ASSIGNMENT((#9713,#9719));
#9713 = SURFACE_STYLE_USAGE(.BOTH.,#9714);
#9714 = SURFACE_SIDE_STYLE('',(#9715));
#9715 = SURFACE_STYLE_FILL_AREA(#9716);
#9716 = FILL_AREA_STYLE('',(#9717));
#9717 = FILL_AREA_STYLE_COLOUR('',#9718);
#9718 = COLOUR_RGB('',0.906331759313,0.906331759313,0.906331759313);
#9719 = CURVE_STYLE('',#9720,POSITIVE_LENGTH_MEASURE(0.1),#9721);
#9720 = DRAUGHTING_PRE_DEFINED_CURVE_FONT('continuous');
#9721 = COLOUR_RGB('',0.345868924627,0.345868924627,0.345868924627);
#9722 = OVER_RIDING_STYLED_ITEM('overriding color',(#9723),#8828,#9711);
#9723 = PRESENTATION_STYLE_ASSIGNMENT((#9724));
#9724 = SURFACE_STYLE_USAGE(.BOTH.,#9725);
#9725 = SURFACE_SIDE_STYLE('',(#9726));
#9726 = SURFACE_STYLE_FILL_AREA(#9727);
#9727 = FILL_AREA_STYLE('',(#9728));
#9728 = FILL_AREA_STYLE_COLOUR('',#9729);
#9729 = COLOUR_RGB('',0.823999987314,0.819999987296,0.781000009244);
#9730 = OVER_RIDING_STYLED_ITEM('overriding color',(#9731),#8904,#9711);
#9731 = PRESENTATION_STYLE_ASSIGNMENT((#9732));
#9732 = SURFACE_STYLE_USAGE(.BOTH.,#9733);
#9733 = SURFACE_SIDE_STYLE('',(#9734));
#9734 = SURFACE_STYLE_FILL_AREA(#9735);
#9735 = FILL_AREA_STYLE('',(#9736));
#9736 = FILL_AREA_STYLE_COLOUR('',#9729);
#9737 = OVER_RIDING_STYLED_ITEM('overriding color',(#9738),#8935,#9711);
#9738 = PRESENTATION_STYLE_ASSIGNMENT((#9739));
#9739 = SURFACE_STYLE_USAGE(.BOTH.,#9740);
#9740 = SURFACE_SIDE_STYLE('',(#9741));
#9741 = SURFACE_STYLE_FILL_AREA(#9742);
#9742 = FILL_AREA_STYLE('',(#9743));
#9743 = FILL_AREA_STYLE_COLOUR('',#9729);
#9744 = OVER_RIDING_STYLED_ITEM('overriding color',(#9745),#8960,#9711);
#9745 = PRESENTATION_STYLE_ASSIGNMENT((#9746));
#9746 = SURFACE_STYLE_USAGE(.BOTH.,#9747);
#9747 = SURFACE_SIDE_STYLE('',(#9748));
#9748 = SURFACE_STYLE_FILL_AREA(#9749);
#9749 = FILL_AREA_STYLE('',(#9750));
#9750 = FILL_AREA_STYLE_COLOUR('',#9729);
#9751 = OVER_RIDING_STYLED_ITEM('overriding color',(#9752),#8985,#9711);
#9752 = PRESENTATION_STYLE_ASSIGNMENT((#9753));
#9753 = SURFACE_STYLE_USAGE(.BOTH.,#9754);
#9754 = SURFACE_SIDE_STYLE('',(#9755));
#9755 = SURFACE_STYLE_FILL_AREA(#9756);
#9756 = FILL_AREA_STYLE('',(#9757));
#9757 = FILL_AREA_STYLE_COLOUR('',#9729);
#9758 = OVER_RIDING_STYLED_ITEM('overriding color',(#9759),#9009,#9711);
#9759 = PRESENTATION_STYLE_ASSIGNMENT((#9760));
#9760 = SURFACE_STYLE_USAGE(.BOTH.,#9761);
#9761 = SURFACE_SIDE_STYLE('',(#9762));
#9762 = SURFACE_STYLE_FILL_AREA(#9763);
#9763 = FILL_AREA_STYLE('',(#9764));
#9764 = FILL_AREA_STYLE_COLOUR('',#9729);
#9765 = OVER_RIDING_STYLED_ITEM('overriding color',(#9766),#9033,#9711);
#9766 = PRESENTATION_STYLE_ASSIGNMENT((#9767));
#9767 = SURFACE_STYLE_USAGE(.BOTH.,#9768);
#9768 = SURFACE_SIDE_STYLE('',(#9769));
#9769 = SURFACE_STYLE_FILL_AREA(#9770);
#9770 = FILL_AREA_STYLE('',(#9771));
#9771 = FILL_AREA_STYLE_COLOUR('',#9729);
#9772 = OVER_RIDING_STYLED_ITEM('overriding color',(#9773),#9058,#9711);
#9773 = PRESENTATION_STYLE_ASSIGNMENT((#9774));
#9774 = SURFACE_STYLE_USAGE(.BOTH.,#9775);
#9775 = SURFACE_SIDE_STYLE('',(#9776));
#9776 = SURFACE_STYLE_FILL_AREA(#9777);
#9777 = FILL_AREA_STYLE('',(#9778));
#9778 = FILL_AREA_STYLE_COLOUR('',#9729);
#9779 = OVER_RIDING_STYLED_ITEM('overriding color',(#9780),#9083,#9711);
#9780 = PRESENTATION_STYLE_ASSIGNMENT((#9781));
#9781 = SURFACE_STYLE_USAGE(.BOTH.,#9782);
#9782 = SURFACE_SIDE_STYLE('',(#9783));
#9783 = SURFACE_STYLE_FILL_AREA(#9784);
#9784 = FILL_AREA_STYLE('',(#9785));
#9785 = FILL_AREA_STYLE_COLOUR('',#9729);
#9786 = OVER_RIDING_STYLED_ITEM('overriding color',(#9787),#9100,#9711);
#9787 = PRESENTATION_STYLE_ASSIGNMENT((#9788));
#9788 = SURFACE_STYLE_USAGE(.BOTH.,#9789);
#9789 = SURFACE_SIDE_STYLE('',(#9790));
#9790 = SURFACE_STYLE_FILL_AREA(#9791);
#9791 = FILL_AREA_STYLE('',(#9792));
#9792 = FILL_AREA_STYLE_COLOUR('',#9729);
#9793 = OVER_RIDING_STYLED_ITEM('overriding color',(#9794),#9186,#9711);
#9794 = PRESENTATION_STYLE_ASSIGNMENT((#9795));
#9795 = SURFACE_STYLE_USAGE(.BOTH.,#9796);
#9796 = SURFACE_SIDE_STYLE('',(#9797));
#9797 = SURFACE_STYLE_FILL_AREA(#9798);
#9798 = FILL_AREA_STYLE('',(#9799));
#9799 = FILL_AREA_STYLE_COLOUR('',#9800);
#9800 = COLOUR_RGB('',0.379000005575,0.270000008848,0.214999999939);
#9801 = OVER_RIDING_STYLED_ITEM('overriding color',(#9802),#9218,#9711);
#9802 = PRESENTATION_STYLE_ASSIGNMENT((#9803));
#9803 = SURFACE_STYLE_USAGE(.BOTH.,#9804);
#9804 = SURFACE_SIDE_STYLE('',(#9805));
#9805 = SURFACE_STYLE_FILL_AREA(#9806);
#9806 = FILL_AREA_STYLE('',(#9807));
#9807 = FILL_AREA_STYLE_COLOUR('',#9800);
#9808 = OVER_RIDING_STYLED_ITEM('overriding color',(#9809),#9242,#9711);
#9809 = PRESENTATION_STYLE_ASSIGNMENT((#9810));
#9810 = SURFACE_STYLE_USAGE(.BOTH.,#9811);
#9811 = SURFACE_SIDE_STYLE('',(#9812));
#9812 = SURFACE_STYLE_FILL_AREA(#9813);
#9813 = FILL_AREA_STYLE('',(#9814));
#9814 = FILL_AREA_STYLE_COLOUR('',#9800);
#9815 = OVER_RIDING_STYLED_ITEM('overriding color',(#9816),#9267,#9711);
#9816 = PRESENTATION_STYLE_ASSIGNMENT((#9817));
#9817 = SURFACE_STYLE_USAGE(.BOTH.,#9818);
#9818 = SURFACE_SIDE_STYLE('',(#9819));
#9819 = SURFACE_STYLE_FILL_AREA(#9820);
#9820 = FILL_AREA_STYLE('',(#9821));
#9821 = FILL_AREA_STYLE_COLOUR('',#9800);
#9822 = OVER_RIDING_STYLED_ITEM('overriding color',(#9823),#9291,#9711);
#9823 = PRESENTATION_STYLE_ASSIGNMENT((#9824));
#9824 = SURFACE_STYLE_USAGE(.BOTH.,#9825);
#9825 = SURFACE_SIDE_STYLE('',(#9826));
#9826 = SURFACE_STYLE_FILL_AREA(#9827);
#9827 = FILL_AREA_STYLE('',(#9828));
#9828 = FILL_AREA_STYLE_COLOUR('',#9800);
#9829 = OVER_RIDING_STYLED_ITEM('overriding color',(#9830),#9316,#9711);
#9830 = PRESENTATION_STYLE_ASSIGNMENT((#9831));
#9831 = SURFACE_STYLE_USAGE(.BOTH.,#9832);
#9832 = SURFACE_SIDE_STYLE('',(#9833));
#9833 = SURFACE_STYLE_FILL_AREA(#9834);
#9834 = FILL_AREA_STYLE('',(#9835));
#9835 = FILL_AREA_STYLE_COLOUR('',#9800);
#9836 = OVER_RIDING_STYLED_ITEM('overriding color',(#9837),#9340,#9711);
#9837 = PRESENTATION_STYLE_ASSIGNMENT((#9838));
#9838 = SURFACE_STYLE_USAGE(.BOTH.,#9839);
#9839 = SURFACE_SIDE_STYLE('',(#9840));
#9840 = SURFACE_STYLE_FILL_AREA(#9841);
#9841 = FILL_AREA_STYLE('',(#9842));
#9842 = FILL_AREA_STYLE_COLOUR('',#9800);
#9843 = OVER_RIDING_STYLED_ITEM('overriding color',(#9844),#9365,#9711);
#9844 = PRESENTATION_STYLE_ASSIGNMENT((#9845));
#9845 = SURFACE_STYLE_USAGE(.BOTH.,#9846);
#9846 = SURFACE_SIDE_STYLE('',(#9847));
#9847 = SURFACE_STYLE_FILL_AREA(#9848);
#9848 = FILL_AREA_STYLE('',(#9849));
#9849 = FILL_AREA_STYLE_COLOUR('',#9800);
#9850 = OVER_RIDING_STYLED_ITEM('overriding color',(#9851),#9382,#9711);
#9851 = PRESENTATION_STYLE_ASSIGNMENT((#9852));
#9852 = SURFACE_STYLE_USAGE(.BOTH.,#9853);
#9853 = SURFACE_SIDE_STYLE('',(#9854));
#9854 = SURFACE_STYLE_FILL_AREA(#9855);
#9855 = FILL_AREA_STYLE('',(#9856));
#9856 = FILL_AREA_STYLE_COLOUR('',#9729);
#9857 = OVER_RIDING_STYLED_ITEM('overriding color',(#9858),#9468,#9711);
#9858 = PRESENTATION_STYLE_ASSIGNMENT((#9859));
#9859 = SURFACE_STYLE_USAGE(.BOTH.,#9860);
#9860 = SURFACE_SIDE_STYLE('',(#9861));
#9861 = SURFACE_STYLE_FILL_AREA(#9862);
#9862 = FILL_AREA_STYLE('',(#9863));
#9863 = FILL_AREA_STYLE_COLOUR('',#9729);
#9864 = OVER_RIDING_STYLED_ITEM('overriding color',(#9865),#9499,#9711);
#9865 = PRESENTATION_STYLE_ASSIGNMENT((#9866));
#9866 = SURFACE_STYLE_USAGE(.BOTH.,#9867);
#9867 = SURFACE_SIDE_STYLE('',(#9868));
#9868 = SURFACE_STYLE_FILL_AREA(#9869);
#9869 = FILL_AREA_STYLE('',(#9870));
#9870 = FILL_AREA_STYLE_COLOUR('',#9729);
#9871 = OVER_RIDING_STYLED_ITEM('overriding color',(#9872),#9524,#9711);
#9872 = PRESENTATION_STYLE_ASSIGNMENT((#9873));
#9873 = SURFACE_STYLE_USAGE(.BOTH.,#9874);
#9874 = SURFACE_SIDE_STYLE('',(#9875));
#9875 = SURFACE_STYLE_FILL_AREA(#9876);
#9876 = FILL_AREA_STYLE('',(#9877));
#9877 = FILL_AREA_STYLE_COLOUR('',#9729);
#9878 = OVER_RIDING_STYLED_ITEM('overriding color',(#9879),#9549,#9711);
#9879 = PRESENTATION_STYLE_ASSIGNMENT((#9880));
#9880 = SURFACE_STYLE_USAGE(.BOTH.,#9881);
#9881 = SURFACE_SIDE_STYLE('',(#9882));
#9882 = SURFACE_STYLE_FILL_AREA(#9883);
#9883 = FILL_AREA_STYLE('',(#9884));
#9884 = FILL_AREA_STYLE_COLOUR('',#9729);
#9885 = OVER_RIDING_STYLED_ITEM('overriding color',(#9886),#9573,#9711);
#9886 = PRESENTATION_STYLE_ASSIGNMENT((#9887));
#9887 = SURFACE_STYLE_USAGE(.BOTH.,#9888);
#9888 = SURFACE_SIDE_STYLE('',(#9889));
#9889 = SURFACE_STYLE_FILL_AREA(#9890);
#9890 = FILL_AREA_STYLE('',(#9891));
#9891 = FILL_AREA_STYLE_COLOUR('',#9729);
#9892 = OVER_RIDING_STYLED_ITEM('overriding color',(#9893),#9597,#9711);
#9893 = PRESENTATION_STYLE_ASSIGNMENT((#9894));
#9894 = SURFACE_STYLE_USAGE(.BOTH.,#9895);
#9895 = SURFACE_SIDE_STYLE('',(#9896));
#9896 = SURFACE_STYLE_FILL_AREA(#9897);
#9897 = FILL_AREA_STYLE('',(#9898));
#9898 = FILL_AREA_STYLE_COLOUR('',#9729);
#9899 = OVER_RIDING_STYLED_ITEM('overriding color',(#9900),#9622,#9711);
#9900 = PRESENTATION_STYLE_ASSIGNMENT((#9901));
#9901 = SURFACE_STYLE_USAGE(.BOTH.,#9902);
#9902 = SURFACE_SIDE_STYLE('',(#9903));
#9903 = SURFACE_STYLE_FILL_AREA(#9904);
#9904 = FILL_AREA_STYLE('',(#9905));
#9905 = FILL_AREA_STYLE_COLOUR('',#9729);
#9906 = OVER_RIDING_STYLED_ITEM('overriding color',(#9907),#9647,#9711);
#9907 = PRESENTATION_STYLE_ASSIGNMENT((#9908));
#9908 = SURFACE_STYLE_USAGE(.BOTH.,#9909);
#9909 = SURFACE_SIDE_STYLE('',(#9910));
#9910 = SURFACE_STYLE_FILL_AREA(#9911);
#9911 = FILL_AREA_STYLE('',(#9912));
#9912 = FILL_AREA_STYLE_COLOUR('',#9729);
#9913 = OVER_RIDING_STYLED_ITEM('overriding color',(#9914),#9664,#9711);
#9914 = PRESENTATION_STYLE_ASSIGNMENT((#9915));
#9915 = SURFACE_STYLE_USAGE(.BOTH.,#9916);
#9916 = SURFACE_SIDE_STYLE('',(#9917));
#9917 = SURFACE_STYLE_FILL_AREA(#9918);
#9918 = FILL_AREA_STYLE('',(#9919));
#9919 = FILL_AREA_STYLE_COLOUR('',#9729);
#9920 = MECHANICAL_DESIGN_GEOMETRIC_PRESENTATION_REPRESENTATION('',(
    #9921),#445);
#9921 = STYLED_ITEM('color',(#9922),#47);
#9922 = PRESENTATION_STYLE_ASSIGNMENT((#9923,#9929));
#9923 = SURFACE_STYLE_USAGE(.BOTH.,#9924);
#9924 = SURFACE_SIDE_STYLE('',(#9925));
#9925 = SURFACE_STYLE_FILL_AREA(#9926);
#9926 = FILL_AREA_STYLE('',(#9927));
#9927 = FILL_AREA_STYLE_COLOUR('',#9928);
#9928 = COLOUR_RGB('',0.484529207832,0.79773774715,0.665185089102);
#9929 = CURVE_STYLE('',#9930,POSITIVE_LENGTH_MEASURE(0.1),#9721);
#9930 = DRAUGHTING_PRE_DEFINED_CURVE_FONT('continuous');
#9931 = MECHANICAL_DESIGN_GEOMETRIC_PRESENTATION_REPRESENTATION('',(
    #9932,#9941,#9949,#9956,#9963,#9970,#9977,#9985,#9992,#9999,#10006,
    #10013,#10020,#10027,#10034,#10041,#10048,#10055,#10062,#10069,
    #10076,#10083,#10090,#10097,#10104,#10111,#10118,#10125,#10132,
    #10139,#10146,#10153,#10160,#10167,#10174,#10181,#10188,#10195,
    #10202,#10209,#10216,#10223,#10230,#10237,#10244,#10251,#10258,
    #10265,#10272,#10279,#10286,#10293,#10300,#10307,#10314,#10321,
    #10328,#10335,#10342,#10349,#10356,#10363,#10370,#10377,#10384,
    #10391,#10398,#10405,#10412,#10419,#10426,#10433,#10440,#10447,
    #10454,#10461,#10468,#10475,#10482,#10489,#10496,#10503,#10510,
    #10517,#10524,#10531,#10538,#10545,#10552,#10559,#10566,#10573,
    #10580,#10587,#10594,#10601,#10608,#10615,#10622,#10629,#10636,
    #10643,#10650,#10657,#10664,#10671,#10678,#10685,#10692,#10699,
    #10706,#10713,#10720,#10727,#10734,#10741,#10748,#10755,#10762,
    #10769,#10776,#10783,#10790,#10797,#10804,#10811,#10818,#10825,
    #10832,#10839,#10846,#10853,#10860,#10867,#10874,#10881,#10888,
    #10895,#10902,#10909,#10916,#10923,#10930,#10937,#10944,#10951,
    #10958,#10965,#10972,#10979,#10986,#10994,#11001,#11008,#11015,
    #11022,#11029,#11036,#11043,#11050,#11057,#11064,#11071,#11078,
    #11085,#11092,#11099,#11106,#11113,#11120,#11127,#11134,#11141,
    #11148,#11155,#11162,#11169,#11176,#11183,#11190,#11197,#11204,
    #11211,#11218,#11225,#11232,#11239,#11246,#11253,#11260,#11267,
    #11274,#11281,#11288,#11295,#11302,#11309,#11316,#11323,#11330,
    #11337,#11344,#11351,#11358,#11365,#11372,#11379,#11386,#11393,
    #11400,#11407,#11414,#11421,#11428,#11435,#11442,#11449,#11456,
    #11463,#11470,#11477,#11484,#11491,#11498,#11505,#11512,#11519,
    #11526,#11533,#11540,#11547,#11554,#11561,#11568,#11575,#11582,
    #11589,#11596,#11603,#11610,#11617,#11624,#11631,#11638,#11645,
    #11652,#11659),#7917);
#9932 = STYLED_ITEM('color',(#9933),#508);
#9933 = PRESENTATION_STYLE_ASSIGNMENT((#9934,#9939));
#9934 = SURFACE_STYLE_USAGE(.BOTH.,#9935);
#9935 = SURFACE_SIDE_STYLE('',(#9936));
#9936 = SURFACE_STYLE_FILL_AREA(#9937);
#9937 = FILL_AREA_STYLE('',(#9938));
#9938 = FILL_AREA_STYLE_COLOUR('',#9718);
#9939 = CURVE_STYLE('',#9940,POSITIVE_LENGTH_MEASURE(0.1),#9721);
#9940 = DRAUGHTING_PRE_DEFINED_CURVE_FONT('continuous');
#9941 = OVER_RIDING_STYLED_ITEM('overriding color',(#9942),#510,#9932);
#9942 = PRESENTATION_STYLE_ASSIGNMENT((#9943));
#9943 = SURFACE_STYLE_USAGE(.BOTH.,#9944);
#9944 = SURFACE_SIDE_STYLE('',(#9945));
#9945 = SURFACE_STYLE_FILL_AREA(#9946);
#9946 = FILL_AREA_STYLE('',(#9947));
#9947 = FILL_AREA_STYLE_COLOUR('',#9948);
#9948 = COLOUR_RGB('',0.823529417451,0.819607860991,0.780392170416);
#9949 = OVER_RIDING_STYLED_ITEM('overriding color',(#9950),#552,#9932);
#9950 = PRESENTATION_STYLE_ASSIGNMENT((#9951));
#9951 = SURFACE_STYLE_USAGE(.BOTH.,#9952);
#9952 = SURFACE_SIDE_STYLE('',(#9953));
#9953 = SURFACE_STYLE_FILL_AREA(#9954);
#9954 = FILL_AREA_STYLE('',(#9955));
#9955 = FILL_AREA_STYLE_COLOUR('',#9948);
#9956 = OVER_RIDING_STYLED_ITEM('overriding color',(#9957),#583,#9932);
#9957 = PRESENTATION_STYLE_ASSIGNMENT((#9958));
#9958 = SURFACE_STYLE_USAGE(.BOTH.,#9959);
#9959 = SURFACE_SIDE_STYLE('',(#9960));
#9960 = SURFACE_STYLE_FILL_AREA(#9961);
#9961 = FILL_AREA_STYLE('',(#9962));
#9962 = FILL_AREA_STYLE_COLOUR('',#9948);
#9963 = OVER_RIDING_STYLED_ITEM('overriding color',(#9964),#614,#9932);
#9964 = PRESENTATION_STYLE_ASSIGNMENT((#9965));
#9965 = SURFACE_STYLE_USAGE(.BOTH.,#9966);
#9966 = SURFACE_SIDE_STYLE('',(#9967));
#9967 = SURFACE_STYLE_FILL_AREA(#9968);
#9968 = FILL_AREA_STYLE('',(#9969));
#9969 = FILL_AREA_STYLE_COLOUR('',#9948);
#9970 = OVER_RIDING_STYLED_ITEM('overriding color',(#9971),#698,#9932);
#9971 = PRESENTATION_STYLE_ASSIGNMENT((#9972));
#9972 = SURFACE_STYLE_USAGE(.BOTH.,#9973);
#9973 = SURFACE_SIDE_STYLE('',(#9974));
#9974 = SURFACE_STYLE_FILL_AREA(#9975);
#9975 = FILL_AREA_STYLE('',(#9976));
#9976 = FILL_AREA_STYLE_COLOUR('',#9948);
#9977 = OVER_RIDING_STYLED_ITEM('overriding color',(#9978),#782,#9932);
#9978 = PRESENTATION_STYLE_ASSIGNMENT((#9979));
#9979 = SURFACE_STYLE_USAGE(.BOTH.,#9980);
#9980 = SURFACE_SIDE_STYLE('',(#9981));
#9981 = SURFACE_STYLE_FILL_AREA(#9982);
#9982 = FILL_AREA_STYLE('',(#9983));
#9983 = FILL_AREA_STYLE_COLOUR('',#9984);
#9984 = COLOUR_RGB('',0.145098047169,0.14117647753,0.14117647753);
#9985 = OVER_RIDING_STYLED_ITEM('overriding color',(#9986),#923,#9932);
#9986 = PRESENTATION_STYLE_ASSIGNMENT((#9987));
#9987 = SURFACE_STYLE_USAGE(.BOTH.,#9988);
#9988 = SURFACE_SIDE_STYLE('',(#9989));
#9989 = SURFACE_STYLE_FILL_AREA(#9990);
#9990 = FILL_AREA_STYLE('',(#9991));
#9991 = FILL_AREA_STYLE_COLOUR('',#9948);
#9992 = OVER_RIDING_STYLED_ITEM('overriding color',(#9993),#940,#9932);
#9993 = PRESENTATION_STYLE_ASSIGNMENT((#9994));
#9994 = SURFACE_STYLE_USAGE(.BOTH.,#9995);
#9995 = SURFACE_SIDE_STYLE('',(#9996));
#9996 = SURFACE_STYLE_FILL_AREA(#9997);
#9997 = FILL_AREA_STYLE('',(#9998));
#9998 = FILL_AREA_STYLE_COLOUR('',#9984);
#9999 = OVER_RIDING_STYLED_ITEM('overriding color',(#10000),#963,#9932);
#10000 = PRESENTATION_STYLE_ASSIGNMENT((#10001));
#10001 = SURFACE_STYLE_USAGE(.BOTH.,#10002);
#10002 = SURFACE_SIDE_STYLE('',(#10003));
#10003 = SURFACE_STYLE_FILL_AREA(#10004);
#10004 = FILL_AREA_STYLE('',(#10005));
#10005 = FILL_AREA_STYLE_COLOUR('',#9948);
#10006 = OVER_RIDING_STYLED_ITEM('overriding color',(#10007),#1001,#9932
  );
#10007 = PRESENTATION_STYLE_ASSIGNMENT((#10008));
#10008 = SURFACE_STYLE_USAGE(.BOTH.,#10009);
#10009 = SURFACE_SIDE_STYLE('',(#10010));
#10010 = SURFACE_STYLE_FILL_AREA(#10011);
#10011 = FILL_AREA_STYLE('',(#10012));
#10012 = FILL_AREA_STYLE_COLOUR('',#9948);
#10013 = OVER_RIDING_STYLED_ITEM('overriding color',(#10014),#1018,#9932
  );
#10014 = PRESENTATION_STYLE_ASSIGNMENT((#10015));
#10015 = SURFACE_STYLE_USAGE(.BOTH.,#10016);
#10016 = SURFACE_SIDE_STYLE('',(#10017));
#10017 = SURFACE_STYLE_FILL_AREA(#10018);
#10018 = FILL_AREA_STYLE('',(#10019));
#10019 = FILL_AREA_STYLE_COLOUR('',#9948);
#10020 = OVER_RIDING_STYLED_ITEM('overriding color',(#10021),#1035,#9932
  );
#10021 = PRESENTATION_STYLE_ASSIGNMENT((#10022));
#10022 = SURFACE_STYLE_USAGE(.BOTH.,#10023);
#10023 = SURFACE_SIDE_STYLE('',(#10024));
#10024 = SURFACE_STYLE_FILL_AREA(#10025);
#10025 = FILL_AREA_STYLE('',(#10026));
#10026 = FILL_AREA_STYLE_COLOUR('',#9948);
#10027 = OVER_RIDING_STYLED_ITEM('overriding color',(#10028),#1052,#9932
  );
#10028 = PRESENTATION_STYLE_ASSIGNMENT((#10029));
#10029 = SURFACE_STYLE_USAGE(.BOTH.,#10030);
#10030 = SURFACE_SIDE_STYLE('',(#10031));
#10031 = SURFACE_STYLE_FILL_AREA(#10032);
#10032 = FILL_AREA_STYLE('',(#10033));
#10033 = FILL_AREA_STYLE_COLOUR('',#9948);
#10034 = OVER_RIDING_STYLED_ITEM('overriding color',(#10035),#1069,#9932
  );
#10035 = PRESENTATION_STYLE_ASSIGNMENT((#10036));
#10036 = SURFACE_STYLE_USAGE(.BOTH.,#10037);
#10037 = SURFACE_SIDE_STYLE('',(#10038));
#10038 = SURFACE_STYLE_FILL_AREA(#10039);
#10039 = FILL_AREA_STYLE('',(#10040));
#10040 = FILL_AREA_STYLE_COLOUR('',#9948);
#10041 = OVER_RIDING_STYLED_ITEM('overriding color',(#10042),#1086,#9932
  );
#10042 = PRESENTATION_STYLE_ASSIGNMENT((#10043));
#10043 = SURFACE_STYLE_USAGE(.BOTH.,#10044);
#10044 = SURFACE_SIDE_STYLE('',(#10045));
#10045 = SURFACE_STYLE_FILL_AREA(#10046);
#10046 = FILL_AREA_STYLE('',(#10047));
#10047 = FILL_AREA_STYLE_COLOUR('',#9948);
#10048 = OVER_RIDING_STYLED_ITEM('overriding color',(#10049),#1098,#9932
  );
#10049 = PRESENTATION_STYLE_ASSIGNMENT((#10050));
#10050 = SURFACE_STYLE_USAGE(.BOTH.,#10051);
#10051 = SURFACE_SIDE_STYLE('',(#10052));
#10052 = SURFACE_STYLE_FILL_AREA(#10053);
#10053 = FILL_AREA_STYLE('',(#10054));
#10054 = FILL_AREA_STYLE_COLOUR('',#9984);
#10055 = OVER_RIDING_STYLED_ITEM('overriding color',(#10056),#1122,#9932
  );
#10056 = PRESENTATION_STYLE_ASSIGNMENT((#10057));
#10057 = SURFACE_STYLE_USAGE(.BOTH.,#10058);
#10058 = SURFACE_SIDE_STYLE('',(#10059));
#10059 = SURFACE_STYLE_FILL_AREA(#10060);
#10060 = FILL_AREA_STYLE('',(#10061));
#10061 = FILL_AREA_STYLE_COLOUR('',#9984);
#10062 = OVER_RIDING_STYLED_ITEM('overriding color',(#10063),#1185,#9932
  );
#10063 = PRESENTATION_STYLE_ASSIGNMENT((#10064));
#10064 = SURFACE_STYLE_USAGE(.BOTH.,#10065);
#10065 = SURFACE_SIDE_STYLE('',(#10066));
#10066 = SURFACE_STYLE_FILL_AREA(#10067);
#10067 = FILL_AREA_STYLE('',(#10068));
#10068 = FILL_AREA_STYLE_COLOUR('',#9984);
#10069 = OVER_RIDING_STYLED_ITEM('overriding color',(#10070),#1208,#9932
  );
#10070 = PRESENTATION_STYLE_ASSIGNMENT((#10071));
#10071 = SURFACE_STYLE_USAGE(.BOTH.,#10072);
#10072 = SURFACE_SIDE_STYLE('',(#10073));
#10073 = SURFACE_STYLE_FILL_AREA(#10074);
#10074 = FILL_AREA_STYLE('',(#10075));
#10075 = FILL_AREA_STYLE_COLOUR('',#9984);
#10076 = OVER_RIDING_STYLED_ITEM('overriding color',(#10077),#1231,#9932
  );
#10077 = PRESENTATION_STYLE_ASSIGNMENT((#10078));
#10078 = SURFACE_STYLE_USAGE(.BOTH.,#10079);
#10079 = SURFACE_SIDE_STYLE('',(#10080));
#10080 = SURFACE_STYLE_FILL_AREA(#10081);
#10081 = FILL_AREA_STYLE('',(#10082));
#10082 = FILL_AREA_STYLE_COLOUR('',#9984);
#10083 = OVER_RIDING_STYLED_ITEM('overriding color',(#10084),#1261,#9932
  );
#10084 = PRESENTATION_STYLE_ASSIGNMENT((#10085));
#10085 = SURFACE_STYLE_USAGE(.BOTH.,#10086);
#10086 = SURFACE_SIDE_STYLE('',(#10087));
#10087 = SURFACE_STYLE_FILL_AREA(#10088);
#10088 = FILL_AREA_STYLE('',(#10089));
#10089 = FILL_AREA_STYLE_COLOUR('',#9948);
#10090 = OVER_RIDING_STYLED_ITEM('overriding color',(#10091),#1292,#9932
  );
#10091 = PRESENTATION_STYLE_ASSIGNMENT((#10092));
#10092 = SURFACE_STYLE_USAGE(.BOTH.,#10093);
#10093 = SURFACE_SIDE_STYLE('',(#10094));
#10094 = SURFACE_STYLE_FILL_AREA(#10095);
#10095 = FILL_AREA_STYLE('',(#10096));
#10096 = FILL_AREA_STYLE_COLOUR('',#9984);
#10097 = OVER_RIDING_STYLED_ITEM('overriding color',(#10098),#1323,#9932
  );
#10098 = PRESENTATION_STYLE_ASSIGNMENT((#10099));
#10099 = SURFACE_STYLE_USAGE(.BOTH.,#10100);
#10100 = SURFACE_SIDE_STYLE('',(#10101));
#10101 = SURFACE_STYLE_FILL_AREA(#10102);
#10102 = FILL_AREA_STYLE('',(#10103));
#10103 = FILL_AREA_STYLE_COLOUR('',#9948);
#10104 = OVER_RIDING_STYLED_ITEM('overriding color',(#10105),#1354,#9932
  );
#10105 = PRESENTATION_STYLE_ASSIGNMENT((#10106));
#10106 = SURFACE_STYLE_USAGE(.BOTH.,#10107);
#10107 = SURFACE_SIDE_STYLE('',(#10108));
#10108 = SURFACE_STYLE_FILL_AREA(#10109);
#10109 = FILL_AREA_STYLE('',(#10110));
#10110 = FILL_AREA_STYLE_COLOUR('',#9948);
#10111 = OVER_RIDING_STYLED_ITEM('overriding color',(#10112),#1385,#9932
  );
#10112 = PRESENTATION_STYLE_ASSIGNMENT((#10113));
#10113 = SURFACE_STYLE_USAGE(.BOTH.,#10114);
#10114 = SURFACE_SIDE_STYLE('',(#10115));
#10115 = SURFACE_STYLE_FILL_AREA(#10116);
#10116 = FILL_AREA_STYLE('',(#10117));
#10117 = FILL_AREA_STYLE_COLOUR('',#9984);
#10118 = OVER_RIDING_STYLED_ITEM('overriding color',(#10119),#1416,#9932
  );
#10119 = PRESENTATION_STYLE_ASSIGNMENT((#10120));
#10120 = SURFACE_STYLE_USAGE(.BOTH.,#10121);
#10121 = SURFACE_SIDE_STYLE('',(#10122));
#10122 = SURFACE_STYLE_FILL_AREA(#10123);
#10123 = FILL_AREA_STYLE('',(#10124));
#10124 = FILL_AREA_STYLE_COLOUR('',#9984);
#10125 = OVER_RIDING_STYLED_ITEM('overriding color',(#10126),#1447,#9932
  );
#10126 = PRESENTATION_STYLE_ASSIGNMENT((#10127));
#10127 = SURFACE_STYLE_USAGE(.BOTH.,#10128);
#10128 = SURFACE_SIDE_STYLE('',(#10129));
#10129 = SURFACE_STYLE_FILL_AREA(#10130);
#10130 = FILL_AREA_STYLE('',(#10131));
#10131 = FILL_AREA_STYLE_COLOUR('',#9948);
#10132 = OVER_RIDING_STYLED_ITEM('overriding color',(#10133),#1478,#9932
  );
#10133 = PRESENTATION_STYLE_ASSIGNMENT((#10134));
#10134 = SURFACE_STYLE_USAGE(.BOTH.,#10135);
#10135 = SURFACE_SIDE_STYLE('',(#10136));
#10136 = SURFACE_STYLE_FILL_AREA(#10137);
#10137 = FILL_AREA_STYLE('',(#10138));
#10138 = FILL_AREA_STYLE_COLOUR('',#9948);
#10139 = OVER_RIDING_STYLED_ITEM('overriding color',(#10140),#1509,#9932
  );
#10140 = PRESENTATION_STYLE_ASSIGNMENT((#10141));
#10141 = SURFACE_STYLE_USAGE(.BOTH.,#10142);
#10142 = SURFACE_SIDE_STYLE('',(#10143));
#10143 = SURFACE_STYLE_FILL_AREA(#10144);
#10144 = FILL_AREA_STYLE('',(#10145));
#10145 = FILL_AREA_STYLE_COLOUR('',#9984);
#10146 = OVER_RIDING_STYLED_ITEM('overriding color',(#10147),#1540,#9932
  );
#10147 = PRESENTATION_STYLE_ASSIGNMENT((#10148));
#10148 = SURFACE_STYLE_USAGE(.BOTH.,#10149);
#10149 = SURFACE_SIDE_STYLE('',(#10150));
#10150 = SURFACE_STYLE_FILL_AREA(#10151);
#10151 = FILL_AREA_STYLE('',(#10152));
#10152 = FILL_AREA_STYLE_COLOUR('',#9984);
#10153 = OVER_RIDING_STYLED_ITEM('overriding color',(#10154),#1571,#9932
  );
#10154 = PRESENTATION_STYLE_ASSIGNMENT((#10155));
#10155 = SURFACE_STYLE_USAGE(.BOTH.,#10156);
#10156 = SURFACE_SIDE_STYLE('',(#10157));
#10157 = SURFACE_STYLE_FILL_AREA(#10158);
#10158 = FILL_AREA_STYLE('',(#10159));
#10159 = FILL_AREA_STYLE_COLOUR('',#9948);
#10160 = OVER_RIDING_STYLED_ITEM('overriding color',(#10161),#1602,#9932
  );
#10161 = PRESENTATION_STYLE_ASSIGNMENT((#10162));
#10162 = SURFACE_STYLE_USAGE(.BOTH.,#10163);
#10163 = SURFACE_SIDE_STYLE('',(#10164));
#10164 = SURFACE_STYLE_FILL_AREA(#10165);
#10165 = FILL_AREA_STYLE('',(#10166));
#10166 = FILL_AREA_STYLE_COLOUR('',#9984);
#10167 = OVER_RIDING_STYLED_ITEM('overriding color',(#10168),#1625,#9932
  );
#10168 = PRESENTATION_STYLE_ASSIGNMENT((#10169));
#10169 = SURFACE_STYLE_USAGE(.BOTH.,#10170);
#10170 = SURFACE_SIDE_STYLE('',(#10171));
#10171 = SURFACE_STYLE_FILL_AREA(#10172);
#10172 = FILL_AREA_STYLE('',(#10173));
#10173 = FILL_AREA_STYLE_COLOUR('',#9984);
#10174 = OVER_RIDING_STYLED_ITEM('overriding color',(#10175),#1648,#9932
  );
#10175 = PRESENTATION_STYLE_ASSIGNMENT((#10176));
#10176 = SURFACE_STYLE_USAGE(.BOTH.,#10177);
#10177 = SURFACE_SIDE_STYLE('',(#10178));
#10178 = SURFACE_STYLE_FILL_AREA(#10179);
#10179 = FILL_AREA_STYLE('',(#10180));
#10180 = FILL_AREA_STYLE_COLOUR('',#9984);
#10181 = OVER_RIDING_STYLED_ITEM('overriding color',(#10182),#1782,#9932
  );
#10182 = PRESENTATION_STYLE_ASSIGNMENT((#10183));
#10183 = SURFACE_STYLE_USAGE(.BOTH.,#10184);
#10184 = SURFACE_SIDE_STYLE('',(#10185));
#10185 = SURFACE_STYLE_FILL_AREA(#10186);
#10186 = FILL_AREA_STYLE('',(#10187));
#10187 = FILL_AREA_STYLE_COLOUR('',#9984);
#10188 = OVER_RIDING_STYLED_ITEM('overriding color',(#10189),#1799,#9932
  );
#10189 = PRESENTATION_STYLE_ASSIGNMENT((#10190));
#10190 = SURFACE_STYLE_USAGE(.BOTH.,#10191);
#10191 = SURFACE_SIDE_STYLE('',(#10192));
#10192 = SURFACE_STYLE_FILL_AREA(#10193);
#10193 = FILL_AREA_STYLE('',(#10194));
#10194 = FILL_AREA_STYLE_COLOUR('',#9948);
#10195 = OVER_RIDING_STYLED_ITEM('overriding color',(#10196),#1891,#9932
  );
#10196 = PRESENTATION_STYLE_ASSIGNMENT((#10197));
#10197 = SURFACE_STYLE_USAGE(.BOTH.,#10198);
#10198 = SURFACE_SIDE_STYLE('',(#10199));
#10199 = SURFACE_STYLE_FILL_AREA(#10200);
#10200 = FILL_AREA_STYLE('',(#10201));
#10201 = FILL_AREA_STYLE_COLOUR('',#9984);
#10202 = OVER_RIDING_STYLED_ITEM('overriding color',(#10203),#1914,#9932
  );
#10203 = PRESENTATION_STYLE_ASSIGNMENT((#10204));
#10204 = SURFACE_STYLE_USAGE(.BOTH.,#10205);
#10205 = SURFACE_SIDE_STYLE('',(#10206));
#10206 = SURFACE_STYLE_FILL_AREA(#10207);
#10207 = FILL_AREA_STYLE('',(#10208));
#10208 = FILL_AREA_STYLE_COLOUR('',#9984);
#10209 = OVER_RIDING_STYLED_ITEM('overriding color',(#10210),#1937,#9932
  );
#10210 = PRESENTATION_STYLE_ASSIGNMENT((#10211));
#10211 = SURFACE_STYLE_USAGE(.BOTH.,#10212);
#10212 = SURFACE_SIDE_STYLE('',(#10213));
#10213 = SURFACE_STYLE_FILL_AREA(#10214);
#10214 = FILL_AREA_STYLE('',(#10215));
#10215 = FILL_AREA_STYLE_COLOUR('',#9984);
#10216 = OVER_RIDING_STYLED_ITEM('overriding color',(#10217),#1960,#9932
  );
#10217 = PRESENTATION_STYLE_ASSIGNMENT((#10218));
#10218 = SURFACE_STYLE_USAGE(.BOTH.,#10219);
#10219 = SURFACE_SIDE_STYLE('',(#10220));
#10220 = SURFACE_STYLE_FILL_AREA(#10221);
#10221 = FILL_AREA_STYLE('',(#10222));
#10222 = FILL_AREA_STYLE_COLOUR('',#9984);
#10223 = OVER_RIDING_STYLED_ITEM('overriding color',(#10224),#2095,#9932
  );
#10224 = PRESENTATION_STYLE_ASSIGNMENT((#10225));
#10225 = SURFACE_STYLE_USAGE(.BOTH.,#10226);
#10226 = SURFACE_SIDE_STYLE('',(#10227));
#10227 = SURFACE_STYLE_FILL_AREA(#10228);
#10228 = FILL_AREA_STYLE('',(#10229));
#10229 = FILL_AREA_STYLE_COLOUR('',#9984);
#10230 = OVER_RIDING_STYLED_ITEM('overriding color',(#10231),#2112,#9932
  );
#10231 = PRESENTATION_STYLE_ASSIGNMENT((#10232));
#10232 = SURFACE_STYLE_USAGE(.BOTH.,#10233);
#10233 = SURFACE_SIDE_STYLE('',(#10234));
#10234 = SURFACE_STYLE_FILL_AREA(#10235);
#10235 = FILL_AREA_STYLE('',(#10236));
#10236 = FILL_AREA_STYLE_COLOUR('',#9984);
#10237 = OVER_RIDING_STYLED_ITEM('overriding color',(#10238),#2135,#9932
  );
#10238 = PRESENTATION_STYLE_ASSIGNMENT((#10239));
#10239 = SURFACE_STYLE_USAGE(.BOTH.,#10240);
#10240 = SURFACE_SIDE_STYLE('',(#10241));
#10241 = SURFACE_STYLE_FILL_AREA(#10242);
#10242 = FILL_AREA_STYLE('',(#10243));
#10243 = FILL_AREA_STYLE_COLOUR('',#9948);
#10244 = OVER_RIDING_STYLED_ITEM('overriding color',(#10245),#2227,#9932
  );
#10245 = PRESENTATION_STYLE_ASSIGNMENT((#10246));
#10246 = SURFACE_STYLE_USAGE(.BOTH.,#10247);
#10247 = SURFACE_SIDE_STYLE('',(#10248));
#10248 = SURFACE_STYLE_FILL_AREA(#10249);
#10249 = FILL_AREA_STYLE('',(#10250));
#10250 = FILL_AREA_STYLE_COLOUR('',#9984);
#10251 = OVER_RIDING_STYLED_ITEM('overriding color',(#10252),#2248,#9932
  );
#10252 = PRESENTATION_STYLE_ASSIGNMENT((#10253));
#10253 = SURFACE_STYLE_USAGE(.BOTH.,#10254);
#10254 = SURFACE_SIDE_STYLE('',(#10255));
#10255 = SURFACE_STYLE_FILL_AREA(#10256);
#10256 = FILL_AREA_STYLE('',(#10257));
#10257 = FILL_AREA_STYLE_COLOUR('',#9948);
#10258 = OVER_RIDING_STYLED_ITEM('overriding color',(#10259),#2340,#9932
  );
#10259 = PRESENTATION_STYLE_ASSIGNMENT((#10260));
#10260 = SURFACE_STYLE_USAGE(.BOTH.,#10261);
#10261 = SURFACE_SIDE_STYLE('',(#10262));
#10262 = SURFACE_STYLE_FILL_AREA(#10263);
#10263 = FILL_AREA_STYLE('',(#10264));
#10264 = FILL_AREA_STYLE_COLOUR('',#9948);
#10265 = OVER_RIDING_STYLED_ITEM('overriding color',(#10266),#2357,#9932
  );
#10266 = PRESENTATION_STYLE_ASSIGNMENT((#10267));
#10267 = SURFACE_STYLE_USAGE(.BOTH.,#10268);
#10268 = SURFACE_SIDE_STYLE('',(#10269));
#10269 = SURFACE_STYLE_FILL_AREA(#10270);
#10270 = FILL_AREA_STYLE('',(#10271));
#10271 = FILL_AREA_STYLE_COLOUR('',#9948);
#10272 = OVER_RIDING_STYLED_ITEM('overriding color',(#10273),#2449,#9932
  );
#10273 = PRESENTATION_STYLE_ASSIGNMENT((#10274));
#10274 = SURFACE_STYLE_USAGE(.BOTH.,#10275);
#10275 = SURFACE_SIDE_STYLE('',(#10276));
#10276 = SURFACE_STYLE_FILL_AREA(#10277);
#10277 = FILL_AREA_STYLE('',(#10278));
#10278 = FILL_AREA_STYLE_COLOUR('',#9984);
#10279 = OVER_RIDING_STYLED_ITEM('overriding color',(#10280),#2471,#9932
  );
#10280 = PRESENTATION_STYLE_ASSIGNMENT((#10281));
#10281 = SURFACE_STYLE_USAGE(.BOTH.,#10282);
#10282 = SURFACE_SIDE_STYLE('',(#10283));
#10283 = SURFACE_STYLE_FILL_AREA(#10284);
#10284 = FILL_AREA_STYLE('',(#10285));
#10285 = FILL_AREA_STYLE_COLOUR('',#9948);
#10286 = OVER_RIDING_STYLED_ITEM('overriding color',(#10287),#2496,#9932
  );
#10287 = PRESENTATION_STYLE_ASSIGNMENT((#10288));
#10288 = SURFACE_STYLE_USAGE(.BOTH.,#10289);
#10289 = SURFACE_SIDE_STYLE('',(#10290));
#10290 = SURFACE_STYLE_FILL_AREA(#10291);
#10291 = FILL_AREA_STYLE('',(#10292));
#10292 = FILL_AREA_STYLE_COLOUR('',#9948);
#10293 = OVER_RIDING_STYLED_ITEM('overriding color',(#10294),#2580,#9932
  );
#10294 = PRESENTATION_STYLE_ASSIGNMENT((#10295));
#10295 = SURFACE_STYLE_USAGE(.BOTH.,#10296);
#10296 = SURFACE_SIDE_STYLE('',(#10297));
#10297 = SURFACE_STYLE_FILL_AREA(#10298);
#10298 = FILL_AREA_STYLE('',(#10299));
#10299 = FILL_AREA_STYLE_COLOUR('',#9948);
#10300 = OVER_RIDING_STYLED_ITEM('overriding color',(#10301),#2672,#9932
  );
#10301 = PRESENTATION_STYLE_ASSIGNMENT((#10302));
#10302 = SURFACE_STYLE_USAGE(.BOTH.,#10303);
#10303 = SURFACE_SIDE_STYLE('',(#10304));
#10304 = SURFACE_STYLE_FILL_AREA(#10305);
#10305 = FILL_AREA_STYLE('',(#10306));
#10306 = FILL_AREA_STYLE_COLOUR('',#9948);
#10307 = OVER_RIDING_STYLED_ITEM('overriding color',(#10308),#2689,#9932
  );
#10308 = PRESENTATION_STYLE_ASSIGNMENT((#10309));
#10309 = SURFACE_STYLE_USAGE(.BOTH.,#10310);
#10310 = SURFACE_SIDE_STYLE('',(#10311));
#10311 = SURFACE_STYLE_FILL_AREA(#10312);
#10312 = FILL_AREA_STYLE('',(#10313));
#10313 = FILL_AREA_STYLE_COLOUR('',#9984);
#10314 = OVER_RIDING_STYLED_ITEM('overriding color',(#10315),#2711,#9932
  );
#10315 = PRESENTATION_STYLE_ASSIGNMENT((#10316));
#10316 = SURFACE_STYLE_USAGE(.BOTH.,#10317);
#10317 = SURFACE_SIDE_STYLE('',(#10318));
#10318 = SURFACE_STYLE_FILL_AREA(#10319);
#10319 = FILL_AREA_STYLE('',(#10320));
#10320 = FILL_AREA_STYLE_COLOUR('',#9948);
#10321 = OVER_RIDING_STYLED_ITEM('overriding color',(#10322),#2803,#9932
  );
#10322 = PRESENTATION_STYLE_ASSIGNMENT((#10323));
#10323 = SURFACE_STYLE_USAGE(.BOTH.,#10324);
#10324 = SURFACE_SIDE_STYLE('',(#10325));
#10325 = SURFACE_STYLE_FILL_AREA(#10326);
#10326 = FILL_AREA_STYLE('',(#10327));
#10327 = FILL_AREA_STYLE_COLOUR('',#9948);
#10328 = OVER_RIDING_STYLED_ITEM('overriding color',(#10329),#2895,#9932
  );
#10329 = PRESENTATION_STYLE_ASSIGNMENT((#10330));
#10330 = SURFACE_STYLE_USAGE(.BOTH.,#10331);
#10331 = SURFACE_SIDE_STYLE('',(#10332));
#10332 = SURFACE_STYLE_FILL_AREA(#10333);
#10333 = FILL_AREA_STYLE('',(#10334));
#10334 = FILL_AREA_STYLE_COLOUR('',#9984);
#10335 = OVER_RIDING_STYLED_ITEM('overriding color',(#10336),#2917,#9932
  );
#10336 = PRESENTATION_STYLE_ASSIGNMENT((#10337));
#10337 = SURFACE_STYLE_USAGE(.BOTH.,#10338);
#10338 = SURFACE_SIDE_STYLE('',(#10339));
#10339 = SURFACE_STYLE_FILL_AREA(#10340);
#10340 = FILL_AREA_STYLE('',(#10341));
#10341 = FILL_AREA_STYLE_COLOUR('',#9948);
#10342 = OVER_RIDING_STYLED_ITEM('overriding color',(#10343),#2942,#9932
  );
#10343 = PRESENTATION_STYLE_ASSIGNMENT((#10344));
#10344 = SURFACE_STYLE_USAGE(.BOTH.,#10345);
#10345 = SURFACE_SIDE_STYLE('',(#10346));
#10346 = SURFACE_STYLE_FILL_AREA(#10347);
#10347 = FILL_AREA_STYLE('',(#10348));
#10348 = FILL_AREA_STYLE_COLOUR('',#9948);
#10349 = OVER_RIDING_STYLED_ITEM('overriding color',(#10350),#3026,#9932
  );
#10350 = PRESENTATION_STYLE_ASSIGNMENT((#10351));
#10351 = SURFACE_STYLE_USAGE(.BOTH.,#10352);
#10352 = SURFACE_SIDE_STYLE('',(#10353));
#10353 = SURFACE_STYLE_FILL_AREA(#10354);
#10354 = FILL_AREA_STYLE('',(#10355));
#10355 = FILL_AREA_STYLE_COLOUR('',#9948);
#10356 = OVER_RIDING_STYLED_ITEM('overriding color',(#10357),#3118,#9932
  );
#10357 = PRESENTATION_STYLE_ASSIGNMENT((#10358));
#10358 = SURFACE_STYLE_USAGE(.BOTH.,#10359);
#10359 = SURFACE_SIDE_STYLE('',(#10360));
#10360 = SURFACE_STYLE_FILL_AREA(#10361);
#10361 = FILL_AREA_STYLE('',(#10362));
#10362 = FILL_AREA_STYLE_COLOUR('',#9948);
#10363 = OVER_RIDING_STYLED_ITEM('overriding color',(#10364),#3135,#9932
  );
#10364 = PRESENTATION_STYLE_ASSIGNMENT((#10365));
#10365 = SURFACE_STYLE_USAGE(.BOTH.,#10366);
#10366 = SURFACE_SIDE_STYLE('',(#10367));
#10367 = SURFACE_STYLE_FILL_AREA(#10368);
#10368 = FILL_AREA_STYLE('',(#10369));
#10369 = FILL_AREA_STYLE_COLOUR('',#9984);
#10370 = OVER_RIDING_STYLED_ITEM('overriding color',(#10371),#3157,#9932
  );
#10371 = PRESENTATION_STYLE_ASSIGNMENT((#10372));
#10372 = SURFACE_STYLE_USAGE(.BOTH.,#10373);
#10373 = SURFACE_SIDE_STYLE('',(#10374));
#10374 = SURFACE_STYLE_FILL_AREA(#10375);
#10375 = FILL_AREA_STYLE('',(#10376));
#10376 = FILL_AREA_STYLE_COLOUR('',#9948);
#10377 = OVER_RIDING_STYLED_ITEM('overriding color',(#10378),#3249,#9932
  );
#10378 = PRESENTATION_STYLE_ASSIGNMENT((#10379));
#10379 = SURFACE_STYLE_USAGE(.BOTH.,#10380);
#10380 = SURFACE_SIDE_STYLE('',(#10381));
#10381 = SURFACE_STYLE_FILL_AREA(#10382);
#10382 = FILL_AREA_STYLE('',(#10383));
#10383 = FILL_AREA_STYLE_COLOUR('',#9948);
#10384 = OVER_RIDING_STYLED_ITEM('overriding color',(#10385),#3341,#9932
  );
#10385 = PRESENTATION_STYLE_ASSIGNMENT((#10386));
#10386 = SURFACE_STYLE_USAGE(.BOTH.,#10387);
#10387 = SURFACE_SIDE_STYLE('',(#10388));
#10388 = SURFACE_STYLE_FILL_AREA(#10389);
#10389 = FILL_AREA_STYLE('',(#10390));
#10390 = FILL_AREA_STYLE_COLOUR('',#9984);
#10391 = OVER_RIDING_STYLED_ITEM('overriding color',(#10392),#3363,#9932
  );
#10392 = PRESENTATION_STYLE_ASSIGNMENT((#10393));
#10393 = SURFACE_STYLE_USAGE(.BOTH.,#10394);
#10394 = SURFACE_SIDE_STYLE('',(#10395));
#10395 = SURFACE_STYLE_FILL_AREA(#10396);
#10396 = FILL_AREA_STYLE('',(#10397));
#10397 = FILL_AREA_STYLE_COLOUR('',#9948);
#10398 = OVER_RIDING_STYLED_ITEM('overriding color',(#10399),#3380,#9932
  );
#10399 = PRESENTATION_STYLE_ASSIGNMENT((#10400));
#10400 = SURFACE_STYLE_USAGE(.BOTH.,#10401);
#10401 = SURFACE_SIDE_STYLE('',(#10402));
#10402 = SURFACE_STYLE_FILL_AREA(#10403);
#10403 = FILL_AREA_STYLE('',(#10404));
#10404 = FILL_AREA_STYLE_COLOUR('',#9984);
#10405 = OVER_RIDING_STYLED_ITEM('overriding color',(#10406),#3403,#9932
  );
#10406 = PRESENTATION_STYLE_ASSIGNMENT((#10407));
#10407 = SURFACE_STYLE_USAGE(.BOTH.,#10408);
#10408 = SURFACE_SIDE_STYLE('',(#10409));
#10409 = SURFACE_STYLE_FILL_AREA(#10410);
#10410 = FILL_AREA_STYLE('',(#10411));
#10411 = FILL_AREA_STYLE_COLOUR('',#9984);
#10412 = OVER_RIDING_STYLED_ITEM('overriding color',(#10413),#3426,#9932
  );
#10413 = PRESENTATION_STYLE_ASSIGNMENT((#10414));
#10414 = SURFACE_STYLE_USAGE(.BOTH.,#10415);
#10415 = SURFACE_SIDE_STYLE('',(#10416));
#10416 = SURFACE_STYLE_FILL_AREA(#10417);
#10417 = FILL_AREA_STYLE('',(#10418));
#10418 = FILL_AREA_STYLE_COLOUR('',#9984);
#10419 = OVER_RIDING_STYLED_ITEM('overriding color',(#10420),#3449,#9932
  );
#10420 = PRESENTATION_STYLE_ASSIGNMENT((#10421));
#10421 = SURFACE_STYLE_USAGE(.BOTH.,#10422);
#10422 = SURFACE_SIDE_STYLE('',(#10423));
#10423 = SURFACE_STYLE_FILL_AREA(#10424);
#10424 = FILL_AREA_STYLE('',(#10425));
#10425 = FILL_AREA_STYLE_COLOUR('',#9984);
#10426 = OVER_RIDING_STYLED_ITEM('overriding color',(#10427),#3516,#9932
  );
#10427 = PRESENTATION_STYLE_ASSIGNMENT((#10428));
#10428 = SURFACE_STYLE_USAGE(.BOTH.,#10429);
#10429 = SURFACE_SIDE_STYLE('',(#10430));
#10430 = SURFACE_STYLE_FILL_AREA(#10431);
#10431 = FILL_AREA_STYLE('',(#10432));
#10432 = FILL_AREA_STYLE_COLOUR('',#9984);
#10433 = OVER_RIDING_STYLED_ITEM('overriding color',(#10434),#3539,#9932
  );
#10434 = PRESENTATION_STYLE_ASSIGNMENT((#10435));
#10435 = SURFACE_STYLE_USAGE(.BOTH.,#10436);
#10436 = SURFACE_SIDE_STYLE('',(#10437));
#10437 = SURFACE_STYLE_FILL_AREA(#10438);
#10438 = FILL_AREA_STYLE('',(#10439));
#10439 = FILL_AREA_STYLE_COLOUR('',#9948);
#10440 = OVER_RIDING_STYLED_ITEM('overriding color',(#10441),#3558,#9932
  );
#10441 = PRESENTATION_STYLE_ASSIGNMENT((#10442));
#10442 = SURFACE_STYLE_USAGE(.BOTH.,#10443);
#10443 = SURFACE_SIDE_STYLE('',(#10444));
#10444 = SURFACE_STYLE_FILL_AREA(#10445);
#10445 = FILL_AREA_STYLE('',(#10446));
#10446 = FILL_AREA_STYLE_COLOUR('',#9948);
#10447 = OVER_RIDING_STYLED_ITEM('overriding color',(#10448),#3577,#9932
  );
#10448 = PRESENTATION_STYLE_ASSIGNMENT((#10449));
#10449 = SURFACE_STYLE_USAGE(.BOTH.,#10450);
#10450 = SURFACE_SIDE_STYLE('',(#10451));
#10451 = SURFACE_STYLE_FILL_AREA(#10452);
#10452 = FILL_AREA_STYLE('',(#10453));
#10453 = FILL_AREA_STYLE_COLOUR('',#9948);
#10454 = OVER_RIDING_STYLED_ITEM('overriding color',(#10455),#3596,#9932
  );
#10455 = PRESENTATION_STYLE_ASSIGNMENT((#10456));
#10456 = SURFACE_STYLE_USAGE(.BOTH.,#10457);
#10457 = SURFACE_SIDE_STYLE('',(#10458));
#10458 = SURFACE_STYLE_FILL_AREA(#10459);
#10459 = FILL_AREA_STYLE('',(#10460));
#10460 = FILL_AREA_STYLE_COLOUR('',#9948);
#10461 = OVER_RIDING_STYLED_ITEM('overriding color',(#10462),#3615,#9932
  );
#10462 = PRESENTATION_STYLE_ASSIGNMENT((#10463));
#10463 = SURFACE_STYLE_USAGE(.BOTH.,#10464);
#10464 = SURFACE_SIDE_STYLE('',(#10465));
#10465 = SURFACE_STYLE_FILL_AREA(#10466);
#10466 = FILL_AREA_STYLE('',(#10467));
#10467 = FILL_AREA_STYLE_COLOUR('',#9948);
#10468 = OVER_RIDING_STYLED_ITEM('overriding color',(#10469),#3634,#9932
  );
#10469 = PRESENTATION_STYLE_ASSIGNMENT((#10470));
#10470 = SURFACE_STYLE_USAGE(.BOTH.,#10471);
#10471 = SURFACE_SIDE_STYLE('',(#10472));
#10472 = SURFACE_STYLE_FILL_AREA(#10473);
#10473 = FILL_AREA_STYLE('',(#10474));
#10474 = FILL_AREA_STYLE_COLOUR('',#9948);
#10475 = OVER_RIDING_STYLED_ITEM('overriding color',(#10476),#3653,#9932
  );
#10476 = PRESENTATION_STYLE_ASSIGNMENT((#10477));
#10477 = SURFACE_STYLE_USAGE(.BOTH.,#10478);
#10478 = SURFACE_SIDE_STYLE('',(#10479));
#10479 = SURFACE_STYLE_FILL_AREA(#10480);
#10480 = FILL_AREA_STYLE('',(#10481));
#10481 = FILL_AREA_STYLE_COLOUR('',#9948);
#10482 = OVER_RIDING_STYLED_ITEM('overriding color',(#10483),#3670,#9932
  );
#10483 = PRESENTATION_STYLE_ASSIGNMENT((#10484));
#10484 = SURFACE_STYLE_USAGE(.BOTH.,#10485);
#10485 = SURFACE_SIDE_STYLE('',(#10486));
#10486 = SURFACE_STYLE_FILL_AREA(#10487);
#10487 = FILL_AREA_STYLE('',(#10488));
#10488 = FILL_AREA_STYLE_COLOUR('',#9948);
#10489 = OVER_RIDING_STYLED_ITEM('overriding color',(#10490),#3687,#9932
  );
#10490 = PRESENTATION_STYLE_ASSIGNMENT((#10491));
#10491 = SURFACE_STYLE_USAGE(.BOTH.,#10492);
#10492 = SURFACE_SIDE_STYLE('',(#10493));
#10493 = SURFACE_STYLE_FILL_AREA(#10494);
#10494 = FILL_AREA_STYLE('',(#10495));
#10495 = FILL_AREA_STYLE_COLOUR('',#9948);
#10496 = OVER_RIDING_STYLED_ITEM('overriding color',(#10497),#3704,#9932
  );
#10497 = PRESENTATION_STYLE_ASSIGNMENT((#10498));
#10498 = SURFACE_STYLE_USAGE(.BOTH.,#10499);
#10499 = SURFACE_SIDE_STYLE('',(#10500));
#10500 = SURFACE_STYLE_FILL_AREA(#10501);
#10501 = FILL_AREA_STYLE('',(#10502));
#10502 = FILL_AREA_STYLE_COLOUR('',#9948);
#10503 = OVER_RIDING_STYLED_ITEM('overriding color',(#10504),#3721,#9932
  );
#10504 = PRESENTATION_STYLE_ASSIGNMENT((#10505));
#10505 = SURFACE_STYLE_USAGE(.BOTH.,#10506);
#10506 = SURFACE_SIDE_STYLE('',(#10507));
#10507 = SURFACE_STYLE_FILL_AREA(#10508);
#10508 = FILL_AREA_STYLE('',(#10509));
#10509 = FILL_AREA_STYLE_COLOUR('',#9948);
#10510 = OVER_RIDING_STYLED_ITEM('overriding color',(#10511),#3738,#9932
  );
#10511 = PRESENTATION_STYLE_ASSIGNMENT((#10512));
#10512 = SURFACE_STYLE_USAGE(.BOTH.,#10513);
#10513 = SURFACE_SIDE_STYLE('',(#10514));
#10514 = SURFACE_STYLE_FILL_AREA(#10515);
#10515 = FILL_AREA_STYLE('',(#10516));
#10516 = FILL_AREA_STYLE_COLOUR('',#9948);
#10517 = OVER_RIDING_STYLED_ITEM('overriding color',(#10518),#3755,#9932
  );
#10518 = PRESENTATION_STYLE_ASSIGNMENT((#10519));
#10519 = SURFACE_STYLE_USAGE(.BOTH.,#10520);
#10520 = SURFACE_SIDE_STYLE('',(#10521));
#10521 = SURFACE_STYLE_FILL_AREA(#10522);
#10522 = FILL_AREA_STYLE('',(#10523));
#10523 = FILL_AREA_STYLE_COLOUR('',#9948);
#10524 = OVER_RIDING_STYLED_ITEM('overriding color',(#10525),#3772,#9932
  );
#10525 = PRESENTATION_STYLE_ASSIGNMENT((#10526));
#10526 = SURFACE_STYLE_USAGE(.BOTH.,#10527);
#10527 = SURFACE_SIDE_STYLE('',(#10528));
#10528 = SURFACE_STYLE_FILL_AREA(#10529);
#10529 = FILL_AREA_STYLE('',(#10530));
#10530 = FILL_AREA_STYLE_COLOUR('',#9948);
#10531 = OVER_RIDING_STYLED_ITEM('overriding color',(#10532),#3784,#9932
  );
#10532 = PRESENTATION_STYLE_ASSIGNMENT((#10533));
#10533 = SURFACE_STYLE_USAGE(.BOTH.,#10534);
#10534 = SURFACE_SIDE_STYLE('',(#10535));
#10535 = SURFACE_STYLE_FILL_AREA(#10536);
#10536 = FILL_AREA_STYLE('',(#10537));
#10537 = FILL_AREA_STYLE_COLOUR('',#9984);
#10538 = OVER_RIDING_STYLED_ITEM('overriding color',(#10539),#3807,#9932
  );
#10539 = PRESENTATION_STYLE_ASSIGNMENT((#10540));
#10540 = SURFACE_STYLE_USAGE(.BOTH.,#10541);
#10541 = SURFACE_SIDE_STYLE('',(#10542));
#10542 = SURFACE_STYLE_FILL_AREA(#10543);
#10543 = FILL_AREA_STYLE('',(#10544));
#10544 = FILL_AREA_STYLE_COLOUR('',#9984);
#10545 = OVER_RIDING_STYLED_ITEM('overriding color',(#10546),#3830,#9932
  );
#10546 = PRESENTATION_STYLE_ASSIGNMENT((#10547));
#10547 = SURFACE_STYLE_USAGE(.BOTH.,#10548);
#10548 = SURFACE_SIDE_STYLE('',(#10549));
#10549 = SURFACE_STYLE_FILL_AREA(#10550);
#10550 = FILL_AREA_STYLE('',(#10551));
#10551 = FILL_AREA_STYLE_COLOUR('',#9984);
#10552 = OVER_RIDING_STYLED_ITEM('overriding color',(#10553),#3854,#9932
  );
#10553 = PRESENTATION_STYLE_ASSIGNMENT((#10554));
#10554 = SURFACE_STYLE_USAGE(.BOTH.,#10555);
#10555 = SURFACE_SIDE_STYLE('',(#10556));
#10556 = SURFACE_STYLE_FILL_AREA(#10557);
#10557 = FILL_AREA_STYLE('',(#10558));
#10558 = FILL_AREA_STYLE_COLOUR('',#9984);
#10559 = OVER_RIDING_STYLED_ITEM('overriding color',(#10560),#3884,#9932
  );
#10560 = PRESENTATION_STYLE_ASSIGNMENT((#10561));
#10561 = SURFACE_STYLE_USAGE(.BOTH.,#10562);
#10562 = SURFACE_SIDE_STYLE('',(#10563));
#10563 = SURFACE_STYLE_FILL_AREA(#10564);
#10564 = FILL_AREA_STYLE('',(#10565));
#10565 = FILL_AREA_STYLE_COLOUR('',#9948);
#10566 = OVER_RIDING_STYLED_ITEM('overriding color',(#10567),#3915,#9932
  );
#10567 = PRESENTATION_STYLE_ASSIGNMENT((#10568));
#10568 = SURFACE_STYLE_USAGE(.BOTH.,#10569);
#10569 = SURFACE_SIDE_STYLE('',(#10570));
#10570 = SURFACE_STYLE_FILL_AREA(#10571);
#10571 = FILL_AREA_STYLE('',(#10572));
#10572 = FILL_AREA_STYLE_COLOUR('',#9948);
#10573 = OVER_RIDING_STYLED_ITEM('overriding color',(#10574),#3946,#9932
  );
#10574 = PRESENTATION_STYLE_ASSIGNMENT((#10575));
#10575 = SURFACE_STYLE_USAGE(.BOTH.,#10576);
#10576 = SURFACE_SIDE_STYLE('',(#10577));
#10577 = SURFACE_STYLE_FILL_AREA(#10578);
#10578 = FILL_AREA_STYLE('',(#10579));
#10579 = FILL_AREA_STYLE_COLOUR('',#9984);
#10580 = OVER_RIDING_STYLED_ITEM('overriding color',(#10581),#3977,#9932
  );
#10581 = PRESENTATION_STYLE_ASSIGNMENT((#10582));
#10582 = SURFACE_STYLE_USAGE(.BOTH.,#10583);
#10583 = SURFACE_SIDE_STYLE('',(#10584));
#10584 = SURFACE_STYLE_FILL_AREA(#10585);
#10585 = FILL_AREA_STYLE('',(#10586));
#10586 = FILL_AREA_STYLE_COLOUR('',#9984);
#10587 = OVER_RIDING_STYLED_ITEM('overriding color',(#10588),#4008,#9932
  );
#10588 = PRESENTATION_STYLE_ASSIGNMENT((#10589));
#10589 = SURFACE_STYLE_USAGE(.BOTH.,#10590);
#10590 = SURFACE_SIDE_STYLE('',(#10591));
#10591 = SURFACE_STYLE_FILL_AREA(#10592);
#10592 = FILL_AREA_STYLE('',(#10593));
#10593 = FILL_AREA_STYLE_COLOUR('',#9948);
#10594 = OVER_RIDING_STYLED_ITEM('overriding color',(#10595),#4039,#9932
  );
#10595 = PRESENTATION_STYLE_ASSIGNMENT((#10596));
#10596 = SURFACE_STYLE_USAGE(.BOTH.,#10597);
#10597 = SURFACE_SIDE_STYLE('',(#10598));
#10598 = SURFACE_STYLE_FILL_AREA(#10599);
#10599 = FILL_AREA_STYLE('',(#10600));
#10600 = FILL_AREA_STYLE_COLOUR('',#9948);
#10601 = OVER_RIDING_STYLED_ITEM('overriding color',(#10602),#4070,#9932
  );
#10602 = PRESENTATION_STYLE_ASSIGNMENT((#10603));
#10603 = SURFACE_STYLE_USAGE(.BOTH.,#10604);
#10604 = SURFACE_SIDE_STYLE('',(#10605));
#10605 = SURFACE_STYLE_FILL_AREA(#10606);
#10606 = FILL_AREA_STYLE('',(#10607));
#10607 = FILL_AREA_STYLE_COLOUR('',#9984);
#10608 = OVER_RIDING_STYLED_ITEM('overriding color',(#10609),#4101,#9932
  );
#10609 = PRESENTATION_STYLE_ASSIGNMENT((#10610));
#10610 = SURFACE_STYLE_USAGE(.BOTH.,#10611);
#10611 = SURFACE_SIDE_STYLE('',(#10612));
#10612 = SURFACE_STYLE_FILL_AREA(#10613);
#10613 = FILL_AREA_STYLE('',(#10614));
#10614 = FILL_AREA_STYLE_COLOUR('',#9984);
#10615 = OVER_RIDING_STYLED_ITEM('overriding color',(#10616),#4132,#9932
  );
#10616 = PRESENTATION_STYLE_ASSIGNMENT((#10617));
#10617 = SURFACE_STYLE_USAGE(.BOTH.,#10618);
#10618 = SURFACE_SIDE_STYLE('',(#10619));
#10619 = SURFACE_STYLE_FILL_AREA(#10620);
#10620 = FILL_AREA_STYLE('',(#10621));
#10621 = FILL_AREA_STYLE_COLOUR('',#9948);
#10622 = OVER_RIDING_STYLED_ITEM('overriding color',(#10623),#4163,#9932
  );
#10623 = PRESENTATION_STYLE_ASSIGNMENT((#10624));
#10624 = SURFACE_STYLE_USAGE(.BOTH.,#10625);
#10625 = SURFACE_SIDE_STYLE('',(#10626));
#10626 = SURFACE_STYLE_FILL_AREA(#10627);
#10627 = FILL_AREA_STYLE('',(#10628));
#10628 = FILL_AREA_STYLE_COLOUR('',#9948);
#10629 = OVER_RIDING_STYLED_ITEM('overriding color',(#10630),#4194,#9932
  );
#10630 = PRESENTATION_STYLE_ASSIGNMENT((#10631));
#10631 = SURFACE_STYLE_USAGE(.BOTH.,#10632);
#10632 = SURFACE_SIDE_STYLE('',(#10633));
#10633 = SURFACE_STYLE_FILL_AREA(#10634);
#10634 = FILL_AREA_STYLE('',(#10635));
#10635 = FILL_AREA_STYLE_COLOUR('',#9984);
#10636 = OVER_RIDING_STYLED_ITEM('overriding color',(#10637),#4225,#9932
  );
#10637 = PRESENTATION_STYLE_ASSIGNMENT((#10638));
#10638 = SURFACE_STYLE_USAGE(.BOTH.,#10639);
#10639 = SURFACE_SIDE_STYLE('',(#10640));
#10640 = SURFACE_STYLE_FILL_AREA(#10641);
#10641 = FILL_AREA_STYLE('',(#10642));
#10642 = FILL_AREA_STYLE_COLOUR('',#9984);
#10643 = OVER_RIDING_STYLED_ITEM('overriding color',(#10644),#4256,#9932
  );
#10644 = PRESENTATION_STYLE_ASSIGNMENT((#10645));
#10645 = SURFACE_STYLE_USAGE(.BOTH.,#10646);
#10646 = SURFACE_SIDE_STYLE('',(#10647));
#10647 = SURFACE_STYLE_FILL_AREA(#10648);
#10648 = FILL_AREA_STYLE('',(#10649));
#10649 = FILL_AREA_STYLE_COLOUR('',#9948);
#10650 = OVER_RIDING_STYLED_ITEM('overriding color',(#10651),#4287,#9932
  );
#10651 = PRESENTATION_STYLE_ASSIGNMENT((#10652));
#10652 = SURFACE_STYLE_USAGE(.BOTH.,#10653);
#10653 = SURFACE_SIDE_STYLE('',(#10654));
#10654 = SURFACE_STYLE_FILL_AREA(#10655);
#10655 = FILL_AREA_STYLE('',(#10656));
#10656 = FILL_AREA_STYLE_COLOUR('',#9984);
#10657 = OVER_RIDING_STYLED_ITEM('overriding color',(#10658),#4304,#9932
  );
#10658 = PRESENTATION_STYLE_ASSIGNMENT((#10659));
#10659 = SURFACE_STYLE_USAGE(.BOTH.,#10660);
#10660 = SURFACE_SIDE_STYLE('',(#10661));
#10661 = SURFACE_STYLE_FILL_AREA(#10662);
#10662 = FILL_AREA_STYLE('',(#10663));
#10663 = FILL_AREA_STYLE_COLOUR('',#9984);
#10664 = OVER_RIDING_STYLED_ITEM('overriding color',(#10665),#4320,#9932
  );
#10665 = PRESENTATION_STYLE_ASSIGNMENT((#10666));
#10666 = SURFACE_STYLE_USAGE(.BOTH.,#10667);
#10667 = SURFACE_SIDE_STYLE('',(#10668));
#10668 = SURFACE_STYLE_FILL_AREA(#10669);
#10669 = FILL_AREA_STYLE('',(#10670));
#10670 = FILL_AREA_STYLE_COLOUR('',#9948);
#10671 = OVER_RIDING_STYLED_ITEM('overriding color',(#10672),#4337,#9932
  );
#10672 = PRESENTATION_STYLE_ASSIGNMENT((#10673));
#10673 = SURFACE_STYLE_USAGE(.BOTH.,#10674);
#10674 = SURFACE_SIDE_STYLE('',(#10675));
#10675 = SURFACE_STYLE_FILL_AREA(#10676);
#10676 = FILL_AREA_STYLE('',(#10677));
#10677 = FILL_AREA_STYLE_COLOUR('',#9948);
#10678 = OVER_RIDING_STYLED_ITEM('overriding color',(#10679),#4354,#9932
  );
#10679 = PRESENTATION_STYLE_ASSIGNMENT((#10680));
#10680 = SURFACE_STYLE_USAGE(.BOTH.,#10681);
#10681 = SURFACE_SIDE_STYLE('',(#10682));
#10682 = SURFACE_STYLE_FILL_AREA(#10683);
#10683 = FILL_AREA_STYLE('',(#10684));
#10684 = FILL_AREA_STYLE_COLOUR('',#9948);
#10685 = OVER_RIDING_STYLED_ITEM('overriding color',(#10686),#4371,#9932
  );
#10686 = PRESENTATION_STYLE_ASSIGNMENT((#10687));
#10687 = SURFACE_STYLE_USAGE(.BOTH.,#10688);
#10688 = SURFACE_SIDE_STYLE('',(#10689));
#10689 = SURFACE_STYLE_FILL_AREA(#10690);
#10690 = FILL_AREA_STYLE('',(#10691));
#10691 = FILL_AREA_STYLE_COLOUR('',#9948);
#10692 = OVER_RIDING_STYLED_ITEM('overriding color',(#10693),#4388,#9932
  );
#10693 = PRESENTATION_STYLE_ASSIGNMENT((#10694));
#10694 = SURFACE_STYLE_USAGE(.BOTH.,#10695);
#10695 = SURFACE_SIDE_STYLE('',(#10696));
#10696 = SURFACE_STYLE_FILL_AREA(#10697);
#10697 = FILL_AREA_STYLE('',(#10698));
#10698 = FILL_AREA_STYLE_COLOUR('',#9948);
#10699 = OVER_RIDING_STYLED_ITEM('overriding color',(#10700),#4405,#9932
  );
#10700 = PRESENTATION_STYLE_ASSIGNMENT((#10701));
#10701 = SURFACE_STYLE_USAGE(.BOTH.,#10702);
#10702 = SURFACE_SIDE_STYLE('',(#10703));
#10703 = SURFACE_STYLE_FILL_AREA(#10704);
#10704 = FILL_AREA_STYLE('',(#10705));
#10705 = FILL_AREA_STYLE_COLOUR('',#9948);
#10706 = OVER_RIDING_STYLED_ITEM('overriding color',(#10707),#4422,#9932
  );
#10707 = PRESENTATION_STYLE_ASSIGNMENT((#10708));
#10708 = SURFACE_STYLE_USAGE(.BOTH.,#10709);
#10709 = SURFACE_SIDE_STYLE('',(#10710));
#10710 = SURFACE_STYLE_FILL_AREA(#10711);
#10711 = FILL_AREA_STYLE('',(#10712));
#10712 = FILL_AREA_STYLE_COLOUR('',#9948);
#10713 = OVER_RIDING_STYLED_ITEM('overriding color',(#10714),#4439,#9932
  );
#10714 = PRESENTATION_STYLE_ASSIGNMENT((#10715));
#10715 = SURFACE_STYLE_USAGE(.BOTH.,#10716);
#10716 = SURFACE_SIDE_STYLE('',(#10717));
#10717 = SURFACE_STYLE_FILL_AREA(#10718);
#10718 = FILL_AREA_STYLE('',(#10719));
#10719 = FILL_AREA_STYLE_COLOUR('',#9948);
#10720 = OVER_RIDING_STYLED_ITEM('overriding color',(#10721),#4451,#9932
  );
#10721 = PRESENTATION_STYLE_ASSIGNMENT((#10722));
#10722 = SURFACE_STYLE_USAGE(.BOTH.,#10723);
#10723 = SURFACE_SIDE_STYLE('',(#10724));
#10724 = SURFACE_STYLE_FILL_AREA(#10725);
#10725 = FILL_AREA_STYLE('',(#10726));
#10726 = FILL_AREA_STYLE_COLOUR('',#9948);
#10727 = OVER_RIDING_STYLED_ITEM('overriding color',(#10728),#4468,#9932
  );
#10728 = PRESENTATION_STYLE_ASSIGNMENT((#10729));
#10729 = SURFACE_STYLE_USAGE(.BOTH.,#10730);
#10730 = SURFACE_SIDE_STYLE('',(#10731));
#10731 = SURFACE_STYLE_FILL_AREA(#10732);
#10732 = FILL_AREA_STYLE('',(#10733));
#10733 = FILL_AREA_STYLE_COLOUR('',#9948);
#10734 = OVER_RIDING_STYLED_ITEM('overriding color',(#10735),#4485,#9932
  );
#10735 = PRESENTATION_STYLE_ASSIGNMENT((#10736));
#10736 = SURFACE_STYLE_USAGE(.BOTH.,#10737);
#10737 = SURFACE_SIDE_STYLE('',(#10738));
#10738 = SURFACE_STYLE_FILL_AREA(#10739);
#10739 = FILL_AREA_STYLE('',(#10740));
#10740 = FILL_AREA_STYLE_COLOUR('',#9948);
#10741 = OVER_RIDING_STYLED_ITEM('overriding color',(#10742),#4502,#9932
  );
#10742 = PRESENTATION_STYLE_ASSIGNMENT((#10743));
#10743 = SURFACE_STYLE_USAGE(.BOTH.,#10744);
#10744 = SURFACE_SIDE_STYLE('',(#10745));
#10745 = SURFACE_STYLE_FILL_AREA(#10746);
#10746 = FILL_AREA_STYLE('',(#10747));
#10747 = FILL_AREA_STYLE_COLOUR('',#9948);
#10748 = OVER_RIDING_STYLED_ITEM('overriding color',(#10749),#4519,#9932
  );
#10749 = PRESENTATION_STYLE_ASSIGNMENT((#10750));
#10750 = SURFACE_STYLE_USAGE(.BOTH.,#10751);
#10751 = SURFACE_SIDE_STYLE('',(#10752));
#10752 = SURFACE_STYLE_FILL_AREA(#10753);
#10753 = FILL_AREA_STYLE('',(#10754));
#10754 = FILL_AREA_STYLE_COLOUR('',#9948);
#10755 = OVER_RIDING_STYLED_ITEM('overriding color',(#10756),#4536,#9932
  );
#10756 = PRESENTATION_STYLE_ASSIGNMENT((#10757));
#10757 = SURFACE_STYLE_USAGE(.BOTH.,#10758);
#10758 = SURFACE_SIDE_STYLE('',(#10759));
#10759 = SURFACE_STYLE_FILL_AREA(#10760);
#10760 = FILL_AREA_STYLE('',(#10761));
#10761 = FILL_AREA_STYLE_COLOUR('',#9948);
#10762 = OVER_RIDING_STYLED_ITEM('overriding color',(#10763),#4553,#9932
  );
#10763 = PRESENTATION_STYLE_ASSIGNMENT((#10764));
#10764 = SURFACE_STYLE_USAGE(.BOTH.,#10765);
#10765 = SURFACE_SIDE_STYLE('',(#10766));
#10766 = SURFACE_STYLE_FILL_AREA(#10767);
#10767 = FILL_AREA_STYLE('',(#10768));
#10768 = FILL_AREA_STYLE_COLOUR('',#9948);
#10769 = OVER_RIDING_STYLED_ITEM('overriding color',(#10770),#4570,#9932
  );
#10770 = PRESENTATION_STYLE_ASSIGNMENT((#10771));
#10771 = SURFACE_STYLE_USAGE(.BOTH.,#10772);
#10772 = SURFACE_SIDE_STYLE('',(#10773));
#10773 = SURFACE_STYLE_FILL_AREA(#10774);
#10774 = FILL_AREA_STYLE('',(#10775));
#10775 = FILL_AREA_STYLE_COLOUR('',#9948);
#10776 = OVER_RIDING_STYLED_ITEM('overriding color',(#10777),#4582,#9932
  );
#10777 = PRESENTATION_STYLE_ASSIGNMENT((#10778));
#10778 = SURFACE_STYLE_USAGE(.BOTH.,#10779);
#10779 = SURFACE_SIDE_STYLE('',(#10780));
#10780 = SURFACE_STYLE_FILL_AREA(#10781);
#10781 = FILL_AREA_STYLE('',(#10782));
#10782 = FILL_AREA_STYLE_COLOUR('',#9948);
#10783 = OVER_RIDING_STYLED_ITEM('overriding color',(#10784),#4599,#9932
  );
#10784 = PRESENTATION_STYLE_ASSIGNMENT((#10785));
#10785 = SURFACE_STYLE_USAGE(.BOTH.,#10786);
#10786 = SURFACE_SIDE_STYLE('',(#10787));
#10787 = SURFACE_STYLE_FILL_AREA(#10788);
#10788 = FILL_AREA_STYLE('',(#10789));
#10789 = FILL_AREA_STYLE_COLOUR('',#9948);
#10790 = OVER_RIDING_STYLED_ITEM('overriding color',(#10791),#4616,#9932
  );
#10791 = PRESENTATION_STYLE_ASSIGNMENT((#10792));
#10792 = SURFACE_STYLE_USAGE(.BOTH.,#10793);
#10793 = SURFACE_SIDE_STYLE('',(#10794));
#10794 = SURFACE_STYLE_FILL_AREA(#10795);
#10795 = FILL_AREA_STYLE('',(#10796));
#10796 = FILL_AREA_STYLE_COLOUR('',#9948);
#10797 = OVER_RIDING_STYLED_ITEM('overriding color',(#10798),#4633,#9932
  );
#10798 = PRESENTATION_STYLE_ASSIGNMENT((#10799));
#10799 = SURFACE_STYLE_USAGE(.BOTH.,#10800);
#10800 = SURFACE_SIDE_STYLE('',(#10801));
#10801 = SURFACE_STYLE_FILL_AREA(#10802);
#10802 = FILL_AREA_STYLE('',(#10803));
#10803 = FILL_AREA_STYLE_COLOUR('',#9948);
#10804 = OVER_RIDING_STYLED_ITEM('overriding color',(#10805),#4650,#9932
  );
#10805 = PRESENTATION_STYLE_ASSIGNMENT((#10806));
#10806 = SURFACE_STYLE_USAGE(.BOTH.,#10807);
#10807 = SURFACE_SIDE_STYLE('',(#10808));
#10808 = SURFACE_STYLE_FILL_AREA(#10809);
#10809 = FILL_AREA_STYLE('',(#10810));
#10810 = FILL_AREA_STYLE_COLOUR('',#9948);
#10811 = OVER_RIDING_STYLED_ITEM('overriding color',(#10812),#4667,#9932
  );
#10812 = PRESENTATION_STYLE_ASSIGNMENT((#10813));
#10813 = SURFACE_STYLE_USAGE(.BOTH.,#10814);
#10814 = SURFACE_SIDE_STYLE('',(#10815));
#10815 = SURFACE_STYLE_FILL_AREA(#10816);
#10816 = FILL_AREA_STYLE('',(#10817));
#10817 = FILL_AREA_STYLE_COLOUR('',#9948);
#10818 = OVER_RIDING_STYLED_ITEM('overriding color',(#10819),#4684,#9932
  );
#10819 = PRESENTATION_STYLE_ASSIGNMENT((#10820));
#10820 = SURFACE_STYLE_USAGE(.BOTH.,#10821);
#10821 = SURFACE_SIDE_STYLE('',(#10822));
#10822 = SURFACE_STYLE_FILL_AREA(#10823);
#10823 = FILL_AREA_STYLE('',(#10824));
#10824 = FILL_AREA_STYLE_COLOUR('',#9948);
#10825 = OVER_RIDING_STYLED_ITEM('overriding color',(#10826),#4701,#9932
  );
#10826 = PRESENTATION_STYLE_ASSIGNMENT((#10827));
#10827 = SURFACE_STYLE_USAGE(.BOTH.,#10828);
#10828 = SURFACE_SIDE_STYLE('',(#10829));
#10829 = SURFACE_STYLE_FILL_AREA(#10830);
#10830 = FILL_AREA_STYLE('',(#10831));
#10831 = FILL_AREA_STYLE_COLOUR('',#9948);
#10832 = OVER_RIDING_STYLED_ITEM('overriding color',(#10833),#4713,#9932
  );
#10833 = PRESENTATION_STYLE_ASSIGNMENT((#10834));
#10834 = SURFACE_STYLE_USAGE(.BOTH.,#10835);
#10835 = SURFACE_SIDE_STYLE('',(#10836));
#10836 = SURFACE_STYLE_FILL_AREA(#10837);
#10837 = FILL_AREA_STYLE('',(#10838));
#10838 = FILL_AREA_STYLE_COLOUR('',#9948);
#10839 = OVER_RIDING_STYLED_ITEM('overriding color',(#10840),#4730,#9932
  );
#10840 = PRESENTATION_STYLE_ASSIGNMENT((#10841));
#10841 = SURFACE_STYLE_USAGE(.BOTH.,#10842);
#10842 = SURFACE_SIDE_STYLE('',(#10843));
#10843 = SURFACE_STYLE_FILL_AREA(#10844);
#10844 = FILL_AREA_STYLE('',(#10845));
#10845 = FILL_AREA_STYLE_COLOUR('',#9948);
#10846 = OVER_RIDING_STYLED_ITEM('overriding color',(#10847),#4747,#9932
  );
#10847 = PRESENTATION_STYLE_ASSIGNMENT((#10848));
#10848 = SURFACE_STYLE_USAGE(.BOTH.,#10849);
#10849 = SURFACE_SIDE_STYLE('',(#10850));
#10850 = SURFACE_STYLE_FILL_AREA(#10851);
#10851 = FILL_AREA_STYLE('',(#10852));
#10852 = FILL_AREA_STYLE_COLOUR('',#9948);
#10853 = OVER_RIDING_STYLED_ITEM('overriding color',(#10854),#4764,#9932
  );
#10854 = PRESENTATION_STYLE_ASSIGNMENT((#10855));
#10855 = SURFACE_STYLE_USAGE(.BOTH.,#10856);
#10856 = SURFACE_SIDE_STYLE('',(#10857));
#10857 = SURFACE_STYLE_FILL_AREA(#10858);
#10858 = FILL_AREA_STYLE('',(#10859));
#10859 = FILL_AREA_STYLE_COLOUR('',#9948);
#10860 = OVER_RIDING_STYLED_ITEM('overriding color',(#10861),#4781,#9932
  );
#10861 = PRESENTATION_STYLE_ASSIGNMENT((#10862));
#10862 = SURFACE_STYLE_USAGE(.BOTH.,#10863);
#10863 = SURFACE_SIDE_STYLE('',(#10864));
#10864 = SURFACE_STYLE_FILL_AREA(#10865);
#10865 = FILL_AREA_STYLE('',(#10866));
#10866 = FILL_AREA_STYLE_COLOUR('',#9948);
#10867 = OVER_RIDING_STYLED_ITEM('overriding color',(#10868),#4798,#9932
  );
#10868 = PRESENTATION_STYLE_ASSIGNMENT((#10869));
#10869 = SURFACE_STYLE_USAGE(.BOTH.,#10870);
#10870 = SURFACE_SIDE_STYLE('',(#10871));
#10871 = SURFACE_STYLE_FILL_AREA(#10872);
#10872 = FILL_AREA_STYLE('',(#10873));
#10873 = FILL_AREA_STYLE_COLOUR('',#9948);
#10874 = OVER_RIDING_STYLED_ITEM('overriding color',(#10875),#4815,#9932
  );
#10875 = PRESENTATION_STYLE_ASSIGNMENT((#10876));
#10876 = SURFACE_STYLE_USAGE(.BOTH.,#10877);
#10877 = SURFACE_SIDE_STYLE('',(#10878));
#10878 = SURFACE_STYLE_FILL_AREA(#10879);
#10879 = FILL_AREA_STYLE('',(#10880));
#10880 = FILL_AREA_STYLE_COLOUR('',#9948);
#10881 = OVER_RIDING_STYLED_ITEM('overriding color',(#10882),#4832,#9932
  );
#10882 = PRESENTATION_STYLE_ASSIGNMENT((#10883));
#10883 = SURFACE_STYLE_USAGE(.BOTH.,#10884);
#10884 = SURFACE_SIDE_STYLE('',(#10885));
#10885 = SURFACE_STYLE_FILL_AREA(#10886);
#10886 = FILL_AREA_STYLE('',(#10887));
#10887 = FILL_AREA_STYLE_COLOUR('',#9948);
#10888 = OVER_RIDING_STYLED_ITEM('overriding color',(#10889),#4844,#9932
  );
#10889 = PRESENTATION_STYLE_ASSIGNMENT((#10890));
#10890 = SURFACE_STYLE_USAGE(.BOTH.,#10891);
#10891 = SURFACE_SIDE_STYLE('',(#10892));
#10892 = SURFACE_STYLE_FILL_AREA(#10893);
#10893 = FILL_AREA_STYLE('',(#10894));
#10894 = FILL_AREA_STYLE_COLOUR('',#9948);
#10895 = OVER_RIDING_STYLED_ITEM('overriding color',(#10896),#4861,#9932
  );
#10896 = PRESENTATION_STYLE_ASSIGNMENT((#10897));
#10897 = SURFACE_STYLE_USAGE(.BOTH.,#10898);
#10898 = SURFACE_SIDE_STYLE('',(#10899));
#10899 = SURFACE_STYLE_FILL_AREA(#10900);
#10900 = FILL_AREA_STYLE('',(#10901));
#10901 = FILL_AREA_STYLE_COLOUR('',#9948);
#10902 = OVER_RIDING_STYLED_ITEM('overriding color',(#10903),#4878,#9932
  );
#10903 = PRESENTATION_STYLE_ASSIGNMENT((#10904));
#10904 = SURFACE_STYLE_USAGE(.BOTH.,#10905);
#10905 = SURFACE_SIDE_STYLE('',(#10906));
#10906 = SURFACE_STYLE_FILL_AREA(#10907);
#10907 = FILL_AREA_STYLE('',(#10908));
#10908 = FILL_AREA_STYLE_COLOUR('',#9948);
#10909 = OVER_RIDING_STYLED_ITEM('overriding color',(#10910),#4895,#9932
  );
#10910 = PRESENTATION_STYLE_ASSIGNMENT((#10911));
#10911 = SURFACE_STYLE_USAGE(.BOTH.,#10912);
#10912 = SURFACE_SIDE_STYLE('',(#10913));
#10913 = SURFACE_STYLE_FILL_AREA(#10914);
#10914 = FILL_AREA_STYLE('',(#10915));
#10915 = FILL_AREA_STYLE_COLOUR('',#9948);
#10916 = OVER_RIDING_STYLED_ITEM('overriding color',(#10917),#4912,#9932
  );
#10917 = PRESENTATION_STYLE_ASSIGNMENT((#10918));
#10918 = SURFACE_STYLE_USAGE(.BOTH.,#10919);
#10919 = SURFACE_SIDE_STYLE('',(#10920));
#10920 = SURFACE_STYLE_FILL_AREA(#10921);
#10921 = FILL_AREA_STYLE('',(#10922));
#10922 = FILL_AREA_STYLE_COLOUR('',#9948);
#10923 = OVER_RIDING_STYLED_ITEM('overriding color',(#10924),#4929,#9932
  );
#10924 = PRESENTATION_STYLE_ASSIGNMENT((#10925));
#10925 = SURFACE_STYLE_USAGE(.BOTH.,#10926);
#10926 = SURFACE_SIDE_STYLE('',(#10927));
#10927 = SURFACE_STYLE_FILL_AREA(#10928);
#10928 = FILL_AREA_STYLE('',(#10929));
#10929 = FILL_AREA_STYLE_COLOUR('',#9948);
#10930 = OVER_RIDING_STYLED_ITEM('overriding color',(#10931),#4946,#9932
  );
#10931 = PRESENTATION_STYLE_ASSIGNMENT((#10932));
#10932 = SURFACE_STYLE_USAGE(.BOTH.,#10933);
#10933 = SURFACE_SIDE_STYLE('',(#10934));
#10934 = SURFACE_STYLE_FILL_AREA(#10935);
#10935 = FILL_AREA_STYLE('',(#10936));
#10936 = FILL_AREA_STYLE_COLOUR('',#9948);
#10937 = OVER_RIDING_STYLED_ITEM('overriding color',(#10938),#4963,#9932
  );
#10938 = PRESENTATION_STYLE_ASSIGNMENT((#10939));
#10939 = SURFACE_STYLE_USAGE(.BOTH.,#10940);
#10940 = SURFACE_SIDE_STYLE('',(#10941));
#10941 = SURFACE_STYLE_FILL_AREA(#10942);
#10942 = FILL_AREA_STYLE('',(#10943));
#10943 = FILL_AREA_STYLE_COLOUR('',#9948);
#10944 = OVER_RIDING_STYLED_ITEM('overriding color',(#10945),#4975,#9932
  );
#10945 = PRESENTATION_STYLE_ASSIGNMENT((#10946));
#10946 = SURFACE_STYLE_USAGE(.BOTH.,#10947);
#10947 = SURFACE_SIDE_STYLE('',(#10948));
#10948 = SURFACE_STYLE_FILL_AREA(#10949);
#10949 = FILL_AREA_STYLE('',(#10950));
#10950 = FILL_AREA_STYLE_COLOUR('',#9984);
#10951 = OVER_RIDING_STYLED_ITEM('overriding color',(#10952),#4998,#9932
  );
#10952 = PRESENTATION_STYLE_ASSIGNMENT((#10953));
#10953 = SURFACE_STYLE_USAGE(.BOTH.,#10954);
#10954 = SURFACE_SIDE_STYLE('',(#10955));
#10955 = SURFACE_STYLE_FILL_AREA(#10956);
#10956 = FILL_AREA_STYLE('',(#10957));
#10957 = FILL_AREA_STYLE_COLOUR('',#9984);
#10958 = OVER_RIDING_STYLED_ITEM('overriding color',(#10959),#5014,#9932
  );
#10959 = PRESENTATION_STYLE_ASSIGNMENT((#10960));
#10960 = SURFACE_STYLE_USAGE(.BOTH.,#10961);
#10961 = SURFACE_SIDE_STYLE('',(#10962));
#10962 = SURFACE_STYLE_FILL_AREA(#10963);
#10963 = FILL_AREA_STYLE('',(#10964));
#10964 = FILL_AREA_STYLE_COLOUR('',#9984);
#10965 = OVER_RIDING_STYLED_ITEM('overriding color',(#10966),#5037,#9932
  );
#10966 = PRESENTATION_STYLE_ASSIGNMENT((#10967));
#10967 = SURFACE_STYLE_USAGE(.BOTH.,#10968);
#10968 = SURFACE_SIDE_STYLE('',(#10969));
#10969 = SURFACE_STYLE_FILL_AREA(#10970);
#10970 = FILL_AREA_STYLE('',(#10971));
#10971 = FILL_AREA_STYLE_COLOUR('',#9984);
#10972 = OVER_RIDING_STYLED_ITEM('overriding color',(#10973),#5172,#9932
  );
#10973 = PRESENTATION_STYLE_ASSIGNMENT((#10974));
#10974 = SURFACE_STYLE_USAGE(.BOTH.,#10975);
#10975 = SURFACE_SIDE_STYLE('',(#10976));
#10976 = SURFACE_STYLE_FILL_AREA(#10977);
#10977 = FILL_AREA_STYLE('',(#10978));
#10978 = FILL_AREA_STYLE_COLOUR('',#9984);
#10979 = OVER_RIDING_STYLED_ITEM('overriding color',(#10980),#5195,#9932
  );
#10980 = PRESENTATION_STYLE_ASSIGNMENT((#10981));
#10981 = SURFACE_STYLE_USAGE(.BOTH.,#10982);
#10982 = SURFACE_SIDE_STYLE('',(#10983));
#10983 = SURFACE_STYLE_FILL_AREA(#10984);
#10984 = FILL_AREA_STYLE('',(#10985));
#10985 = FILL_AREA_STYLE_COLOUR('',#9984);
#10986 = OVER_RIDING_STYLED_ITEM('overriding color',(#10987),#5212,#9932
  );
#10987 = PRESENTATION_STYLE_ASSIGNMENT((#10988));
#10988 = SURFACE_STYLE_USAGE(.BOTH.,#10989);
#10989 = SURFACE_SIDE_STYLE('',(#10990));
#10990 = SURFACE_STYLE_FILL_AREA(#10991);
#10991 = FILL_AREA_STYLE('',(#10992));
#10992 = FILL_AREA_STYLE_COLOUR('',#10993);
#10993 = COLOUR_RGB('',0.690196106937,0.662745111292,0.596078458879);
#10994 = OVER_RIDING_STYLED_ITEM('overriding color',(#10995),#5237,#9932
  );
#10995 = PRESENTATION_STYLE_ASSIGNMENT((#10996));
#10996 = SURFACE_STYLE_USAGE(.BOTH.,#10997);
#10997 = SURFACE_SIDE_STYLE('',(#10998));
#10998 = SURFACE_STYLE_FILL_AREA(#10999);
#10999 = FILL_AREA_STYLE('',(#11000));
#11000 = FILL_AREA_STYLE_COLOUR('',#9984);
#11001 = OVER_RIDING_STYLED_ITEM('overriding color',(#11002),#5253,#9932
  );
#11002 = PRESENTATION_STYLE_ASSIGNMENT((#11003));
#11003 = SURFACE_STYLE_USAGE(.BOTH.,#11004);
#11004 = SURFACE_SIDE_STYLE('',(#11005));
#11005 = SURFACE_STYLE_FILL_AREA(#11006);
#11006 = FILL_AREA_STYLE('',(#11007));
#11007 = FILL_AREA_STYLE_COLOUR('',#9984);
#11008 = OVER_RIDING_STYLED_ITEM('overriding color',(#11009),#5269,#9932
  );
#11009 = PRESENTATION_STYLE_ASSIGNMENT((#11010));
#11010 = SURFACE_STYLE_USAGE(.BOTH.,#11011);
#11011 = SURFACE_SIDE_STYLE('',(#11012));
#11012 = SURFACE_STYLE_FILL_AREA(#11013);
#11013 = FILL_AREA_STYLE('',(#11014));
#11014 = FILL_AREA_STYLE_COLOUR('',#9984);
#11015 = OVER_RIDING_STYLED_ITEM('overriding color',(#11016),#5286,#9932
  );
#11016 = PRESENTATION_STYLE_ASSIGNMENT((#11017));
#11017 = SURFACE_STYLE_USAGE(.BOTH.,#11018);
#11018 = SURFACE_SIDE_STYLE('',(#11019));
#11019 = SURFACE_STYLE_FILL_AREA(#11020);
#11020 = FILL_AREA_STYLE('',(#11021));
#11021 = FILL_AREA_STYLE_COLOUR('',#9948);
#11022 = OVER_RIDING_STYLED_ITEM('overriding color',(#11023),#5378,#9932
  );
#11023 = PRESENTATION_STYLE_ASSIGNMENT((#11024));
#11024 = SURFACE_STYLE_USAGE(.BOTH.,#11025);
#11025 = SURFACE_SIDE_STYLE('',(#11026));
#11026 = SURFACE_STYLE_FILL_AREA(#11027);
#11027 = FILL_AREA_STYLE('',(#11028));
#11028 = FILL_AREA_STYLE_COLOUR('',#9948);
#11029 = OVER_RIDING_STYLED_ITEM('overriding color',(#11030),#5470,#9932
  );
#11030 = PRESENTATION_STYLE_ASSIGNMENT((#11031));
#11031 = SURFACE_STYLE_USAGE(.BOTH.,#11032);
#11032 = SURFACE_SIDE_STYLE('',(#11033));
#11033 = SURFACE_STYLE_FILL_AREA(#11034);
#11034 = FILL_AREA_STYLE('',(#11035));
#11035 = FILL_AREA_STYLE_COLOUR('',#9984);
#11036 = OVER_RIDING_STYLED_ITEM('overriding color',(#11037),#5491,#9932
  );
#11037 = PRESENTATION_STYLE_ASSIGNMENT((#11038));
#11038 = SURFACE_STYLE_USAGE(.BOTH.,#11039);
#11039 = SURFACE_SIDE_STYLE('',(#11040));
#11040 = SURFACE_STYLE_FILL_AREA(#11041);
#11041 = FILL_AREA_STYLE('',(#11042));
#11042 = FILL_AREA_STYLE_COLOUR('',#9948);
#11043 = OVER_RIDING_STYLED_ITEM('overriding color',(#11044),#5516,#9932
  );
#11044 = PRESENTATION_STYLE_ASSIGNMENT((#11045));
#11045 = SURFACE_STYLE_USAGE(.BOTH.,#11046);
#11046 = SURFACE_SIDE_STYLE('',(#11047));
#11047 = SURFACE_STYLE_FILL_AREA(#11048);
#11048 = FILL_AREA_STYLE('',(#11049));
#11049 = FILL_AREA_STYLE_COLOUR('',#9948);
#11050 = OVER_RIDING_STYLED_ITEM('overriding color',(#11051),#5600,#9932
  );
#11051 = PRESENTATION_STYLE_ASSIGNMENT((#11052));
#11052 = SURFACE_STYLE_USAGE(.BOTH.,#11053);
#11053 = SURFACE_SIDE_STYLE('',(#11054));
#11054 = SURFACE_STYLE_FILL_AREA(#11055);
#11055 = FILL_AREA_STYLE('',(#11056));
#11056 = FILL_AREA_STYLE_COLOUR('',#9948);
#11057 = OVER_RIDING_STYLED_ITEM('overriding color',(#11058),#5692,#9932
  );
#11058 = PRESENTATION_STYLE_ASSIGNMENT((#11059));
#11059 = SURFACE_STYLE_USAGE(.BOTH.,#11060);
#11060 = SURFACE_SIDE_STYLE('',(#11061));
#11061 = SURFACE_STYLE_FILL_AREA(#11062);
#11062 = FILL_AREA_STYLE('',(#11063));
#11063 = FILL_AREA_STYLE_COLOUR('',#9948);
#11064 = OVER_RIDING_STYLED_ITEM('overriding color',(#11065),#5709,#9932
  );
#11065 = PRESENTATION_STYLE_ASSIGNMENT((#11066));
#11066 = SURFACE_STYLE_USAGE(.BOTH.,#11067);
#11067 = SURFACE_SIDE_STYLE('',(#11068));
#11068 = SURFACE_STYLE_FILL_AREA(#11069);
#11069 = FILL_AREA_STYLE('',(#11070));
#11070 = FILL_AREA_STYLE_COLOUR('',#9984);
#11071 = OVER_RIDING_STYLED_ITEM('overriding color',(#11072),#5731,#9932
  );
#11072 = PRESENTATION_STYLE_ASSIGNMENT((#11073));
#11073 = SURFACE_STYLE_USAGE(.BOTH.,#11074);
#11074 = SURFACE_SIDE_STYLE('',(#11075));
#11075 = SURFACE_STYLE_FILL_AREA(#11076);
#11076 = FILL_AREA_STYLE('',(#11077));
#11077 = FILL_AREA_STYLE_COLOUR('',#9948);
#11078 = OVER_RIDING_STYLED_ITEM('overriding color',(#11079),#5823,#9932
  );
#11079 = PRESENTATION_STYLE_ASSIGNMENT((#11080));
#11080 = SURFACE_STYLE_USAGE(.BOTH.,#11081);
#11081 = SURFACE_SIDE_STYLE('',(#11082));
#11082 = SURFACE_STYLE_FILL_AREA(#11083);
#11083 = FILL_AREA_STYLE('',(#11084));
#11084 = FILL_AREA_STYLE_COLOUR('',#9948);
#11085 = OVER_RIDING_STYLED_ITEM('overriding color',(#11086),#5915,#9932
  );
#11086 = PRESENTATION_STYLE_ASSIGNMENT((#11087));
#11087 = SURFACE_STYLE_USAGE(.BOTH.,#11088);
#11088 = SURFACE_SIDE_STYLE('',(#11089));
#11089 = SURFACE_STYLE_FILL_AREA(#11090);
#11090 = FILL_AREA_STYLE('',(#11091));
#11091 = FILL_AREA_STYLE_COLOUR('',#9984);
#11092 = OVER_RIDING_STYLED_ITEM('overriding color',(#11093),#5937,#9932
  );
#11093 = PRESENTATION_STYLE_ASSIGNMENT((#11094));
#11094 = SURFACE_STYLE_USAGE(.BOTH.,#11095);
#11095 = SURFACE_SIDE_STYLE('',(#11096));
#11096 = SURFACE_STYLE_FILL_AREA(#11097);
#11097 = FILL_AREA_STYLE('',(#11098));
#11098 = FILL_AREA_STYLE_COLOUR('',#9948);
#11099 = OVER_RIDING_STYLED_ITEM('overriding color',(#11100),#5962,#9932
  );
#11100 = PRESENTATION_STYLE_ASSIGNMENT((#11101));
#11101 = SURFACE_STYLE_USAGE(.BOTH.,#11102);
#11102 = SURFACE_SIDE_STYLE('',(#11103));
#11103 = SURFACE_STYLE_FILL_AREA(#11104);
#11104 = FILL_AREA_STYLE('',(#11105));
#11105 = FILL_AREA_STYLE_COLOUR('',#9948);
#11106 = OVER_RIDING_STYLED_ITEM('overriding color',(#11107),#6046,#9932
  );
#11107 = PRESENTATION_STYLE_ASSIGNMENT((#11108));
#11108 = SURFACE_STYLE_USAGE(.BOTH.,#11109);
#11109 = SURFACE_SIDE_STYLE('',(#11110));
#11110 = SURFACE_STYLE_FILL_AREA(#11111);
#11111 = FILL_AREA_STYLE('',(#11112));
#11112 = FILL_AREA_STYLE_COLOUR('',#9948);
#11113 = OVER_RIDING_STYLED_ITEM('overriding color',(#11114),#6138,#9932
  );
#11114 = PRESENTATION_STYLE_ASSIGNMENT((#11115));
#11115 = SURFACE_STYLE_USAGE(.BOTH.,#11116);
#11116 = SURFACE_SIDE_STYLE('',(#11117));
#11117 = SURFACE_STYLE_FILL_AREA(#11118);
#11118 = FILL_AREA_STYLE('',(#11119));
#11119 = FILL_AREA_STYLE_COLOUR('',#9948);
#11120 = OVER_RIDING_STYLED_ITEM('overriding color',(#11121),#6155,#9932
  );
#11121 = PRESENTATION_STYLE_ASSIGNMENT((#11122));
#11122 = SURFACE_STYLE_USAGE(.BOTH.,#11123);
#11123 = SURFACE_SIDE_STYLE('',(#11124));
#11124 = SURFACE_STYLE_FILL_AREA(#11125);
#11125 = FILL_AREA_STYLE('',(#11126));
#11126 = FILL_AREA_STYLE_COLOUR('',#9984);
#11127 = OVER_RIDING_STYLED_ITEM('overriding color',(#11128),#6177,#9932
  );
#11128 = PRESENTATION_STYLE_ASSIGNMENT((#11129));
#11129 = SURFACE_STYLE_USAGE(.BOTH.,#11130);
#11130 = SURFACE_SIDE_STYLE('',(#11131));
#11131 = SURFACE_STYLE_FILL_AREA(#11132);
#11132 = FILL_AREA_STYLE('',(#11133));
#11133 = FILL_AREA_STYLE_COLOUR('',#9948);
#11134 = OVER_RIDING_STYLED_ITEM('overriding color',(#11135),#6269,#9932
  );
#11135 = PRESENTATION_STYLE_ASSIGNMENT((#11136));
#11136 = SURFACE_STYLE_USAGE(.BOTH.,#11137);
#11137 = SURFACE_SIDE_STYLE('',(#11138));
#11138 = SURFACE_STYLE_FILL_AREA(#11139);
#11139 = FILL_AREA_STYLE('',(#11140));
#11140 = FILL_AREA_STYLE_COLOUR('',#9948);
#11141 = OVER_RIDING_STYLED_ITEM('overriding color',(#11142),#6361,#9932
  );
#11142 = PRESENTATION_STYLE_ASSIGNMENT((#11143));
#11143 = SURFACE_STYLE_USAGE(.BOTH.,#11144);
#11144 = SURFACE_SIDE_STYLE('',(#11145));
#11145 = SURFACE_STYLE_FILL_AREA(#11146);
#11146 = FILL_AREA_STYLE('',(#11147));
#11147 = FILL_AREA_STYLE_COLOUR('',#9984);
#11148 = OVER_RIDING_STYLED_ITEM('overriding color',(#11149),#6383,#9932
  );
#11149 = PRESENTATION_STYLE_ASSIGNMENT((#11150));
#11150 = SURFACE_STYLE_USAGE(.BOTH.,#11151);
#11151 = SURFACE_SIDE_STYLE('',(#11152));
#11152 = SURFACE_STYLE_FILL_AREA(#11153);
#11153 = FILL_AREA_STYLE('',(#11154));
#11154 = FILL_AREA_STYLE_COLOUR('',#9948);
#11155 = OVER_RIDING_STYLED_ITEM('overriding color',(#11156),#6408,#9932
  );
#11156 = PRESENTATION_STYLE_ASSIGNMENT((#11157));
#11157 = SURFACE_STYLE_USAGE(.BOTH.,#11158);
#11158 = SURFACE_SIDE_STYLE('',(#11159));
#11159 = SURFACE_STYLE_FILL_AREA(#11160);
#11160 = FILL_AREA_STYLE('',(#11161));
#11161 = FILL_AREA_STYLE_COLOUR('',#9948);
#11162 = OVER_RIDING_STYLED_ITEM('overriding color',(#11163),#6492,#9932
  );
#11163 = PRESENTATION_STYLE_ASSIGNMENT((#11164));
#11164 = SURFACE_STYLE_USAGE(.BOTH.,#11165);
#11165 = SURFACE_SIDE_STYLE('',(#11166));
#11166 = SURFACE_STYLE_FILL_AREA(#11167);
#11167 = FILL_AREA_STYLE('',(#11168));
#11168 = FILL_AREA_STYLE_COLOUR('',#9948);
#11169 = OVER_RIDING_STYLED_ITEM('overriding color',(#11170),#6584,#9932
  );
#11170 = PRESENTATION_STYLE_ASSIGNMENT((#11171));
#11171 = SURFACE_STYLE_USAGE(.BOTH.,#11172);
#11172 = SURFACE_SIDE_STYLE('',(#11173));
#11173 = SURFACE_STYLE_FILL_AREA(#11174);
#11174 = FILL_AREA_STYLE('',(#11175));
#11175 = FILL_AREA_STYLE_COLOUR('',#9948);
#11176 = OVER_RIDING_STYLED_ITEM('overriding color',(#11177),#6601,#9932
  );
#11177 = PRESENTATION_STYLE_ASSIGNMENT((#11178));
#11178 = SURFACE_STYLE_USAGE(.BOTH.,#11179);
#11179 = SURFACE_SIDE_STYLE('',(#11180));
#11180 = SURFACE_STYLE_FILL_AREA(#11181);
#11181 = FILL_AREA_STYLE('',(#11182));
#11182 = FILL_AREA_STYLE_COLOUR('',#9984);
#11183 = OVER_RIDING_STYLED_ITEM('overriding color',(#11184),#6623,#9932
  );
#11184 = PRESENTATION_STYLE_ASSIGNMENT((#11185));
#11185 = SURFACE_STYLE_USAGE(.BOTH.,#11186);
#11186 = SURFACE_SIDE_STYLE('',(#11187));
#11187 = SURFACE_STYLE_FILL_AREA(#11188);
#11188 = FILL_AREA_STYLE('',(#11189));
#11189 = FILL_AREA_STYLE_COLOUR('',#9948);
#11190 = OVER_RIDING_STYLED_ITEM('overriding color',(#11191),#6715,#9932
  );
#11191 = PRESENTATION_STYLE_ASSIGNMENT((#11192));
#11192 = SURFACE_STYLE_USAGE(.BOTH.,#11193);
#11193 = SURFACE_SIDE_STYLE('',(#11194));
#11194 = SURFACE_STYLE_FILL_AREA(#11195);
#11195 = FILL_AREA_STYLE('',(#11196));
#11196 = FILL_AREA_STYLE_COLOUR('',#9948);
#11197 = OVER_RIDING_STYLED_ITEM('overriding color',(#11198),#6807,#9932
  );
#11198 = PRESENTATION_STYLE_ASSIGNMENT((#11199));
#11199 = SURFACE_STYLE_USAGE(.BOTH.,#11200);
#11200 = SURFACE_SIDE_STYLE('',(#11201));
#11201 = SURFACE_STYLE_FILL_AREA(#11202);
#11202 = FILL_AREA_STYLE('',(#11203));
#11203 = FILL_AREA_STYLE_COLOUR('',#9984);
#11204 = OVER_RIDING_STYLED_ITEM('overriding color',(#11205),#6829,#9932
  );
#11205 = PRESENTATION_STYLE_ASSIGNMENT((#11206));
#11206 = SURFACE_STYLE_USAGE(.BOTH.,#11207);
#11207 = SURFACE_SIDE_STYLE('',(#11208));
#11208 = SURFACE_STYLE_FILL_AREA(#11209);
#11209 = FILL_AREA_STYLE('',(#11210));
#11210 = FILL_AREA_STYLE_COLOUR('',#9948);
#11211 = OVER_RIDING_STYLED_ITEM('overriding color',(#11212),#6846,#9932
  );
#11212 = PRESENTATION_STYLE_ASSIGNMENT((#11213));
#11213 = SURFACE_STYLE_USAGE(.BOTH.,#11214);
#11214 = SURFACE_SIDE_STYLE('',(#11215));
#11215 = SURFACE_STYLE_FILL_AREA(#11216);
#11216 = FILL_AREA_STYLE('',(#11217));
#11217 = FILL_AREA_STYLE_COLOUR('',#9984);
#11218 = OVER_RIDING_STYLED_ITEM('overriding color',(#11219),#6858,#9932
  );
#11219 = PRESENTATION_STYLE_ASSIGNMENT((#11220));
#11220 = SURFACE_STYLE_USAGE(.BOTH.,#11221);
#11221 = SURFACE_SIDE_STYLE('',(#11222));
#11222 = SURFACE_STYLE_FILL_AREA(#11223);
#11223 = FILL_AREA_STYLE('',(#11224));
#11224 = FILL_AREA_STYLE_COLOUR('',#9948);
#11225 = OVER_RIDING_STYLED_ITEM('overriding color',(#11226),#6877,#9932
  );
#11226 = PRESENTATION_STYLE_ASSIGNMENT((#11227));
#11227 = SURFACE_STYLE_USAGE(.BOTH.,#11228);
#11228 = SURFACE_SIDE_STYLE('',(#11229));
#11229 = SURFACE_STYLE_FILL_AREA(#11230);
#11230 = FILL_AREA_STYLE('',(#11231));
#11231 = FILL_AREA_STYLE_COLOUR('',#9948);
#11232 = OVER_RIDING_STYLED_ITEM('overriding color',(#11233),#6896,#9932
  );
#11233 = PRESENTATION_STYLE_ASSIGNMENT((#11234));
#11234 = SURFACE_STYLE_USAGE(.BOTH.,#11235);
#11235 = SURFACE_SIDE_STYLE('',(#11236));
#11236 = SURFACE_STYLE_FILL_AREA(#11237);
#11237 = FILL_AREA_STYLE('',(#11238));
#11238 = FILL_AREA_STYLE_COLOUR('',#9948);
#11239 = OVER_RIDING_STYLED_ITEM('overriding color',(#11240),#6915,#9932
  );
#11240 = PRESENTATION_STYLE_ASSIGNMENT((#11241));
#11241 = SURFACE_STYLE_USAGE(.BOTH.,#11242);
#11242 = SURFACE_SIDE_STYLE('',(#11243));
#11243 = SURFACE_STYLE_FILL_AREA(#11244);
#11244 = FILL_AREA_STYLE('',(#11245));
#11245 = FILL_AREA_STYLE_COLOUR('',#9948);
#11246 = OVER_RIDING_STYLED_ITEM('overriding color',(#11247),#6934,#9932
  );
#11247 = PRESENTATION_STYLE_ASSIGNMENT((#11248));
#11248 = SURFACE_STYLE_USAGE(.BOTH.,#11249);
#11249 = SURFACE_SIDE_STYLE('',(#11250));
#11250 = SURFACE_STYLE_FILL_AREA(#11251);
#11251 = FILL_AREA_STYLE('',(#11252));
#11252 = FILL_AREA_STYLE_COLOUR('',#9948);
#11253 = OVER_RIDING_STYLED_ITEM('overriding color',(#11254),#6953,#9932
  );
#11254 = PRESENTATION_STYLE_ASSIGNMENT((#11255));
#11255 = SURFACE_STYLE_USAGE(.BOTH.,#11256);
#11256 = SURFACE_SIDE_STYLE('',(#11257));
#11257 = SURFACE_STYLE_FILL_AREA(#11258);
#11258 = FILL_AREA_STYLE('',(#11259));
#11259 = FILL_AREA_STYLE_COLOUR('',#9948);
#11260 = OVER_RIDING_STYLED_ITEM('overriding color',(#11261),#6972,#9932
  );
#11261 = PRESENTATION_STYLE_ASSIGNMENT((#11262));
#11262 = SURFACE_STYLE_USAGE(.BOTH.,#11263);
#11263 = SURFACE_SIDE_STYLE('',(#11264));
#11264 = SURFACE_STYLE_FILL_AREA(#11265);
#11265 = FILL_AREA_STYLE('',(#11266));
#11266 = FILL_AREA_STYLE_COLOUR('',#9948);
#11267 = OVER_RIDING_STYLED_ITEM('overriding color',(#11268),#6991,#9932
  );
#11268 = PRESENTATION_STYLE_ASSIGNMENT((#11269));
#11269 = SURFACE_STYLE_USAGE(.BOTH.,#11270);
#11270 = SURFACE_SIDE_STYLE('',(#11271));
#11271 = SURFACE_STYLE_FILL_AREA(#11272);
#11272 = FILL_AREA_STYLE('',(#11273));
#11273 = FILL_AREA_STYLE_COLOUR('',#10993);
#11274 = OVER_RIDING_STYLED_ITEM('overriding color',(#11275),#7000,#9932
  );
#11275 = PRESENTATION_STYLE_ASSIGNMENT((#11276));
#11276 = SURFACE_STYLE_USAGE(.BOTH.,#11277);
#11277 = SURFACE_SIDE_STYLE('',(#11278));
#11278 = SURFACE_STYLE_FILL_AREA(#11279);
#11279 = FILL_AREA_STYLE('',(#11280));
#11280 = FILL_AREA_STYLE_COLOUR('',#9948);
#11281 = OVER_RIDING_STYLED_ITEM('overriding color',(#11282),#7017,#9932
  );
#11282 = PRESENTATION_STYLE_ASSIGNMENT((#11283));
#11283 = SURFACE_STYLE_USAGE(.BOTH.,#11284);
#11284 = SURFACE_SIDE_STYLE('',(#11285));
#11285 = SURFACE_STYLE_FILL_AREA(#11286);
#11286 = FILL_AREA_STYLE('',(#11287));
#11287 = FILL_AREA_STYLE_COLOUR('',#9948);
#11288 = OVER_RIDING_STYLED_ITEM('overriding color',(#11289),#7034,#9932
  );
#11289 = PRESENTATION_STYLE_ASSIGNMENT((#11290));
#11290 = SURFACE_STYLE_USAGE(.BOTH.,#11291);
#11291 = SURFACE_SIDE_STYLE('',(#11292));
#11292 = SURFACE_STYLE_FILL_AREA(#11293);
#11293 = FILL_AREA_STYLE('',(#11294));
#11294 = FILL_AREA_STYLE_COLOUR('',#9948);
#11295 = OVER_RIDING_STYLED_ITEM('overriding color',(#11296),#7051,#9932
  );
#11296 = PRESENTATION_STYLE_ASSIGNMENT((#11297));
#11297 = SURFACE_STYLE_USAGE(.BOTH.,#11298);
#11298 = SURFACE_SIDE_STYLE('',(#11299));
#11299 = SURFACE_STYLE_FILL_AREA(#11300);
#11300 = FILL_AREA_STYLE('',(#11301));
#11301 = FILL_AREA_STYLE_COLOUR('',#9948);
#11302 = OVER_RIDING_STYLED_ITEM('overriding color',(#11303),#7068,#9932
  );
#11303 = PRESENTATION_STYLE_ASSIGNMENT((#11304));
#11304 = SURFACE_STYLE_USAGE(.BOTH.,#11305);
#11305 = SURFACE_SIDE_STYLE('',(#11306));
#11306 = SURFACE_STYLE_FILL_AREA(#11307);
#11307 = FILL_AREA_STYLE('',(#11308));
#11308 = FILL_AREA_STYLE_COLOUR('',#9948);
#11309 = OVER_RIDING_STYLED_ITEM('overriding color',(#11310),#7085,#9932
  );
#11310 = PRESENTATION_STYLE_ASSIGNMENT((#11311));
#11311 = SURFACE_STYLE_USAGE(.BOTH.,#11312);
#11312 = SURFACE_SIDE_STYLE('',(#11313));
#11313 = SURFACE_STYLE_FILL_AREA(#11314);
#11314 = FILL_AREA_STYLE('',(#11315));
#11315 = FILL_AREA_STYLE_COLOUR('',#9948);
#11316 = OVER_RIDING_STYLED_ITEM('overriding color',(#11317),#7102,#9932
  );
#11317 = PRESENTATION_STYLE_ASSIGNMENT((#11318));
#11318 = SURFACE_STYLE_USAGE(.BOTH.,#11319);
#11319 = SURFACE_SIDE_STYLE('',(#11320));
#11320 = SURFACE_STYLE_FILL_AREA(#11321);
#11321 = FILL_AREA_STYLE('',(#11322));
#11322 = FILL_AREA_STYLE_COLOUR('',#9948);
#11323 = OVER_RIDING_STYLED_ITEM('overriding color',(#11324),#7119,#9932
  );
#11324 = PRESENTATION_STYLE_ASSIGNMENT((#11325));
#11325 = SURFACE_STYLE_USAGE(.BOTH.,#11326);
#11326 = SURFACE_SIDE_STYLE('',(#11327));
#11327 = SURFACE_STYLE_FILL_AREA(#11328);
#11328 = FILL_AREA_STYLE('',(#11329));
#11329 = FILL_AREA_STYLE_COLOUR('',#9948);
#11330 = OVER_RIDING_STYLED_ITEM('overriding color',(#11331),#7131,#9932
  );
#11331 = PRESENTATION_STYLE_ASSIGNMENT((#11332));
#11332 = SURFACE_STYLE_USAGE(.BOTH.,#11333);
#11333 = SURFACE_SIDE_STYLE('',(#11334));
#11334 = SURFACE_STYLE_FILL_AREA(#11335);
#11335 = FILL_AREA_STYLE('',(#11336));
#11336 = FILL_AREA_STYLE_COLOUR('',#9948);
#11337 = OVER_RIDING_STYLED_ITEM('overriding color',(#11338),#7148,#9932
  );
#11338 = PRESENTATION_STYLE_ASSIGNMENT((#11339));
#11339 = SURFACE_STYLE_USAGE(.BOTH.,#11340);
#11340 = SURFACE_SIDE_STYLE('',(#11341));
#11341 = SURFACE_STYLE_FILL_AREA(#11342);
#11342 = FILL_AREA_STYLE('',(#11343));
#11343 = FILL_AREA_STYLE_COLOUR('',#9948);
#11344 = OVER_RIDING_STYLED_ITEM('overriding color',(#11345),#7165,#9932
  );
#11345 = PRESENTATION_STYLE_ASSIGNMENT((#11346));
#11346 = SURFACE_STYLE_USAGE(.BOTH.,#11347);
#11347 = SURFACE_SIDE_STYLE('',(#11348));
#11348 = SURFACE_STYLE_FILL_AREA(#11349);
#11349 = FILL_AREA_STYLE('',(#11350));
#11350 = FILL_AREA_STYLE_COLOUR('',#9948);
#11351 = OVER_RIDING_STYLED_ITEM('overriding color',(#11352),#7182,#9932
  );
#11352 = PRESENTATION_STYLE_ASSIGNMENT((#11353));
#11353 = SURFACE_STYLE_USAGE(.BOTH.,#11354);
#11354 = SURFACE_SIDE_STYLE('',(#11355));
#11355 = SURFACE_STYLE_FILL_AREA(#11356);
#11356 = FILL_AREA_STYLE('',(#11357));
#11357 = FILL_AREA_STYLE_COLOUR('',#9948);
#11358 = OVER_RIDING_STYLED_ITEM('overriding color',(#11359),#7199,#9932
  );
#11359 = PRESENTATION_STYLE_ASSIGNMENT((#11360));
#11360 = SURFACE_STYLE_USAGE(.BOTH.,#11361);
#11361 = SURFACE_SIDE_STYLE('',(#11362));
#11362 = SURFACE_STYLE_FILL_AREA(#11363);
#11363 = FILL_AREA_STYLE('',(#11364));
#11364 = FILL_AREA_STYLE_COLOUR('',#9948);
#11365 = OVER_RIDING_STYLED_ITEM('overriding color',(#11366),#7216,#9932
  );
#11366 = PRESENTATION_STYLE_ASSIGNMENT((#11367));
#11367 = SURFACE_STYLE_USAGE(.BOTH.,#11368);
#11368 = SURFACE_SIDE_STYLE('',(#11369));
#11369 = SURFACE_STYLE_FILL_AREA(#11370);
#11370 = FILL_AREA_STYLE('',(#11371));
#11371 = FILL_AREA_STYLE_COLOUR('',#9948);
#11372 = OVER_RIDING_STYLED_ITEM('overriding color',(#11373),#7233,#9932
  );
#11373 = PRESENTATION_STYLE_ASSIGNMENT((#11374));
#11374 = SURFACE_STYLE_USAGE(.BOTH.,#11375);
#11375 = SURFACE_SIDE_STYLE('',(#11376));
#11376 = SURFACE_STYLE_FILL_AREA(#11377);
#11377 = FILL_AREA_STYLE('',(#11378));
#11378 = FILL_AREA_STYLE_COLOUR('',#9948);
#11379 = OVER_RIDING_STYLED_ITEM('overriding color',(#11380),#7250,#9932
  );
#11380 = PRESENTATION_STYLE_ASSIGNMENT((#11381));
#11381 = SURFACE_STYLE_USAGE(.BOTH.,#11382);
#11382 = SURFACE_SIDE_STYLE('',(#11383));
#11383 = SURFACE_STYLE_FILL_AREA(#11384);
#11384 = FILL_AREA_STYLE('',(#11385));
#11385 = FILL_AREA_STYLE_COLOUR('',#9948);
#11386 = OVER_RIDING_STYLED_ITEM('overriding color',(#11387),#7262,#9932
  );
#11387 = PRESENTATION_STYLE_ASSIGNMENT((#11388));
#11388 = SURFACE_STYLE_USAGE(.BOTH.,#11389);
#11389 = SURFACE_SIDE_STYLE('',(#11390));
#11390 = SURFACE_STYLE_FILL_AREA(#11391);
#11391 = FILL_AREA_STYLE('',(#11392));
#11392 = FILL_AREA_STYLE_COLOUR('',#9948);
#11393 = OVER_RIDING_STYLED_ITEM('overriding color',(#11394),#7279,#9932
  );
#11394 = PRESENTATION_STYLE_ASSIGNMENT((#11395));
#11395 = SURFACE_STYLE_USAGE(.BOTH.,#11396);
#11396 = SURFACE_SIDE_STYLE('',(#11397));
#11397 = SURFACE_STYLE_FILL_AREA(#11398);
#11398 = FILL_AREA_STYLE('',(#11399));
#11399 = FILL_AREA_STYLE_COLOUR('',#9948);
#11400 = OVER_RIDING_STYLED_ITEM('overriding color',(#11401),#7296,#9932
  );
#11401 = PRESENTATION_STYLE_ASSIGNMENT((#11402));
#11402 = SURFACE_STYLE_USAGE(.BOTH.,#11403);
#11403 = SURFACE_SIDE_STYLE('',(#11404));
#11404 = SURFACE_STYLE_FILL_AREA(#11405);
#11405 = FILL_AREA_STYLE('',(#11406));
#11406 = FILL_AREA_STYLE_COLOUR('',#9948);
#11407 = OVER_RIDING_STYLED_ITEM('overriding color',(#11408),#7313,#9932
  );
#11408 = PRESENTATION_STYLE_ASSIGNMENT((#11409));
#11409 = SURFACE_STYLE_USAGE(.BOTH.,#11410);
#11410 = SURFACE_SIDE_STYLE('',(#11411));
#11411 = SURFACE_STYLE_FILL_AREA(#11412);
#11412 = FILL_AREA_STYLE('',(#11413));
#11413 = FILL_AREA_STYLE_COLOUR('',#9948);
#11414 = OVER_RIDING_STYLED_ITEM('overriding color',(#11415),#7330,#9932
  );
#11415 = PRESENTATION_STYLE_ASSIGNMENT((#11416));
#11416 = SURFACE_STYLE_USAGE(.BOTH.,#11417);
#11417 = SURFACE_SIDE_STYLE('',(#11418));
#11418 = SURFACE_STYLE_FILL_AREA(#11419);
#11419 = FILL_AREA_STYLE('',(#11420));
#11420 = FILL_AREA_STYLE_COLOUR('',#9948);
#11421 = OVER_RIDING_STYLED_ITEM('overriding color',(#11422),#7347,#9932
  );
#11422 = PRESENTATION_STYLE_ASSIGNMENT((#11423));
#11423 = SURFACE_STYLE_USAGE(.BOTH.,#11424);
#11424 = SURFACE_SIDE_STYLE('',(#11425));
#11425 = SURFACE_STYLE_FILL_AREA(#11426);
#11426 = FILL_AREA_STYLE('',(#11427));
#11427 = FILL_AREA_STYLE_COLOUR('',#9948);
#11428 = OVER_RIDING_STYLED_ITEM('overriding color',(#11429),#7364,#9932
  );
#11429 = PRESENTATION_STYLE_ASSIGNMENT((#11430));
#11430 = SURFACE_STYLE_USAGE(.BOTH.,#11431);
#11431 = SURFACE_SIDE_STYLE('',(#11432));
#11432 = SURFACE_STYLE_FILL_AREA(#11433);
#11433 = FILL_AREA_STYLE('',(#11434));
#11434 = FILL_AREA_STYLE_COLOUR('',#9948);
#11435 = OVER_RIDING_STYLED_ITEM('overriding color',(#11436),#7381,#9932
  );
#11436 = PRESENTATION_STYLE_ASSIGNMENT((#11437));
#11437 = SURFACE_STYLE_USAGE(.BOTH.,#11438);
#11438 = SURFACE_SIDE_STYLE('',(#11439));
#11439 = SURFACE_STYLE_FILL_AREA(#11440);
#11440 = FILL_AREA_STYLE('',(#11441));
#11441 = FILL_AREA_STYLE_COLOUR('',#9948);
#11442 = OVER_RIDING_STYLED_ITEM('overriding color',(#11443),#7393,#9932
  );
#11443 = PRESENTATION_STYLE_ASSIGNMENT((#11444));
#11444 = SURFACE_STYLE_USAGE(.BOTH.,#11445);
#11445 = SURFACE_SIDE_STYLE('',(#11446));
#11446 = SURFACE_STYLE_FILL_AREA(#11447);
#11447 = FILL_AREA_STYLE('',(#11448));
#11448 = FILL_AREA_STYLE_COLOUR('',#9948);
#11449 = OVER_RIDING_STYLED_ITEM('overriding color',(#11450),#7410,#9932
  );
#11450 = PRESENTATION_STYLE_ASSIGNMENT((#11451));
#11451 = SURFACE_STYLE_USAGE(.BOTH.,#11452);
#11452 = SURFACE_SIDE_STYLE('',(#11453));
#11453 = SURFACE_STYLE_FILL_AREA(#11454);
#11454 = FILL_AREA_STYLE('',(#11455));
#11455 = FILL_AREA_STYLE_COLOUR('',#9948);
#11456 = OVER_RIDING_STYLED_ITEM('overriding color',(#11457),#7427,#9932
  );
#11457 = PRESENTATION_STYLE_ASSIGNMENT((#11458));
#11458 = SURFACE_STYLE_USAGE(.BOTH.,#11459);
#11459 = SURFACE_SIDE_STYLE('',(#11460));
#11460 = SURFACE_STYLE_FILL_AREA(#11461);
#11461 = FILL_AREA_STYLE('',(#11462));
#11462 = FILL_AREA_STYLE_COLOUR('',#9948);
#11463 = OVER_RIDING_STYLED_ITEM('overriding color',(#11464),#7444,#9932
  );
#11464 = PRESENTATION_STYLE_ASSIGNMENT((#11465));
#11465 = SURFACE_STYLE_USAGE(.BOTH.,#11466);
#11466 = SURFACE_SIDE_STYLE('',(#11467));
#11467 = SURFACE_STYLE_FILL_AREA(#11468);
#11468 = FILL_AREA_STYLE('',(#11469));
#11469 = FILL_AREA_STYLE_COLOUR('',#9948);
#11470 = OVER_RIDING_STYLED_ITEM('overriding color',(#11471),#7461,#9932
  );
#11471 = PRESENTATION_STYLE_ASSIGNMENT((#11472));
#11472 = SURFACE_STYLE_USAGE(.BOTH.,#11473);
#11473 = SURFACE_SIDE_STYLE('',(#11474));
#11474 = SURFACE_STYLE_FILL_AREA(#11475);
#11475 = FILL_AREA_STYLE('',(#11476));
#11476 = FILL_AREA_STYLE_COLOUR('',#9948);
#11477 = OVER_RIDING_STYLED_ITEM('overriding color',(#11478),#7478,#9932
  );
#11478 = PRESENTATION_STYLE_ASSIGNMENT((#11479));
#11479 = SURFACE_STYLE_USAGE(.BOTH.,#11480);
#11480 = SURFACE_SIDE_STYLE('',(#11481));
#11481 = SURFACE_STYLE_FILL_AREA(#11482);
#11482 = FILL_AREA_STYLE('',(#11483));
#11483 = FILL_AREA_STYLE_COLOUR('',#9948);
#11484 = OVER_RIDING_STYLED_ITEM('overriding color',(#11485),#7495,#9932
  );
#11485 = PRESENTATION_STYLE_ASSIGNMENT((#11486));
#11486 = SURFACE_STYLE_USAGE(.BOTH.,#11487);
#11487 = SURFACE_SIDE_STYLE('',(#11488));
#11488 = SURFACE_STYLE_FILL_AREA(#11489);
#11489 = FILL_AREA_STYLE('',(#11490));
#11490 = FILL_AREA_STYLE_COLOUR('',#9948);
#11491 = OVER_RIDING_STYLED_ITEM('overriding color',(#11492),#7512,#9932
  );
#11492 = PRESENTATION_STYLE_ASSIGNMENT((#11493));
#11493 = SURFACE_STYLE_USAGE(.BOTH.,#11494);
#11494 = SURFACE_SIDE_STYLE('',(#11495));
#11495 = SURFACE_STYLE_FILL_AREA(#11496);
#11496 = FILL_AREA_STYLE('',(#11497));
#11497 = FILL_AREA_STYLE_COLOUR('',#9948);
#11498 = OVER_RIDING_STYLED_ITEM('overriding color',(#11499),#7524,#9932
  );
#11499 = PRESENTATION_STYLE_ASSIGNMENT((#11500));
#11500 = SURFACE_STYLE_USAGE(.BOTH.,#11501);
#11501 = SURFACE_SIDE_STYLE('',(#11502));
#11502 = SURFACE_STYLE_FILL_AREA(#11503);
#11503 = FILL_AREA_STYLE('',(#11504));
#11504 = FILL_AREA_STYLE_COLOUR('',#9948);
#11505 = OVER_RIDING_STYLED_ITEM('overriding color',(#11506),#7541,#9932
  );
#11506 = PRESENTATION_STYLE_ASSIGNMENT((#11507));
#11507 = SURFACE_STYLE_USAGE(.BOTH.,#11508);
#11508 = SURFACE_SIDE_STYLE('',(#11509));
#11509 = SURFACE_STYLE_FILL_AREA(#11510);
#11510 = FILL_AREA_STYLE('',(#11511));
#11511 = FILL_AREA_STYLE_COLOUR('',#9948);
#11512 = OVER_RIDING_STYLED_ITEM('overriding color',(#11513),#7558,#9932
  );
#11513 = PRESENTATION_STYLE_ASSIGNMENT((#11514));
#11514 = SURFACE_STYLE_USAGE(.BOTH.,#11515);
#11515 = SURFACE_SIDE_STYLE('',(#11516));
#11516 = SURFACE_STYLE_FILL_AREA(#11517);
#11517 = FILL_AREA_STYLE('',(#11518));
#11518 = FILL_AREA_STYLE_COLOUR('',#9948);
#11519 = OVER_RIDING_STYLED_ITEM('overriding color',(#11520),#7575,#9932
  );
#11520 = PRESENTATION_STYLE_ASSIGNMENT((#11521));
#11521 = SURFACE_STYLE_USAGE(.BOTH.,#11522);
#11522 = SURFACE_SIDE_STYLE('',(#11523));
#11523 = SURFACE_STYLE_FILL_AREA(#11524);
#11524 = FILL_AREA_STYLE('',(#11525));
#11525 = FILL_AREA_STYLE_COLOUR('',#9948);
#11526 = OVER_RIDING_STYLED_ITEM('overriding color',(#11527),#7592,#9932
  );
#11527 = PRESENTATION_STYLE_ASSIGNMENT((#11528));
#11528 = SURFACE_STYLE_USAGE(.BOTH.,#11529);
#11529 = SURFACE_SIDE_STYLE('',(#11530));
#11530 = SURFACE_STYLE_FILL_AREA(#11531);
#11531 = FILL_AREA_STYLE('',(#11532));
#11532 = FILL_AREA_STYLE_COLOUR('',#9948);
#11533 = OVER_RIDING_STYLED_ITEM('overriding color',(#11534),#7609,#9932
  );
#11534 = PRESENTATION_STYLE_ASSIGNMENT((#11535));
#11535 = SURFACE_STYLE_USAGE(.BOTH.,#11536);
#11536 = SURFACE_SIDE_STYLE('',(#11537));
#11537 = SURFACE_STYLE_FILL_AREA(#11538);
#11538 = FILL_AREA_STYLE('',(#11539));
#11539 = FILL_AREA_STYLE_COLOUR('',#9948);
#11540 = OVER_RIDING_STYLED_ITEM('overriding color',(#11541),#7626,#9932
  );
#11541 = PRESENTATION_STYLE_ASSIGNMENT((#11542));
#11542 = SURFACE_STYLE_USAGE(.BOTH.,#11543);
#11543 = SURFACE_SIDE_STYLE('',(#11544));
#11544 = SURFACE_STYLE_FILL_AREA(#11545);
#11545 = FILL_AREA_STYLE('',(#11546));
#11546 = FILL_AREA_STYLE_COLOUR('',#9948);
#11547 = OVER_RIDING_STYLED_ITEM('overriding color',(#11548),#7643,#9932
  );
#11548 = PRESENTATION_STYLE_ASSIGNMENT((#11549));
#11549 = SURFACE_STYLE_USAGE(.BOTH.,#11550);
#11550 = SURFACE_SIDE_STYLE('',(#11551));
#11551 = SURFACE_STYLE_FILL_AREA(#11552);
#11552 = FILL_AREA_STYLE('',(#11553));
#11553 = FILL_AREA_STYLE_COLOUR('',#9948);
#11554 = OVER_RIDING_STYLED_ITEM('overriding color',(#11555),#7655,#9932
  );
#11555 = PRESENTATION_STYLE_ASSIGNMENT((#11556));
#11556 = SURFACE_STYLE_USAGE(.BOTH.,#11557);
#11557 = SURFACE_SIDE_STYLE('',(#11558));
#11558 = SURFACE_STYLE_FILL_AREA(#11559);
#11559 = FILL_AREA_STYLE('',(#11560));
#11560 = FILL_AREA_STYLE_COLOUR('',#9948);
#11561 = OVER_RIDING_STYLED_ITEM('overriding color',(#11562),#7672,#9932
  );
#11562 = PRESENTATION_STYLE_ASSIGNMENT((#11563));
#11563 = SURFACE_STYLE_USAGE(.BOTH.,#11564);
#11564 = SURFACE_SIDE_STYLE('',(#11565));
#11565 = SURFACE_STYLE_FILL_AREA(#11566);
#11566 = FILL_AREA_STYLE('',(#11567));
#11567 = FILL_AREA_STYLE_COLOUR('',#9948);
#11568 = OVER_RIDING_STYLED_ITEM('overriding color',(#11569),#7689,#9932
  );
#11569 = PRESENTATION_STYLE_ASSIGNMENT((#11570));
#11570 = SURFACE_STYLE_USAGE(.BOTH.,#11571);
#11571 = SURFACE_SIDE_STYLE('',(#11572));
#11572 = SURFACE_STYLE_FILL_AREA(#11573);
#11573 = FILL_AREA_STYLE('',(#11574));
#11574 = FILL_AREA_STYLE_COLOUR('',#9948);
#11575 = OVER_RIDING_STYLED_ITEM('overriding color',(#11576),#7706,#9932
  );
#11576 = PRESENTATION_STYLE_ASSIGNMENT((#11577));
#11577 = SURFACE_STYLE_USAGE(.BOTH.,#11578);
#11578 = SURFACE_SIDE_STYLE('',(#11579));
#11579 = SURFACE_STYLE_FILL_AREA(#11580);
#11580 = FILL_AREA_STYLE('',(#11581));
#11581 = FILL_AREA_STYLE_COLOUR('',#9948);
#11582 = OVER_RIDING_STYLED_ITEM('overriding color',(#11583),#7723,#9932
  );
#11583 = PRESENTATION_STYLE_ASSIGNMENT((#11584));
#11584 = SURFACE_STYLE_USAGE(.BOTH.,#11585);
#11585 = SURFACE_SIDE_STYLE('',(#11586));
#11586 = SURFACE_STYLE_FILL_AREA(#11587);
#11587 = FILL_AREA_STYLE('',(#11588));
#11588 = FILL_AREA_STYLE_COLOUR('',#9948);
#11589 = OVER_RIDING_STYLED_ITEM('overriding color',(#11590),#7740,#9932
  );
#11590 = PRESENTATION_STYLE_ASSIGNMENT((#11591));
#11591 = SURFACE_STYLE_USAGE(.BOTH.,#11592);
#11592 = SURFACE_SIDE_STYLE('',(#11593));
#11593 = SURFACE_STYLE_FILL_AREA(#11594);
#11594 = FILL_AREA_STYLE('',(#11595));
#11595 = FILL_AREA_STYLE_COLOUR('',#9948);
#11596 = OVER_RIDING_STYLED_ITEM('overriding color',(#11597),#7757,#9932
  );
#11597 = PRESENTATION_STYLE_ASSIGNMENT((#11598));
#11598 = SURFACE_STYLE_USAGE(.BOTH.,#11599);
#11599 = SURFACE_SIDE_STYLE('',(#11600));
#11600 = SURFACE_STYLE_FILL_AREA(#11601);
#11601 = FILL_AREA_STYLE('',(#11602));
#11602 = FILL_AREA_STYLE_COLOUR('',#9948);
#11603 = OVER_RIDING_STYLED_ITEM('overriding color',(#11604),#7774,#9932
  );
#11604 = PRESENTATION_STYLE_ASSIGNMENT((#11605));
#11605 = SURFACE_STYLE_USAGE(.BOTH.,#11606);
#11606 = SURFACE_SIDE_STYLE('',(#11607));
#11607 = SURFACE_STYLE_FILL_AREA(#11608);
#11608 = FILL_AREA_STYLE('',(#11609));
#11609 = FILL_AREA_STYLE_COLOUR('',#9948);
#11610 = OVER_RIDING_STYLED_ITEM('overriding color',(#11611),#7786,#9932
  );
#11611 = PRESENTATION_STYLE_ASSIGNMENT((#11612));
#11612 = SURFACE_STYLE_USAGE(.BOTH.,#11613);
#11613 = SURFACE_SIDE_STYLE('',(#11614));
#11614 = SURFACE_STYLE_FILL_AREA(#11615);
#11615 = FILL_AREA_STYLE('',(#11616));
#11616 = FILL_AREA_STYLE_COLOUR('',#9948);
#11617 = OVER_RIDING_STYLED_ITEM('overriding color',(#11618),#7803,#9932
  );
#11618 = PRESENTATION_STYLE_ASSIGNMENT((#11619));
#11619 = SURFACE_STYLE_USAGE(.BOTH.,#11620);
#11620 = SURFACE_SIDE_STYLE('',(#11621));
#11621 = SURFACE_STYLE_FILL_AREA(#11622);
#11622 = FILL_AREA_STYLE('',(#11623));
#11623 = FILL_AREA_STYLE_COLOUR('',#9948);
#11624 = OVER_RIDING_STYLED_ITEM('overriding color',(#11625),#7820,#9932
  );
#11625 = PRESENTATION_STYLE_ASSIGNMENT((#11626));
#11626 = SURFACE_STYLE_USAGE(.BOTH.,#11627);
#11627 = SURFACE_SIDE_STYLE('',(#11628));
#11628 = SURFACE_STYLE_FILL_AREA(#11629);
#11629 = FILL_AREA_STYLE('',(#11630));
#11630 = FILL_AREA_STYLE_COLOUR('',#9948);
#11631 = OVER_RIDING_STYLED_ITEM('overriding color',(#11632),#7837,#9932
  );
#11632 = PRESENTATION_STYLE_ASSIGNMENT((#11633));
#11633 = SURFACE_STYLE_USAGE(.BOTH.,#11634);
#11634 = SURFACE_SIDE_STYLE('',(#11635));
#11635 = SURFACE_STYLE_FILL_AREA(#11636);
#11636 = FILL_AREA_STYLE('',(#11637));
#11637 = FILL_AREA_STYLE_COLOUR('',#9948);
#11638 = OVER_RIDING_STYLED_ITEM('overriding color',(#11639),#7854,#9932
  );
#11639 = PRESENTATION_STYLE_ASSIGNMENT((#11640));
#11640 = SURFACE_STYLE_USAGE(.BOTH.,#11641);
#11641 = SURFACE_SIDE_STYLE('',(#11642));
#11642 = SURFACE_STYLE_FILL_AREA(#11643);
#11643 = FILL_AREA_STYLE('',(#11644));
#11644 = FILL_AREA_STYLE_COLOUR('',#9948);
#11645 = OVER_RIDING_STYLED_ITEM('overriding color',(#11646),#7871,#9932
  );
#11646 = PRESENTATION_STYLE_ASSIGNMENT((#11647));
#11647 = SURFACE_STYLE_USAGE(.BOTH.,#11648);
#11648 = SURFACE_SIDE_STYLE('',(#11649));
#11649 = SURFACE_STYLE_FILL_AREA(#11650);
#11650 = FILL_AREA_STYLE('',(#11651));
#11651 = FILL_AREA_STYLE_COLOUR('',#9948);
#11652 = OVER_RIDING_STYLED_ITEM('overriding color',(#11653),#7888,#9932
  );
#11653 = PRESENTATION_STYLE_ASSIGNMENT((#11654));
#11654 = SURFACE_STYLE_USAGE(.BOTH.,#11655);
#11655 = SURFACE_SIDE_STYLE('',(#11656));
#11656 = SURFACE_STYLE_FILL_AREA(#11657);
#11657 = FILL_AREA_STYLE('',(#11658));
#11658 = FILL_AREA_STYLE_COLOUR('',#9948);
#11659 = OVER_RIDING_STYLED_ITEM('overriding color',(#11660),#7905,#9932
  );
#11660 = PRESENTATION_STYLE_ASSIGNMENT((#11661));
#11661 = SURFACE_STYLE_USAGE(.BOTH.,#11662);
#11662 = SURFACE_SIDE_STYLE('',(#11663));
#11663 = SURFACE_STYLE_FILL_AREA(#11664);
#11664 = FILL_AREA_STYLE('',(#11665));
#11665 = FILL_AREA_STYLE_COLOUR('',#9948);
#11666 = MECHANICAL_DESIGN_GEOMETRIC_PRESENTATION_REPRESENTATION('',(
    #11667,#11676,#11683,#11690,#11697,#11704,#11711,#11718,#11725,
    #11733,#11740,#11747,#11754,#11761,#11768,#11776,#11783,#11790,
    #11797,#11804,#11811,#11818,#11825,#11832,#11839,#11846,#11853),
  #8777);
#11667 = STYLED_ITEM('color',(#11668),#7987);
#11668 = PRESENTATION_STYLE_ASSIGNMENT((#11669,#11674));
#11669 = SURFACE_STYLE_USAGE(.BOTH.,#11670);
#11670 = SURFACE_SIDE_STYLE('',(#11671));
#11671 = SURFACE_STYLE_FILL_AREA(#11672);
#11672 = FILL_AREA_STYLE('',(#11673));
#11673 = FILL_AREA_STYLE_COLOUR('',#9718);
#11674 = CURVE_STYLE('',#11675,POSITIVE_LENGTH_MEASURE(0.1),#9721);
#11675 = DRAUGHTING_PRE_DEFINED_CURVE_FONT('continuous');
#11676 = OVER_RIDING_STYLED_ITEM('overriding color',(#11677),#7989,
  #11667);
#11677 = PRESENTATION_STYLE_ASSIGNMENT((#11678));
#11678 = SURFACE_STYLE_USAGE(.BOTH.,#11679);
#11679 = SURFACE_SIDE_STYLE('',(#11680));
#11680 = SURFACE_STYLE_FILL_AREA(#11681);
#11681 = FILL_AREA_STYLE('',(#11682));
#11682 = FILL_AREA_STYLE_COLOUR('',#9729);
#11683 = OVER_RIDING_STYLED_ITEM('overriding color',(#11684),#8029,
  #11667);
#11684 = PRESENTATION_STYLE_ASSIGNMENT((#11685));
#11685 = SURFACE_STYLE_USAGE(.BOTH.,#11686);
#11686 = SURFACE_SIDE_STYLE('',(#11687));
#11687 = SURFACE_STYLE_FILL_AREA(#11688);
#11688 = FILL_AREA_STYLE('',(#11689));
#11689 = FILL_AREA_STYLE_COLOUR('',#9729);
#11690 = OVER_RIDING_STYLED_ITEM('overriding color',(#11691),#8112,
  #11667);
#11691 = PRESENTATION_STYLE_ASSIGNMENT((#11692));
#11692 = SURFACE_STYLE_USAGE(.BOTH.,#11693);
#11693 = SURFACE_SIDE_STYLE('',(#11694));
#11694 = SURFACE_STYLE_FILL_AREA(#11695);
#11695 = FILL_AREA_STYLE('',(#11696));
#11696 = FILL_AREA_STYLE_COLOUR('',#9729);
#11697 = OVER_RIDING_STYLED_ITEM('overriding color',(#11698),#8137,
  #11667);
#11698 = PRESENTATION_STYLE_ASSIGNMENT((#11699));
#11699 = SURFACE_STYLE_USAGE(.BOTH.,#11700);
#11700 = SURFACE_SIDE_STYLE('',(#11701));
#11701 = SURFACE_STYLE_FILL_AREA(#11702);
#11702 = FILL_AREA_STYLE('',(#11703));
#11703 = FILL_AREA_STYLE_COLOUR('',#9729);
#11704 = OVER_RIDING_STYLED_ITEM('overriding color',(#11705),#8162,
  #11667);
#11705 = PRESENTATION_STYLE_ASSIGNMENT((#11706));
#11706 = SURFACE_STYLE_USAGE(.BOTH.,#11707);
#11707 = SURFACE_SIDE_STYLE('',(#11708));
#11708 = SURFACE_STYLE_FILL_AREA(#11709);
#11709 = FILL_AREA_STYLE('',(#11710));
#11710 = FILL_AREA_STYLE_COLOUR('',#9729);
#11711 = OVER_RIDING_STYLED_ITEM('overriding color',(#11712),#8229,
  #11667);
#11712 = PRESENTATION_STYLE_ASSIGNMENT((#11713));
#11713 = SURFACE_STYLE_USAGE(.BOTH.,#11714);
#11714 = SURFACE_SIDE_STYLE('',(#11715));
#11715 = SURFACE_STYLE_FILL_AREA(#11716);
#11716 = FILL_AREA_STYLE('',(#11717));
#11717 = FILL_AREA_STYLE_COLOUR('',#9729);
#11718 = OVER_RIDING_STYLED_ITEM('overriding color',(#11719),#8246,
  #11667);
#11719 = PRESENTATION_STYLE_ASSIGNMENT((#11720));
#11720 = SURFACE_STYLE_USAGE(.BOTH.,#11721);
#11721 = SURFACE_SIDE_STYLE('',(#11722));
#11722 = SURFACE_STYLE_FILL_AREA(#11723);
#11723 = FILL_AREA_STYLE('',(#11724));
#11724 = FILL_AREA_STYLE_COLOUR('',#9729);
#11725 = OVER_RIDING_STYLED_ITEM('overriding color',(#11726),#8263,
  #11667);
#11726 = PRESENTATION_STYLE_ASSIGNMENT((#11727));
#11727 = SURFACE_STYLE_USAGE(.BOTH.,#11728);
#11728 = SURFACE_SIDE_STYLE('',(#11729));
#11729 = SURFACE_STYLE_FILL_AREA(#11730);
#11730 = FILL_AREA_STYLE('',(#11731));
#11731 = FILL_AREA_STYLE_COLOUR('',#11732);
#11732 = COLOUR_RGB('',0.894999966383,0.890999961016,0.813000030345);
#11733 = OVER_RIDING_STYLED_ITEM('overriding color',(#11734),#8312,
  #11667);
#11734 = PRESENTATION_STYLE_ASSIGNMENT((#11735));
#11735 = SURFACE_STYLE_USAGE(.BOTH.,#11736);
#11736 = SURFACE_SIDE_STYLE('',(#11737));
#11737 = SURFACE_STYLE_FILL_AREA(#11738);
#11738 = FILL_AREA_STYLE('',(#11739));
#11739 = FILL_AREA_STYLE_COLOUR('',#9729);
#11740 = OVER_RIDING_STYLED_ITEM('overriding color',(#11741),#8329,
  #11667);
#11741 = PRESENTATION_STYLE_ASSIGNMENT((#11742));
#11742 = SURFACE_STYLE_USAGE(.BOTH.,#11743);
#11743 = SURFACE_SIDE_STYLE('',(#11744));
#11744 = SURFACE_STYLE_FILL_AREA(#11745);
#11745 = FILL_AREA_STYLE('',(#11746));
#11746 = FILL_AREA_STYLE_COLOUR('',#9729);
#11747 = OVER_RIDING_STYLED_ITEM('overriding color',(#11748),#8346,
  #11667);
#11748 = PRESENTATION_STYLE_ASSIGNMENT((#11749));
#11749 = SURFACE_STYLE_USAGE(.BOTH.,#11750);
#11750 = SURFACE_SIDE_STYLE('',(#11751));
#11751 = SURFACE_STYLE_FILL_AREA(#11752);
#11752 = FILL_AREA_STYLE('',(#11753));
#11753 = FILL_AREA_STYLE_COLOUR('',#11732);
#11754 = OVER_RIDING_STYLED_ITEM('overriding color',(#11755),#8395,
  #11667);
#11755 = PRESENTATION_STYLE_ASSIGNMENT((#11756));
#11756 = SURFACE_STYLE_USAGE(.BOTH.,#11757);
#11757 = SURFACE_SIDE_STYLE('',(#11758));
#11758 = SURFACE_STYLE_FILL_AREA(#11759);
#11759 = FILL_AREA_STYLE('',(#11760));
#11760 = FILL_AREA_STYLE_COLOUR('',#11732);
#11761 = OVER_RIDING_STYLED_ITEM('overriding color',(#11762),#8412,
  #11667);
#11762 = PRESENTATION_STYLE_ASSIGNMENT((#11763));
#11763 = SURFACE_STYLE_USAGE(.BOTH.,#11764);
#11764 = SURFACE_SIDE_STYLE('',(#11765));
#11765 = SURFACE_STYLE_FILL_AREA(#11766);
#11766 = FILL_AREA_STYLE('',(#11767));
#11767 = FILL_AREA_STYLE_COLOUR('',#9729);
#11768 = OVER_RIDING_STYLED_ITEM('overriding color',(#11769),#8481,
  #11667);
#11769 = PRESENTATION_STYLE_ASSIGNMENT((#11770));
#11770 = SURFACE_STYLE_USAGE(.BOTH.,#11771);
#11771 = SURFACE_SIDE_STYLE('',(#11772));
#11772 = SURFACE_STYLE_FILL_AREA(#11773);
#11773 = FILL_AREA_STYLE('',(#11774));
#11774 = FILL_AREA_STYLE_COLOUR('',#11775);
#11775 = COLOUR_RGB('',8.200000279077E-02,8.600000121357E-02,
  9.399999706163E-02);
#11776 = OVER_RIDING_STYLED_ITEM('overriding color',(#11777),#8512,
  #11667);
#11777 = PRESENTATION_STYLE_ASSIGNMENT((#11778));
#11778 = SURFACE_STYLE_USAGE(.BOTH.,#11779);
#11779 = SURFACE_SIDE_STYLE('',(#11780));
#11780 = SURFACE_STYLE_FILL_AREA(#11781);
#11781 = FILL_AREA_STYLE('',(#11782));
#11782 = FILL_AREA_STYLE_COLOUR('',#11775);
#11783 = OVER_RIDING_STYLED_ITEM('overriding color',(#11784),#8536,
  #11667);
#11784 = PRESENTATION_STYLE_ASSIGNMENT((#11785));
#11785 = SURFACE_STYLE_USAGE(.BOTH.,#11786);
#11786 = SURFACE_SIDE_STYLE('',(#11787));
#11787 = SURFACE_STYLE_FILL_AREA(#11788);
#11788 = FILL_AREA_STYLE('',(#11789));
#11789 = FILL_AREA_STYLE_COLOUR('',#9729);
#11790 = OVER_RIDING_STYLED_ITEM('overriding color',(#11791),#8605,
  #11667);
#11791 = PRESENTATION_STYLE_ASSIGNMENT((#11792));
#11792 = SURFACE_STYLE_USAGE(.BOTH.,#11793);
#11793 = SURFACE_SIDE_STYLE('',(#11794));
#11794 = SURFACE_STYLE_FILL_AREA(#11795);
#11795 = FILL_AREA_STYLE('',(#11796));
#11796 = FILL_AREA_STYLE_COLOUR('',#11775);
#11797 = OVER_RIDING_STYLED_ITEM('overriding color',(#11798),#8629,
  #11667);
#11798 = PRESENTATION_STYLE_ASSIGNMENT((#11799));
#11799 = SURFACE_STYLE_USAGE(.BOTH.,#11800);
#11800 = SURFACE_SIDE_STYLE('',(#11801));
#11801 = SURFACE_STYLE_FILL_AREA(#11802);
#11802 = FILL_AREA_STYLE('',(#11803));
#11803 = FILL_AREA_STYLE_COLOUR('',#9729);
#11804 = OVER_RIDING_STYLED_ITEM('overriding color',(#11805),#8646,
  #11667);
#11805 = PRESENTATION_STYLE_ASSIGNMENT((#11806));
#11806 = SURFACE_STYLE_USAGE(.BOTH.,#11807);
#11807 = SURFACE_SIDE_STYLE('',(#11808));
#11808 = SURFACE_STYLE_FILL_AREA(#11809);
#11809 = FILL_AREA_STYLE('',(#11810));
#11810 = FILL_AREA_STYLE_COLOUR('',#9729);
#11811 = OVER_RIDING_STYLED_ITEM('overriding color',(#11812),#8663,
  #11667);
#11812 = PRESENTATION_STYLE_ASSIGNMENT((#11813));
#11813 = SURFACE_STYLE_USAGE(.BOTH.,#11814);
#11814 = SURFACE_SIDE_STYLE('',(#11815));
#11815 = SURFACE_STYLE_FILL_AREA(#11816);
#11816 = FILL_AREA_STYLE('',(#11817));
#11817 = FILL_AREA_STYLE_COLOUR('',#9729);
#11818 = OVER_RIDING_STYLED_ITEM('overriding color',(#11819),#8680,
  #11667);
#11819 = PRESENTATION_STYLE_ASSIGNMENT((#11820));
#11820 = SURFACE_STYLE_USAGE(.BOTH.,#11821);
#11821 = SURFACE_SIDE_STYLE('',(#11822));
#11822 = SURFACE_STYLE_FILL_AREA(#11823);
#11823 = FILL_AREA_STYLE('',(#11824));
#11824 = FILL_AREA_STYLE_COLOUR('',#9729);
#11825 = OVER_RIDING_STYLED_ITEM('overriding color',(#11826),#8697,
  #11667);
#11826 = PRESENTATION_STYLE_ASSIGNMENT((#11827));
#11827 = SURFACE_STYLE_USAGE(.BOTH.,#11828);
#11828 = SURFACE_SIDE_STYLE('',(#11829));
#11829 = SURFACE_STYLE_FILL_AREA(#11830);
#11830 = FILL_AREA_STYLE('',(#11831));
#11831 = FILL_AREA_STYLE_COLOUR('',#9729);
#11832 = OVER_RIDING_STYLED_ITEM('overriding color',(#11833),#8714,
  #11667);
#11833 = PRESENTATION_STYLE_ASSIGNMENT((#11834));
#11834 = SURFACE_STYLE_USAGE(.BOTH.,#11835);
#11835 = SURFACE_SIDE_STYLE('',(#11836));
#11836 = SURFACE_STYLE_FILL_AREA(#11837);
#11837 = FILL_AREA_STYLE('',(#11838));
#11838 = FILL_AREA_STYLE_COLOUR('',#9729);
#11839 = OVER_RIDING_STYLED_ITEM('overriding color',(#11840),#8731,
  #11667);
#11840 = PRESENTATION_STYLE_ASSIGNMENT((#11841));
#11841 = SURFACE_STYLE_USAGE(.BOTH.,#11842);
#11842 = SURFACE_SIDE_STYLE('',(#11843));
#11843 = SURFACE_STYLE_FILL_AREA(#11844);
#11844 = FILL_AREA_STYLE('',(#11845));
#11845 = FILL_AREA_STYLE_COLOUR('',#9729);
#11846 = OVER_RIDING_STYLED_ITEM('overriding color',(#11847),#8748,
  #11667);
#11847 = PRESENTATION_STYLE_ASSIGNMENT((#11848));
#11848 = SURFACE_STYLE_USAGE(.BOTH.,#11849);
#11849 = SURFACE_SIDE_STYLE('',(#11850));
#11850 = SURFACE_STYLE_FILL_AREA(#11851);
#11851 = FILL_AREA_STYLE('',(#11852));
#11852 = FILL_AREA_STYLE_COLOUR('',#11775);
#11853 = OVER_RIDING_STYLED_ITEM('overriding color',(#11854),#8765,
  #11667);
#11854 = PRESENTATION_STYLE_ASSIGNMENT((#11855));
#11855 = SURFACE_STYLE_USAGE(.BOTH.,#11856);
#11856 = SURFACE_SIDE_STYLE('',(#11857));
#11857 = SURFACE_STYLE_FILL_AREA(#11858);
#11858 = FILL_AREA_STYLE('',(#11859));
#11859 = FILL_AREA_STYLE_COLOUR('',#11775);
ENDSEC;
END-ISO-10303-21;
